FARINACEE,11.835334476843911
FLECHERAI,30.054030874785592
FLINGUERA,15.03859348198971
FLORENCEE,11.580617495711836
FRAISEURS,11.308747855917668
FOLIAIRES,6.3164665523156085
FOSSOIERA,22.556603773584907
FUSIONNER,13.072041166380789
FOURBATES,10.06861063464837
FREDONNAI,28.57718696397942
FOLIOTANT,18.16295025728988
FOUGASSES,19.669811320754718
FOETICIDE,16.75557461406518
FOCOMETRE,20.11320754716981
FAUTEUILS,9.129502572898799
FRONTEAUX,14.493996569468267
FARCIRONS,8.04459691252144
FEULERAIT,9.687821612349914
FISSIONNE,22.91680960548885
FADERIONS,11.53516295025729
FROLERONS,15.354202401372213
FREINEUSE,12.160377358490566
FRACASSER,18.10548885077187
FORCISSES,17.016295025728986
FEIGNIONS,20.63893653516295
FOUDROYES,26.040308747855917
FOMENTEES,13.947684391080617
FRAUDIONS,7.88336192109777
FRISOTEES,7.179245283018868
FRACASSAS,43.72041166380789
FOUILLONS,14.539451114922812
FILMERONT,13.50943396226415
FECULIONS,8.77958833619211
FENESTRAI,12.634648370497427
FIXASSIEZ,47.27530017152659
FARIGOULE,12.072041166380789
FENESTREE,20.073756432247
FRISAIENT,9.620068610634648
FOUDASSES,21.47427101200686
FERTILISA,10.38336192109777
FLUTERENT,10.236706689536879
FRISANTES,8.880789022298456
FREDONNES,15.676672384219554
FLAUPIONS,10.296740994854202
FRUSQUEES,20.349914236706688
FIXERIONS,19.40394511149228
FONDERIES,9.759005145797598
FREINERAS,10.221269296740996
FORMULAIT,10.224699828473414
FRETERAIT,18.550600343053173
FURFURALS,23.208404802744425
FRAUDASSE,20.379931389365353
FANTASMER,13.904802744425385
FISSURENT,10.30360205831904
FILMERENT,11.610634648370498
FROIDIMES,12.831903945111492
FLINGUIEZ,20.06861063464837
FILOCHENT,22.459691252144083
FIGURATIF,22.632075471698112
FASCINONS,17.237564322469982
FURETIONS,7.115780445969126
FINISSIEZ,39.004288164665525
FARTERONS,7.714408233276158
FLASHASSE,46.715265866209265
FANDANGOS,32.573756432246995
FUSILLERA,19.376500857632934
FRISOTTAI,14.069468267581476
FRANCIQUE,16.012006861063465
FAIBLIMES,12.989708404802744
FIABILISE,32.72555746140652
FERRERAIT,20.404802744425385
FALSIFIAT,17.99485420240137
FOISONNAS,21.582332761578044
FLUBERAIS,12.307032590051458
FONDERAIT,17.074614065180103
FUSELIONS,10.614065180102916
FOUETTAIT,28.909948542024015
FRAISAGES,14.147512864493997
FRAYERONT,18.491423670668954
FUSELERAS,14.499142367066895
FASCINEES,11.59433962264151
FERMERONS,13.44082332761578
FOURCHONS,22.753001715265867
FROTTERAI,20.193825042881645
FORGEABLE,18.352487135506003
FASCINAIT,16.313893653516296
FRITTASSE,14.520583190394511
FAUCONNAT,15.508576329331046
FARADIQUE,25.341337907375642
FRONDAMES,12.087478559176672
FLUXERAIT,15.630360205831904
FEINTAMES,8.608061749571183
FAUCHEURS,29.08147512864494
FRESSURES,18.0926243567753
FAILLATES,11.008576329331046
FORMALISA,12.475128644939966
FLEURIREZ,13.334476843910807
FRISOLEES,6.697255574614065
FUEGIENNE,30.243567753001717
FOULERAIT,10.19982847341338
FRELUQUET,17.897084048027445
FUSIONNAI,17.721269296740996
FACTORISA,10.65351629502573
FLIQUIONS,11.39451114922813
FOUISSONS,22.60891938250429
FICELASSE,15.774442538593481
FERMENTEZ,26.28130360205832
FLATTEUSE,13.95197255574614
FILIATION,17.850771869639793
FAUCHEUSE,32.93396226415094
FOURBITES,8.293310463121784
FOUDROYEE,26.374785591766724
FORJETANT,28.72041166380789
FRISONNER,14.876500857632934
FERMENTAT,17.05746140651801
FETERIONS,8.963979416809606
FURONCLES,8.508576329331046
FLEMMARDA,57.02915951972556
FILTRANTS,10.602915951972555
FRACTUREZ,13.84991423670669
FISSURONS,13.265866209262436
FEIGNASSE,15.844768439108062
FALUNERAS,11.016295025728988
FLAGEOLEZ,29.3704974271012
FOUDERONS,17.211835334476845
FURIBARDS,16.87392795883362
FIENTATES,10.160377358490566
FRITTATES,13.945111492281304
FORMATENT,19.91337907375643
FRINGANTS,13.976843910806174
FIDELISEZ,20.876500857632934
FANATISAT,19.50343053173242
FOLATRENT,15.04802744425386
FLAGELLER,31.38164665523156
FULMINANT,14.932246998284734
FAUSSATES,18.963979416809604
FLOTTEURS,12.19811320754717
FARINATES,7.528301886792453
FILIALITE,28.62607204116638
FIGURALES,9.238421955403087
FIERAIENT,10.15008576329331
FOURGUANT,17.623499142367066
FLOUSASSE,20.8147512864494
FOURBURES,19.70583190394511
FALUNASSE,13.620068610634648
FLIBUSTES,13.763293310463121
FLEURISSE,12.08147512864494
FARCIRAIS,13.809605488850773
FAUVETTES,12.64236706689537
FULMINAIS,11.55917667238422
FRAMBOISA,21.6295025728988
FORMELLES,11.728987993138936
FLOUERAIT,10.210120068610635
FADASSENT,24.668096054888508
FINALISAI,18.79845626072041
FRITAIENT,13.994854202401372
FLECHIRAS,15.743567753001715
FABRIQUAI,40.203259005145796
FOLATRAIT,12.927958833619211
FOUGEASSE,13.75385934819897
FRACTALES,9.042881646655232
FEIGNIMES,13.189536878216124
FERMETTES,20.7221269296741
FLOUSERAI,13.646655231560892
FLUTISTES,11.485420240137222
FENDAIENT,22.88507718696398
FORAMINES,8.970840480274443
FLANAIENT,14.521440823327616
FAVORISAI,20.42281303602058
FETICHONS,18.753001715265867
FAUSSEREZ,15.176672384219554
FOLIATION,16.19639794168096
FRETTERAI,20.880789022298455
FESSERAIT,13.607204116638078
FLIQUESSE,18.145797598627787
FRACTIONS,6.7066895368782165
FROUERAIT,11.99056603773585
FARDERONT,15.89622641509434
FAISAIENT,12.165523156089193
FLUXERIEZ,17.983704974271014
FESSERONT,13.11320754716981
FERMERAIT,17.59605488850772
FRIMERENT,12.216981132075471
FOMENTAIT,25.714408233276156
FIGURISME,21.423670668953687
FOCALISES,10.115780445969126
FORGEATES,7.740994854202401
FICELLENT,18.214408233276156
FICELAMES,11.584048027444254
FLUCTUANT,18.639794168096056
FLAGEOLET,14.352487135506003
FRICOTANT,12.388507718696397
FRUSQUANT,17.401372212692966
FRITTAGES,11.259862778730703
FEUTRAMES,8.65951972555746
FROIDITES,9.842195540308747
FRUCTANES,6.413379073756432
FAUCILLON,19.248713550600343
FORGERIES,10.769296740994854
FLUORITES,6.325042881646655
FACILITEE,8.79416809605489
FESTIVITE,32.421097770154375
FACETTAIT,52.548885077186966
FINASSONS,31.444253859348198
FROISSEES,12.132075471698114
FOUISSANT,8.845626072041167
FINANCERA,36.38164665523156
FRIDOLINS,9.861921097770155
FIXATIONS,14.986277873070327
FEMINISES,14.626072041166381
FRAPPEURS,30.96826758147513
FINANCONS,29.486277873070325
FORMATANT,17.71526586620926
FRINGUANT,13.878216123499142
FRANCISEZ,12.379073756432247
FATIGUAIT,24.19468267581475
FENETREES,15.812178387650086
FROLAIENT,8.110634648370498
FRAICHINS,15.11320754716981
FAISANDEE,12.782161234991424
FINASSAIT,18.08833619210978
FORLONGEE,15.888507718696397
FONGOIDES,20.772727272727273
FACONNAGE,37.50686106346484
FAINEANTA,27.238421955403087
FREQUENCE,26.42967409948542
FOURRASSE,12.870497427101201
FLUVIALES,15.556603773584905
FENUGRECS,12.073756432246999
FIEFFATES,22.46826758147513
FROTTEREZ,19.90566037735849
FRICASSER,12.979416809605489
FRIGIDITE,35.77958833619211
FILOCHAIS,20.313893653516296
FACONNENT,39.15265866209263
FORDISMES,17.536878216123498
FLECHITES,12.629502572898799
FOUDROYAS,26.721269296740996
FIGNOLAIS,11.719554030874786
FESTOYANT,32.099485420240136
FEEDBACKS,50.87907375643225
FROUSSONS,22.71869639794168
FACHERIEZ,26.002572898799315
FROUSSARD,19.31646655231561
FIGNOLENT,22.162092624356774
FUSILLADE,20.380789022298455
FORMULAIS,8.832761578044597
FRUSQUAIT,19.374785591766724
FORTIFIES,10.786449399656947
FULGURENT,20.785591766723844
FULIGULES,26.048885077186963
FORMATAIS,10.060034305317323
FOOTBALLS,25.808747855917666
FOUINERAS,8.033447684391081
FENDRIONS,21.072898799313894
FEUILLEES,13.223842195540309
FILOUTAIS,8.672384219554031
FOCALISEZ,13.132933104631217
FERRIERES,20.882504288164665
FANTOMALE,12.476843910806174
FOLKSONGS,41.8893653516295
FRISOTENT,13.85763293310463
FRISOTANT,10.819039451114923
FACONNAIT,22.438250428816467
FLUIDITES,9.636363636363637
FILTRAMES,8.336192109777015
FRICATIVE,18.935677530017152
FOURBIMES,11.043739279588337
FLUIDIFIA,40.64236706689537
FLUORIQUE,29.912521440823326
FAISEUSES,11.973413379073756
FELICITEE,13.30360205831904
FOUISSAGE,15.088336192109777
FRONCEREZ,18.132933104631217
FULGURITE,19.80531732418525
FAYOTIONS,14.89451114922813
FORTUNEES,5.484562607204117
FROMETONS,15.34991423670669
FOIRERENT,9.839622641509434
FASCINANT,18.614065180102916
FOLICHONS,21.153516295025728
FRENESIES,11.40566037735849
FACTURAIT,18.050600343053173
FLASHEUSE,20.04631217838765
FLUASSIEZ,16.941680960548887
FRICASSES,16.661234991423672
FRISOTTER,13.229845626072041
FOURRAGES,10.070325900514579
FLECHIREZ,24.703259005145796
FEMTOWATT,77.72298456260721
FILTRERAS,8.901372212692968
FRANCAISE,13.219554030874786
FOURBERAS,17.151801029159518
FOUGUEUSE,41.07632933104631
FURIBONDS,15.599485420240137
FLANQUERA,25.758147512864493
FORLONGER,24.32075471698113
FURIBARDE,21.228987993138936
FAILLIRAS,13.882504288164666
FOLIACEES,6.949399656946826
FILOCHANT,16.678387650085764
FAILLIMES,12.29073756432247
FENAISONS,20.626929674099486
FLOGNARDE,18.90222984562607
FURTIVITE,25.5
FOLIOTIEZ,19.813893653516296
FACHERAIT,29.72641509433962
FILETATES,10.09605488850772
FRETAIENT,11.184391080617496
FIBREUSES,11.84048027444254
FAIGNANTA,38.18010291595197
FRICOTENT,17.31132075471698
FARCISSEZ,19.26672384219554
FLAGORNES,8.331903945111492
FILIGRANE,14.864493996569468
FULLERENE,18.421097770154375
FRICOTAGE,11.9442538593482
FLASHAMES,24.965694682675814
FROISSENT,11.187821612349914
FRIPONNAS,15.513722126929673
FIGURAMES,11.891080617495712
FROTTEUSE,12.530874785591767
FORMALISE,11.012006861063465
FAXASSIEZ,44.51029159519726
FORNIQUES,9.438250428816467
FORMANTES,9.131217838765009
FLUIDISER,11.149228130360205
FLIBUSTAS,13.29245283018868
FACILITAS,10.809605488850773
FAISANDAT,21.944253859348198
FONDEUSES,10.919382504288164
FATIMIDES,13.515437392795883
FRINGUERA,17.642367066895368
FACTICITE,33.56861063464837
FOURGUAIT,19.351629502572898
FATIGANTS,17.180102915951974
FACETTANT,47.791595197255575
FREQUENTS,12.75557461406518
FRETTASSE,16.789879931389365
FRANGLAIS,10.704116638078903
FEMTOMOLE,32.7229845626072
FURETERAS,9.768439108061749
FRIPERIEZ,28.161234991423672
FAUNESQUE,17.87564322469983
FISSUREES,11.481132075471699
FETIDITES,16.80531732418525
FETASSIEZ,22.52058319039451
FREGATEES,12.466552315608919
FROUERENT,9.676672384219554
FLECHASSE,27.99485420240137
FEINTASSE,10.471698113207546
FLIRTAMES,7.240994854202401
FROMAGERE,20.802744425385935
FUGUAIENT,18.61835334476844
FILTREREZ,12.9073756432247
FORTICHES,11.259005145797598
FLUCTUENT,25.24442538593482
FLIPPERAS,24.951114922813037
FORMULANT,9.745283018867925
FRAUDEURS,22.39622641509434
FANTALISA,13.908233276157805
FERRAILLE,15.136363636363637
FOIRERIEZ,15.397084048027445
FOUTAISES,6.952830188679245
FORJETTES,14.319039451114923
FLAMBIONS,13.20754716981132
FLUXERENT,12.20926243567753
FORLANCEE,9.747855917667238
FANATISAI,17.745283018867923
FRITERAIT,19.518010291595196
FLEMMARDS,28.848198970840482
FICHERAIT,28.198970840480275
FOURGUENT,22.032590051457976
FRELATEES,9.015437392795883
FRISERAIT,13.788164665523157
FORGERENT,15.664665523156089
FORLONGEA,20.11492281303602
FLATTERAI,22.170668953687823
FLANOCHEZ,27.75728987993139
FRIVOLITE,15.534305317324185
FORLIGNAI,13.597770154373928
FOUILLANT,10.10205831903945
FOURVOYAT,34.09519725557461
FERTILITE,15.144082332761577
FOURRAGEA,14.765866209262436
FROUAIENT,7.341337907375643
FILTREUSE,9.467409948542024
FLEUREREZ,26.051457975986278
FLAMANDES,15.948542024013722
FUTURISME,20.37907375643225
FLECHATES,14.94253859348199
FLAMBOYAS,36.78216123499142
FEUTRERAS,9.543739279588337
FLORALIES,9.89622641509434
FORCIRAIT,12.29073756432247
FOURCHEES,11.903087478559177
FUSTIGEAI,17.67581475128645
FINANCAIT,27.840480274442537
FLAIRERAI,21.898799313893655
FAUTAIENT,12.093481989708405
FRONCERAS,12.85934819897084
FRUSQUENT,21.585763293310464
FRAISIONS,9.584048027444254
FLECHEREZ,50.286449399656945
FESSIERES,25.43138936535163
FRISONNES,13.51114922813036
FEUTRINES,5.545454545454546
FAILLERAS,15.355917667238423
FRIPERAIT,22.400514579759864
FARINAMES,10.178387650085764
FINASSEUR,15.692967409948542
FIDJIENNE,43.50686106346484
FRICTIONS,8.332761578044597
FLATTATES,19.467409948542024
FINALISME,14.539451114922812
FRITERONT,16.133790737564322
FLOUTAGES,8.663807890222985
FONCERIEZ,14.549742710120068
FARFADETS,21.761578044596913
FRETERONS,9.000857632933105
FOUFOUNES,29.601200686106345
FORDISTES,12.023156089193826
FORASSIEZ,17.608061749571185
FILATEURS,8.771012006861064
FIGEASSES,23.995711835334475
FLORICOLE,33.42367066895369
FRANCITES,7.341337907375643
FONTAINES,8.867066895368783
FLANELLES,16.668096054888508
FINASSAIS,28.967409948542024
FIEFFIONS,33.33876500857633
FLETRITES,9.44082332761578
FAIBLESSE,14.668953687821613
FINITUDES,11.378216123499142
FILMERAIT,16.954545454545453
FORKERIEZ,26.58662092624357
FIGURASSE,18.039451114922812
FRUCTOSES,9.204116638078903
FEUILLURE,28.660377358490567
FASCINIEZ,20.795025728987994
FIBRERAIS,21.053173241852488
FRUSTRIEZ,10.76500857632933
FONTANGES,14.225557461406519
FLAGELLES,23.878216123499143
FIEFFERAI,54.32675814751286
FORMALITE,10.084905660377359
FLAMBARTS,20.49828473413379
FILETAGES,9.508576329331046
FRITTEREZ,19.33704974271012
FORMOLEES,11.093481989708405
FLEURONNE,14.084048027444254
FRINGALES,8.002572898799315
FUSASSENT,24.193825042881645
FEROIENNE,18.034305317324186
FLOUTERAI,12.486277873070327
FECONDERA,30.06861063464837
FOURGUAIS,16.91509433962264
FLEURATES,7.694682675814751
FENDEUSES,18.92281303602058
FAGOTEREZ,15.571183533447684
FEODALITE,14.144082332761577
FRAPPANTE,34.65437392795884
FRIMERAIS,14.601200686106347
FIANCERAS,14.759005145797598
FLOCONNER,30.914236706689536
FOURGUIEZ,28.09777015437393
FECULEREZ,26.542024013722127
FAUTERONT,12.213550600343053
FUSIONNEZ,19.855060034305318
FUMIGEONS,14.980274442538594
FORMIATES,8.066037735849056
FENETRANT,28.456260720411663
FERRITINE,9.901372212692968
FRAGMENTS,14.0
FENETRERA,21.845626072041167
FOUGEROLE,17.6663807890223
FRANGEAIS,13.518010291595198
FRETILLAI,18.01286449399657
FRETTERAS,15.507718696397943
FOURCHURE,43.52401372212693
FRAUDERAS,18.006861063464836
FASCISONS,18.536020583190396
FAUCHETTE,22.92967409948542
FUGUERENT,19.78644939965695
FLOTTEREZ,15.84648370497427
FRIOULANE,6.995711835334477
FELIBRIGE,22.07975986277873
FUTILITES,11.37221269296741
FALARIQUE,21.22384219554031
FLOUSERAS,13.048885077186965
FICHASSES,35.8327615780446
FACTORAGE,15.60205831903945
FARNIENTE,10.510291595197256
FLANQUAIS,14.126929674099486
FLUBERONS,10.645797598627787
FOURRIERE,13.815608919382504
FLIBUSTEZ,18.506861063464836
FLOTTIONS,13.0
FREINERAI,17.844768439108062
FRANCISER,9.621783876500858
FEUTRIONS,6.4236706689536875
FLUTERAIS,7.002572898799314
FIDELISER,13.782161234991424
FOURCHIEZ,25.0188679245283
FAUCONNEZ,22.853344768439108
FRISETTES,10.51114922813036
FULMINONS,14.210977701543738
FLOCULERA,27.3147512864494
FLUCTUAIS,12.023156089193826
FERROUTAS,8.915094339622641
FLUIDISES,12.324185248713551
FRUCTIFIE,15.531732418524872
FAUSSAMES,23.843053173241852
FREINAGES,8.84048027444254
FLAUPERAS,20.858490566037737
FORMATEES,8.430531732418524
FEBRICULE,23.132933104631217
FONCEUSES,8.70926243567753
FLOUSIONS,12.48885077186964
FARDELLES,12.551457975986278
FRUGALITE,9.4631217838765
FATIGUONS,8.56861063464837
FOMENTENT,36.71783876500858
FAYOTERAI,25.75557461406518
FUSIFORME,20.302744425385935
FORGEAMES,10.739279588336192
FOUETTEUR,22.56861063464837
FILIGRANA,16.855060034305318
FABULAMES,16.180102915951974
FUSELLENT,16.727272727272727
FICHERONT,22.16466552315609
FRUSTRERA,16.852487135506003
FROUSSANT,9.054888507718696
FULMINEES,8.289022298456262
FLONFLONS,50.336192109777016
FLEURISTE,8.927958833619211
FUGITIVES,17.432246998284736
FLIBUSTAT,15.900514579759863
FLAMBARDS,30.398799313893655
FORMATIVE,18.825042881646656
FURIGANAS,9.649228130360205
FUSILIERE,10.892795883361922
FANTALISE,9.454545454545455
FASCISENT,13.753001715265865
FOUGEATES,7.778730703259005
FASTOCHES,17.90394511149228
FENETRONS,12.958833619210978
FELICITER,11.006861063464838
FRAPPIONS,17.00771869639794
FUITERAIS,8.939965694682677
FRAYERAIT,24.367066895368783
FETTUCINE,14.773584905660377
FURETASSE,11.10548885077187
FACETTERA,28.77015437392796
FARDELEES,10.393653516295025
FIDELISAT,13.96140651801029
FAUFILONS,9.513722126929673
FAUSSASSE,45.14922813036021
FARINACES,9.554888507718696
FAISANDES,16.7958833619211
FAUCHAMES,19.972555746140653
FIGNOLEUR,16.471698113207548
FLASHERAS,29.741852487135507
FIBRILLES,24.38679245283019
FARINERAI,19.08662092624357
FARTAIENT,12.753001715265865
FRAISIERS,12.795025728987993
FACHERONS,16.980274442538594
FORUMEURS,21.721269296740996
FRICATIFS,15.160377358490566
FAMILIAUX,26.80703259005146
FASEYIONS,17.40394511149228
FASEYERAS,29.23327615780446
FAUVISTES,13.693825042881647
FRONDEUSE,12.24271012006861
FUSERIONS,11.922813036020584
FORMIERES,10.412521440823328
FLANASSES,18.80017152658662
FLANOCHER,19.923670668953687
FREDONNER,24.2221269296741
FIGEMENTS,16.906518010291595
FOUDROYER,40.3336192109777
FRAISERAI,20.404802744425385
FLOTTILLE,34.03430531732418
FUCHSINES,17.82761578044597
FLAQUATES,14.324185248713551
FAILLIBLE,47.341337907375646
FUGUERONT,23.26672384219554
FOULERIEZ,10.210977701543738
FEMINAZIS,19.94253859348199
FINNOISES,16.660377358490567
FORTIFIAI,22.29073756432247
FLORENTIN,15.226415094339623
FUMAGINES,12.588336192109777
FUGACITES,10.818181818181818
FRITASSES,12.732418524871354
FRIPERIES,14.936535162950257
FOLIOTENT,24.21355060034305
FOURAILLA,15.201543739279588
FEULERONS,7.263293310463122
FOSSOYEUR,41.25385934819897
FACONNAIS,18.746140651801028
FULMINATE,11.251286449399657
FLECHETTE,47.20583190394511
FRELATENT,13.056603773584905
FROIDIRAS,12.880789022298456
FAIBLITES,9.904802744425385
FOCALISAI,12.89794168096055
FUCHSIENS,23.05746140651801
FIBRANNES,16.812178387650086
FOUISSAIS,17.91680960548885
FOUETTAIS,12.909090909090908
FLUOFIBRE,27.174957118353344
FICHERENT,19.724699828473412
FAUCHATES,16.269296740994854
FILANDRES,10.629502572898799
FORTIFIEE,10.558319039451115
FORCERAIT,14.987993138936535
FRISOTTAT,17.19468267581475
FERLERAIT,11.981989708404802
FOUGERAIS,12.423670668953688
FIGURERAI,26.45368782161235
FLATTERAS,16.682675814751285
FOURREREZ,22.912521440823326
FINITIONS,18.53001715265866
FAUCARDAI,26.59777015437393
FINASSANT,20.262435677530018
FILMERONS,10.725557461406519
FORMASSES,20.470840480274443
FUMASSIEZ,28.374785591766724
FANASSIEZ,24.504288164665525
FLATTASSE,20.560034305317323
FLOTTANTE,21.17238421955403
FLINGUEES,7.230703259005145
FIELLEUSE,28.628644939965696
FACHERIES,13.275300171526586
FIBROCYTE,35.483704974271014
FRETTAMES,13.123499142367066
FAIREPART,20.023156089193826
FOIRERAIT,13.89794168096055
FLASHEREZ,21.623499142367066
FERRERONS,16.253859348198972
FATIDIQUE,25.378216123499143
FRIMAIRES,10.417667238421956
FUSTIGERA,16.250428816466552
FORMULONS,13.899656946826758
FELDWEBEL,107.42795883361921
FRIGOLITE,12.818181818181818
FURETEREZ,22.24271012006861
FOURVOIES,17.248713550600343
FORMEUSES,9.36106346483705
FACTURERA,16.197255574614065
FLOQUERAS,16.762435677530018
FRITERIES,8.171526586620926
FACTORING,10.632075471698114
FLAQUEREZ,23.86449399656947
FLUXERONT,14.971698113207546
FOUILLEUR,25.51114922813036
FACTURIEZ,10.880789022298456
FAILLIONS,9.680960548885077
FATIGUERA,19.374785591766724
FLANEUSES,7.345626072041166
FAIBLISSE,20.018010291595196
FLAGEOLAT,23.43910806174957
FLANERONS,11.421097770154374
FACTURAIS,9.309605488850773
FRETILLES,9.299313893653517
FILEYEURS,15.239279588336192
FRAPPAGES,33.867924528301884
FAGOTIERS,8.95540308747856
FLATTAMES,14.66123499142367
FAYOTTAIS,23.804459691252145
FILIALISE,31.860205831903944
FLATULENT,19.31646655231561
FIBRATION,18.058319039451113
FENETRAIS,9.24442538593482
FILOCHAIT,22.478559176672384
FLOTTASSE,15.231560891938251
FOLIOTEUR,14.706689536878216
FLAGELLEE,45.17066895368782
FILMAIENT,13.884219554030874
FILLASSES,23.368782161234993
FOLLEMENT,17.993138936535164
FLIBUSTEE,9.728130360205832
FILLETTES,13.316466552315608
FRIPERONT,18.75728987993139
FRETERIEZ,21.689536878216124
FORMATION,20.58319039451115
FLIRTEUSE,8.430531732418524
FLAGRANTS,13.46140651801029
FORGERONS,23.4073756432247
FRICOTERA,14.390222984562607
FORGERAIT,18.189536878216124
FUISSIONS,17.59433962264151
FOUTRIONS,8.275300171526586
FUSIONNEL,12.085763293310464
FAVORISES,14.007718696397943
FILMASSES,19.96655231560892
FATIGUENT,17.39108061749571
FARDELAIS,12.760720411663808
FONDERONT,45.45283018867924
FUNBOARDS,14.129502572898799
FREDONNAT,23.7958833619211
FILETIONS,9.66123499142367
FOSSOYAIT,29.997427101200685
FORSYTHIA,22.46998284734134
FACTURIER,8.486277873070327
FOUAILLES,10.523156089193826
FASCISEES,18.08833619210978
FLIRTEURS,8.686106346483704
FARCIRENT,10.439108061749572
FETICHAIT,44.46740994854203
FROLASSES,14.920240137221269
FLOCULONS,20.769296740994854
FLAQUAMES,17.852487135506003
FUIRAIENT,9.351629502572898
FILLEULES,15.76672384219554
FOISONNES,22.791595197255575
FONCASSES,20.46483704974271
FICHERIEZ,33.367924528301884
FLUXASSES,23.81903945111492
FROTTAGES,12.03859348198971
FARDELAGE,18.778730703259004
FERMAIENT,10.675814751286449
FREMIRENT,12.108061749571183
FAYOTTIEZ,29.271012006861064
FORCAIENT,11.003430531732418
FRAGMENTE,15.714408233276158
FLUIDIQUE,50.86106346483705
FAVORABLE,42.54202401372213
FANATISEZ,14.091766723842195
FRANCISAS,11.739279588336192
FESSERENT,19.008576329331046
FRICOTAIT,15.950257289879932
FLEURAMES,9.476843910806174
FLAGELLEZ,51.632075471698116
FEINDRONS,17.265866209262434
FAYOTASSE,25.69811320754717
FLABELLES,29.00514579759863
FURETEUSE,22.81903945111492
FUSULINES,13.114065180102916
FROLERIEZ,14.09433962264151
FISSIBLES,33.74785591766724
FRIPONNER,25.955403087478558
FREDONNEZ,29.10034305317324
FIGUREREZ,22.239279588336192
FEINTEUSE,12.793310463121784
FLOUERONS,11.107204116638078
FALSETTOS,12.832761578044597
FUSILLONS,13.537735849056604
FUNERAIRE,11.434819897084049
FIGURANTE,13.660377358490566
FARINIERE,9.947684391080617
FINANCIER,27.040308747855917
FUSIONNES,13.585763293310464
FESTONNEE,18.350771869639793
FIBRERIEZ,29.691252144082334
FERLERONT,12.015437392795883
FEIGNISSE,18.47598627787307
FAXASSENT,29.139794168096056
FLOUTASSE,10.912521440823328
FALUNATES,7.887650085763293
FAIENCEES,11.713550600343053
FIXASSENT,22.722984562607206
FELINITES,7.507718696397942
FALUNIERE,8.227272727272727
FARCIRONT,9.307890222984563
FLEURERAS,11.141509433962264
FORCERIES,9.719554030874786
FICHANTES,15.169811320754716
FEUILLENT,11.584905660377359
FILOUTAGE,12.243567753001715
FARCISSES,17.642367066895368
FRIPONNES,17.00171526586621
FLOUERENT,7.9013722126929675
FENESTREZ,22.50514579759863
FORJETIEZ,18.067753001715264
FRONCATES,8.082332761578044
FLUCTUONS,11.235849056603774
FURETEURS,16.01114922813036
FLOCONNAS,20.067753001715264
FAUCARDEE,12.066037735849056
FUSILIERS,14.88507718696398
FRANCHISA,22.848198970840482
FIBRINEUX,38.307032590051456
FENDILLEE,28.262435677530018
FARANDOLE,17.91680960548885
FONGIQUES,14.649228130360205
FIEREMENT,16.932246998284736
FROISSERA,15.632933104631217
FOLATRAIS,6.812178387650086
FESTONNAI,18.39108061749571
FOISONNAT,19.716123499142366
FAYOTERAS,18.963121783876502
FLINGUEUR,23.98284734133791
FISCALITE,12.774442538593481
FUITERONT,13.554030874785592
FILOCHEES,13.60205831903945
FELOUQUES,18.769296740994854
FARINAGES,9.908233276157805
FACTRICES,12.013722126929673
FRAPPERAS,44.38507718696398
FINASSIER,16.780445969125214
FREINIONS,15.265866209262436
FREUDISME,14.423670668953688
FROUASSES,13.722984562607204
FLANOCHES,14.047169811320755
FOURBERAI,27.037735849056602
FROUERONS,13.614065180102916
FLAGORNAT,11.301029159519725
FILTRASSE,11.433104631217839
FLEURIMES,8.250428816466552
FAUTERONS,6.159519725557462
FREGATAIT,25.49656946826758
FETICHEES,22.345626072041167
FRANCHISE,18.821612349914236
FORKERONT,38.77272727272727
FOURBERIE,16.508576329331046
FADASSIEZ,37.74356775300171
FRAIERAIT,14.29416809605489
FAGOTIONS,11.668096054888508
FLAMMECHE,56.72041166380789
FAILLIREZ,19.21355060034305
FELICITAI,23.240137221269297
FESTONNES,14.014579759862778
FRUCTUEUX,53.3147512864494
FRISERONS,11.060034305317323
FARDELAIT,14.88336192109777
FELLATION,17.92967409948542
FERMETURE,21.584048027444254
FIGNOLIEZ,20.889365351629504
FINISSENT,24.556603773584907
FANTASMAS,22.815608919382505
FRACTURES,8.072898799313894
FLANCHONS,23.549742710120068
FLAGELLUM,63.69554030874786
FLOTTARDS,13.229845626072041
FLIPPEURS,24.90394511149228
FUSASSIEZ,35.99485420240137
FAGOTAMES,14.957118353344768
FLOTTATES,14.65351629502573
FLUTERONT,12.645797598627787
FACHERENT,18.656946826758148
FECULENCE,30.778730703259004
FROUSSERA,16.765866209262434
FLUERIONS,7.740137221269297
FONDERONS,35.189536878216124
FLANCHENT,31.821612349914236
FRAGRANTE,18.44082332761578
FONDERIEZ,17.441680960548887
FERRATIER,15.717838765008576
FONCERONS,29.1114922813036
FLAGORNEE,9.753001715265865
FONGIBLES,13.409090909090908
FORMATIFS,13.908233276157805
FISSURANT,9.018867924528301
FRACTILES,6.137221269296741
FARDERONS,12.915094339622641
FRIPONNAT,17.96655231560892
FAUFILURE,26.860205831903944
FUMASSENT,18.462264150943398
FASCINENT,19.115780445969126
FACTORISE,8.968267581475128
FLETRIRAI,13.424528301886792
FAUTRICES,6.259005145797599
FLORILEGE,18.738421955403087
FINASSERA,20.69468267581475
FUNAMBULE,45.308747855917666
FLIRTIONS,6.679245283018868
FAYOTTERA,38.90909090909091
FOURRERAI,26.63722126929674
FLAUPATES,13.934819897084049
FLAMBEURS,18.549742710120068
FEMINISEZ,18.976843910806174
FRIMAIENT,12.08147512864494
FIBRERONT,18.36449399656947
FOURNITES,5.535162950257289
FECULATES,8.342195540308747
FUTURISTE,22.123499142367066
FUMIGEANT,16.019725557461406
FAISANDER,14.458833619210978
FERROUTEZ,13.483704974271012
FAUCARDEZ,20.989708404802744
FILOSELLE,26.71698113207547
FLOCKBOOK,218.47084048027443
FANTASQUE,16.98542024013722
FAUBERAIT,16.878216123499143
FRISOTAIS,10.328473413379074
FOURNIERS,8.40394511149228
FONCTEURS,10.093481989708405
FLAGELLAI,58.55831903945111
FRIPONNAI,27.728987993138936
FOUAILLAT,12.166380789022298
FRANGEREZ,22.650943396226417
FILOUTONS,10.195540308747855
FINITISTE,24.63722126929674
FRETASSES,14.980274442538594
FORMATEUR,15.760720411663808
FORFICULE,20.7778730703259
FAUCONNER,16.437392795883362
FIDEISMES,24.94253859348199
FRISOTTEZ,16.21526586620926
FERLERONS,9.890222984562607
FLUTERIEZ,8.983704974271012
FIBRASSES,25.58490566037736
FOISONNEZ,33.921097770154375
FOURBIRAS,10.879931389365352
FREGATANT,24.817324185248715
FALUNEREZ,12.005145797598628
FRIPERENT,16.018010291595196
FETICHIEZ,37.050600343053176
FRAGRANTS,13.596912521440823
FRIPAIENT,15.723842195540309
FRACASSES,24.765866209262434
FERMERIEZ,38.4631217838765
FRAPPANTS,25.844768439108062
FINALISES,11.598627787307032
FOMENTONS,35.54030874785592
FOULERONT,15.304459691252145
FLUTAIENT,10.144939965694682
FREMIRAIT,16.915951972555746
FREINASSE,11.04631217838765
FACETTONS,16.236706689536877
FEUTREREZ,20.87392795883362
FOUINIONS,16.57975986277873
FLANCHIEZ,28.295025728987994
FAGOTERAI,20.39794168096055
FROISSAIT,11.264150943396226
FEINTERAI,12.921097770154374
FRICOTEUR,13.115780445969126
FRAUDATES,9.993996569468267
FRAISEREZ,15.217838765008576
FIDELITES,11.33704974271012
FLOTTABLE,33.83104631217839
FIBRERAIT,23.831046312178387
FEUILLONS,10.75385934819897
FARINEREZ,12.777873070325901
FEUILLAIS,15.302744425385935
FEINTERAS,8.1852487135506
FOSSOYIEZ,53.93653516295026
FILOVIRUS,14.11320754716981
FORLANCES,8.334476843910807
FILETERAI,14.807890222984563
FENESTRES,15.920240137221269
FREMIRONT,13.777015437392796
FORMAIENT,11.25728987993139
FLUBASSES,22.198970840480275
FOUILLAIT,12.9631217838765
FOURCHAIT,15.746998284734135
FRETTAGES,13.200686106346483
FRAISIERE,10.344768439108062
FROLERENT,10.746998284734135
FOURVOYAS,32.26500857632933
FORMOLERA,31.037735849056602
FORTUITES,7.051457975986278
FLUXERONS,11.628644939965694
FATALITES,10.864493996569468
FONDRIONS,27.29416809605489
FLIQUERAS,13.975128644939966
FAISANDAS,25.860205831903944
FOUDROYEZ,50.451114922813034
FRANCISTE,9.39451114922813
FORJETONS,22.055746140651802
FULMINENT,19.328473413379072
FUTAILLES,12.385934819897084
FLUORESCE,11.278730703259004
FOURREUSE,18.58833619210978
FRANCHIRA,29.952830188679247
FLUTERONS,6.454545454545454
FERLERENT,17.07975986277873
FORMOLONS,26.174957118353344
FLASHBACK,78.35934819897084
FEMINISME,25.385934819897084
FOCALISAS,11.428816466552316
FRAYERIEZ,25.51286449399657
FOURBIRAI,19.328473413379072
FEDERERAI,46.25300171526587
FIGERIONS,15.389365351629502
FROTTOIRS,18.782161234991424
FRIMERAIT,16.962264150943398
FERLAIENT,7.699828473413379
FREUDIENS,8.796740994854202
FACONNERA,37.17838765008576
FLOUAIENT,8.413379073756433
FOUISSAIT,10.725557461406519
FOLIOTEES,7.607204116638079
FRETILLAS,10.370497427101201
FRIOULANS,5.313036020583191
FRACASSEE,13.521440823327616
FLOUSAMES,11.607204116638078
FLECHIONS,16.465694682675814
FAUCONNES,11.578044596912521
FRUCTIDOR,13.778730703259004
FIENTAMES,9.323327615780446
FRISOTTAS,11.449399656946827
FOIRAIENT,10.41852487135506
FUNERALES,8.013722126929673
FIGUERIES,9.241852487135507
FROUSSAIS,14.864493996569468
FAYOTATES,20.950257289879932
FILETERAS,9.087478559176672
FLEURASSE,13.610634648370498
FRANCOLIN,16.50171526586621
FEUILLETA,15.718696397941681
FINISSAGE,20.91680960548885
FUSTIGENT,22.39965694682676
FACONNIER,19.24442538593482
FORCIRAIS,11.230703259005146
FOUTRALES,6.120926243567753
FELICITAS,10.139794168096055
FLOCULANT,14.433104631217839
FLOCULAIT,15.587478559176672
FISSURAIS,18.986277873070325
FOUAILLEE,12.381646655231561
FRICOTEES,6.496569468267581
FLICARDES,8.504288164665523
FILETASSE,11.806174957118353
FRINGUAIT,11.879073756432247
FURIBONDE,21.997427101200685
FORMULIEZ,15.269296740994854
FREGATERA,20.542024013722127
FROMAGEES,11.050600343053173
FORCIRENT,12.626929674099486
FECONDEES,21.997427101200685
FUITERENT,11.433962264150944
FLAMENCOS,12.670668953687821
FLOTTANTS,16.555746140651802
FORMOSANE,17.41080617495712
FINISSAIT,22.19811320754717
FRONTALES,6.4022298456260724
FLUORINES,5.9897084048027445
FLOQUATES,11.343053173241852
FASEYASSE,50.983704974271014
FABULERAI,27.150943396226417
FOOTEUSES,10.240137221269297
FOENERAIT,11.445111492281304
FROLERAIS,10.03859348198971
FLATTIONS,8.132933104631217
FAINEANTS,12.832761578044597
FORCERONS,20.18867924528302
FAYOTTONS,27.823327615780446
FOENERIEZ,16.839622641509433
FOLINGUES,8.186106346483704
FERLASSES,16.406518010291595
FESTIVALS,15.798456260720412
FASTFOODS,34.44596912521441
FLAMBAGES,25.483704974271014
FLAMBATES,18.345626072041167
FONDRIERE,14.692967409948542
FANTASMEE,11.739279588336192
FORJETAIS,13.68696397941681
FUSTIGEAT,20.959691252144083
FEULERIEZ,17.096912521440824
FECALOMES,13.048885077186965
FECONDIEZ,28.874785591766724
FOCACCIAS,32.367924528301884
FEMTOVOLT,63.38507718696398
FURFURACE,37.3893653516295
FLUIDISEZ,16.486277873070325
FIENTASSE,11.553173241852488
FROTTANTS,17.178387650085764
FABRICANT,17.31303602058319
FLICAILLE,39.04373927958834
FLIQUERAI,26.671526586620928
FERMEMENT,34.817324185248715
FECULAMES,10.224699828473414
FLABELLEE,53.56346483704974
FLOUTAMES,8.100343053173242
FOURRURES,19.797598627787306
FURETAGES,9.20754716981132
FAYOTAGES,19.22041166380789
FLIPPERAI,49.15008576329331
FACHERAIS,25.071183533447684
FOURCHAIS,14.183533447684392
FALSIFIEE,13.040308747855917
FOUDERAIS,12.738421955403087
FROTTERAS,15.077186963979416
FOULANTES,6.361921097770154
FREEMIUMS,17.59090909090909
FAUCARDAS,18.329331046312177
FANERIONS,11.96483704974271
FRACTURAI,14.958833619210978
FONDERAIS,13.915951972555746
FINISSANT,19.580617495711834
FABRIQUES,16.519725557461406
FRISERIEZ,16.89108061749571
FOMENTEUR,14.479416809605489
FIEFFASSE,42.04030874785592
FOMENTERA,18.076329331046313
FINALISTE,11.075471698113208
FAUFILENT,12.060891938250428
FREESHOPS,33.516295025728986
FRIQUASSE,17.065180102915953
FASCISERA,24.6852487135506
FLASHBALL,98.65351629502572
FASCISTES,19.89794168096055
FATIGANTE,23.77186963979417
FORCIRIEZ,18.338765008576328
FRIMERIEZ,21.98713550600343
FULMINIEZ,22.859348198970842
FRETTATES,16.37907375643225
FORMATERA,20.4073756432247
FOSSOIENT,18.447684391080617
FAUBERONS,10.319039451114923
FINALISEZ,14.704116638078903
FACILITAI,23.96483704974271
FLUOROSES,14.218696397941681
FAILLAMES,13.981989708404802
FLIPPEREZ,39.578902229845625
FLECHERAS,20.708404802744425
FREINEURS,9.184391080617496
FOULERAIS,8.414236706689536
FUGUERIEZ,27.921097770154375
FLUIDISEE,9.361921097770155
FROUSSENT,11.10205831903945
FONDAIENT,24.234133790737566
FORMERONS,22.036020583190396
FISTULISA,12.75557461406518
FIORITURE,11.851629502572898
FRISQUETS,15.753001715265865
FILOUTAIT,15.635506003430532
FLAMBOYAI,56.67495711835335
FUITASSES,13.060891938250428
FESTOYONS,30.724699828473412
FOLKEUSES,11.517152658662093
FIDELISEE,17.647512864493997
FORCERIEZ,17.887650085763294
FRIQUERAS,16.08662092624357
FUSELERAI,14.520583190394511
FULGURANT,18.062607204116638
FLANQUEES,10.22041166380789
FREINANTE,13.277015437392796
FIDELISES,15.339622641509434
FRUGIFERE,22.253859348198972
FINALISAT,9.75557461406518
FILIALISA,35.60891938250429
FAUFILAIT,16.230703259005146
FUMIGEAIS,19.740137221269297
FENDILLES,15.9073756432247
FECULENTS,9.760720411663808
FRONDEURS,14.237564322469982
FARDELIEZ,14.86106346483705
FAUSSAIRE,12.880789022298456
FROUSSIEZ,14.871355060034306
FLIQUASSE,18.451114922813037
FIENTEREZ,17.433962264150942
FORTIFIAT,17.665523156089193
FICELEREZ,27.19296740994854
FABULIONS,8.620926243567753
FINIRIONS,21.21355060034305
FOULASSES,13.781303602058319
FEUDISTES,13.122641509433961
FLAGRANCE,25.10720411663808
FIXATIVES,24.947684391080617
FOURVOYEZ,62.395368782161235
FUNICULES,12.362778730703258
FORKASSES,26.478559176672384
FOURNISSE,10.34648370497427
FICELERAI,21.250428816466552
FASTIGIEE,10.377358490566039
FOIRERONT,18.636363636363637
FILOUTIEZ,13.959691252144083
FLANOCHAI,25.95368782161235
FAISANDEZ,22.617495711835335
FOUTRERIE,8.331903945111492
FAUSSERAI,17.813893653516296
FRUITIERS,7.92967409948542
FLIBUSTAI,15.174957118353344
FACTORIEL,7.4459691252144085
FICELIONS,13.101200686106347
FAUSTIENS,7.497427101200686
FIDELISAS,19.656946826758148
FREGATAIS,13.380789022298456
FEULERAIS,8.20583190394511
FOUDROIES,14.399656946826758
FEINDRAIT,18.508576329331046
FOURBIREZ,16.69210977701544
FOMENTAIS,12.731560891938251
FIEFFAMES,31.365351629502573
FRUSTULES,13.558319039451115
FLORENCES,7.448542024013722
FLUXERAIS,13.217838765008576
FOULERIES,5.6415094339622645
FERMANTES,10.39794168096055
FUGUERONS,18.30017152658662
FEIGNANTA,28.91166380789022
FESTONNER,13.930531732418524
FEUTRERAI,12.965694682675815
FLINGUONS,12.98885077186964
FLUORISEZ,10.18867924528302
FRUSTRAIS,8.230703259005146
FOURCHETS,15.623499142367066
FRANCIENS,13.34819897084048
FIGURANTS,10.448542024013722
FESTOYAIS,18.99656946826758
FRANCISEE,7.908233276157804
FORAMINEE,10.417667238421956
FOUILLENT,12.980274442538594
FAISSELLE,15.049742710120068
FIBRERENT,15.812178387650086
FILOCHIEZ,39.94596912521441
FONGUEUSE,21.52572898799314
FAILLASSE,21.174957118353344
FRUSQUONS,22.05746140651801
FEUILLANT,11.89622641509434
FLANQUANT,21.269296740994854
FIENTIONS,15.437392795883362
FUSTIGIEZ,22.82246998284734
FRILOSITE,9.250428816466552
FEUTRANTE,12.9442538593482
FICELERAS,11.645797598627787
FAIGNANTE,24.133790737564322
FIANCEREZ,16.9811320754717
FEMINISTE,13.784734133790737
FOUGERIEZ,14.392795883361922
FRAMBOISE,18.79073756432247
FOUINATES,6.147512864493996
FLETRIMES,8.204116638078903
FERRARAIS,17.061749571183533
FORJETAIT,27.796740994854204
FEINTISES,9.626072041166381
FEDEREREZ,81.72298456260721
FLIPPATES,17.852487135506003
FILMIQUES,18.527444253859347
FONTANILI,14.150943396226415
FOUDAIENT,12.884219554030874
FOURGONNA,38.15094339622642
FLETRIREZ,11.352487135506003
FLUORURES,12.212692967409948
FELASSIEZ,20.016295025728986
FORGEAGES,13.422813036020584
FAUFILAIS,15.392795883361922
FINISSONS,32.20583190394511
FLAIRAMES,10.445969125214408
FLIPPANTE,25.655231560891938
FONDERENT,21.812178387650086
FLANOCHAT,19.258147512864493
FLAIRERAS,12.337907375643224
FLAMICHES,18.19468267581475
FRICASSEE,10.077186963979416
FILMEUSES,9.540308747855917
FAVORISEZ,17.674957118353344
FIGURISTE,15.878216123499142
FONTENIER,10.034305317324185
FASCINERA,18.91080617495712
FACADIERS,20.650943396226417
FREMIRAIS,15.060034305317323
FOUETTARD,21.645797598627787
FLANOCHAS,17.646655231560892
FLAUPAMES,17.5
FOUDERAIT,15.239279588336192
FLASHERAI,26.123499142367066
FERMIERES,18.642367066895368
FLAMBERAS,27.70154373927959
FUSIONNAS,13.280445969125214
FISTULINE,9.40394511149228
FLAQUASSE,28.69468267581475
FORLANCAS,9.192109777015437
FLASHEURS,19.351629502572898
FRICOTAIS,9.180960548885077
FAVORISAS,18.412521440823326
FLETRISSE,11.06861063464837
FORERIONS,14.55746140651801
FLAMBEAUX,56.92024013722127
FISSURAIT,12.070325900514579
FOURRERAS,16.954545454545453
FRIMERONS,11.596912521440823
FLANERAIS,10.247855917667238
FIGNOLANT,16.78473413379074
FAXERIONS,12.5557461406518
FRICASSAI,20.246140651801028
FEMORALES,10.686106346483704
FAUNESSES,11.136363636363637
FUMEROLES,10.702401372212693
FLAGORNAS,10.023156089193826
FRAUDEREZ,22.516295025728986
FLECHAGES,19.76843910806175
FREINAMES,8.648370497427102
FIGURABLE,27.06089193825043
FAGOTATES,16.87564322469983
FATIGUEES,8.013722126929673
FALSIFIER,16.015437392795885
FORCISSEZ,18.775300171526588
FRONDATES,9.459691252144083
FEMINISAT,13.132933104631217
FACHEUSES,16.526586620926242
FOMENTIEZ,17.831903945111492
FLANCHETS,17.219554030874786
FEINDRAIS,15.30360205831904
FLAGRANTE,18.91166380789022
FECONDAIT,23.981989708404804
FOULEUSES,10.892795883361922
FLAQUIONS,10.369639794168096
FICHERAIS,24.143224699828473
FASTUEUSE,17.142367066895368
FORMERIEZ,20.887650085763294
FORCIRONT,16.969125214408233
FANATIQUE,16.03001715265866
FAITIERES,6.774442538593482
FOURGUEES,12.957975986277873
FUGUERAIT,24.73327615780446
FAGOTASSE,20.887650085763294
FRAGILISE,13.996569468267582
FORLIGNAT,9.135506003430532
FEINTIONS,13.763293310463121
FLIPPANTS,19.725557461406517
FERRAILLA,20.552315608919383
FOURBEREZ,22.976843910806174
FARDOCHES,19.819897084048026
FEUTRIERS,7.734133790737564
FISSIONNA,22.376500857632934
FLIPPIONS,21.457118353344768
FRIPASSES,24.023156089193826
FEROCITES,7.4228130360205835
FROTTAMES,11.673241852487136
FEIGNITES,10.280445969125214
FAILLISSE,19.31303602058319
FRONDIONS,23.030874785591767
FISSURERA,14.45368782161235
FESTONNEZ,21.060034305317323
FORGEUSES,9.156946826758148
FRAGRANCE,22.98284734133791
FREDONNEE,25.161234991423672
FLAMBOIES,14.49056603773585
FULGURERA,32.96912521440823
FLOUSATES,9.518010291595198
FISSURIEZ,17.839622641509433
FEUTRATES,9.921955403087479
FONDATION,39.38765008576329
FIANCERAI,27.0926243567753
FECONDAIS,19.265008576329333
FOUILLEES,7.678387650085763
FACTOTUMS,15.09605488850772
FATRASIES,11.623499142367066
FENESTRER,17.373070325900514
FONCIERES,8.145797598627787
FRISOTAIT,14.024871355060034
FENDILLER,23.74442538593482
FAUCHIONS,11.254716981132075
FILTRIONS,7.677530017152659
FRAPPEUSE,27.60977701543739
FECULERAS,11.449399656946827
FERMENTES,13.658662092624358
FANFARONS,18.845626072041167
FILMERIEZ,20.459691252144083
FREQUENTA,16.957118353344768
FENDILLAT,20.661234991423672
FAILLERAI,29.17581475128645
FOLATRANT,13.254716981132075
FISCALISE,17.89451114922813
FEULAIENT,7.595197255574614
FABULEUSE,26.545454545454547
FLACHEUSE,24.165523156089193
FERRERAIS,17.499142367066895
FORCERONT,25.668953687821613
FACETTENT,34.33704974271012
FOURRAGEE,12.397084048027445
FESTOIERA,10.722984562607204
FORCEMENT,13.941680960548885
FRAISURES,8.585763293310464
FLATTEURS,11.506861063464838
FOLATRIEZ,9.784734133790737
FOLATRERA,12.711835334476843
FEDERERAS,30.71097770154374
FORASSENT,12.793310463121784
FAYOTAMES,18.217838765008576
FLIQUAMES,12.75385934819897
FABRIQUEZ,33.402229845626074
FOUTEUSES,10.186106346483704
FAMILIERE,12.675814751286449
FEUTRANTS,11.120926243567753
FUXEENNES,27.94253859348199
FRAICHIRA,36.04974271012007
FLACHERIE,20.19468267581475
FESTONNAT,29.132933104631217
FLANERIES,6.490566037735849
FULGURONS,15.19639794168096
FESSASSES,62.5377358490566
FLUORISES,7.985420240137222
FEMININES,16.528301886792452
FACHAIENT,24.342195540308747
FALCONIDE,16.156946826758148
FOUINEUSE,13.542024013722127
FEERIQUES,18.00943396226415
FLECHAMES,19.30703259005146
FORCERENT,13.525728987993139
FASCISIEZ,26.454545454545453
FEUILLAGE,20.17924528301887
FETICHENT,33.05231560891938
FOIRERONS,14.732418524871354
FABRIQUEE,19.409948542024015
FUMIGENES,12.412521440823328
FLORIFERE,16.632933104631217
FRUCTIFIA,14.003430531732418
FERMASSES,24.791595197255575
FOENERAIS,9.536020583190394
FACTITIFS,25.82075471698113
FRAYASSES,33.63807890222984
FABRIQUAT,22.89965694682676
FILATURES,7.023156089193825
FINISSEUR,18.83704974271012
FRANCISAT,8.927958833619211
FALOURDES,8.282161234991424
FOURCHENT,20.3336192109777
FERREUSES,14.141509433962264
FUSELAMES,14.178387650085764
FLOCONNAI,31.02572898799314
FARLOUSES,7.826758147512865
FUSAROLLE,20.660377358490567
FOSSOYEES,40.48713550600343
FONGICIDE,30.098627787307034
FECULENTE,16.260720411663808
FRACTUREE,8.29245283018868
FAUCHASSE,33.26157804459691
FORMERETS,11.183533447684392
FOCALISER,9.10205831903945
FEMTOOHMS,54.5377358490566
FOUETTIEZ,15.628644939965694
FARDERAIS,17.348198970840482
FENDISSES,25.6852487135506
FINANCIEZ,39.82761578044597
FOUGERAIT,14.74442538593482
FERRASSES,19.901372212692966
FUMIGEAIT,21.2041166380789
FORLANCAT,10.534305317324185
FLINGUENT,17.759005145797598
FOURVOYER,50.22126929674099
FLEXIBLES,32.85677530017153
FAISCEAUX,25.425385934819897
FULMINAIT,13.125214408233276
FORTIFIEZ,19.566037735849058
FRISSONNE,17.265866209262434
FIGNOLAIT,13.717838765008576
FOLATRONS,10.25728987993139
FLAUPERAI,30.437392795883362
FELERIONS,8.215265866209263
FROTTEURS,14.141509433962264
FACILITER,11.071183533447684
FORCASSES,17.88507718696398
FILOUTEES,5.88336192109777
FRIPONNEE,17.2778730703259
FRINGUONS,13.478559176672384
FOURAILLE,13.954545454545455
FRELUCHES,13.619210977701544
FLAGELLAT,42.55917667238422
FILASSENT,12.243567753001715
FOLLETTES,12.456260720411663
FLUBERONT,13.545454545454545
FOUILLERA,17.576329331046313
FRONDASSE,16.762435677530018
FAUCONNAI,19.895368782161235
FIGURERAS,13.880789022298456
FRINGUIEZ,19.191252144082334
FESSERIEZ,26.563464837049743
FRAYERONS,14.780445969125214
FLAMBEUSE,25.00171526586621
FRUSQUIEZ,29.47770154373928
FOENERONT,25.18696397941681
FOURBASSE,19.22384219554031
FORKERENT,19.478559176672384
FILANZANE,23.170668953687823
FRAYAIENT,14.786449399656947
FEUILLETS,11.27958833619211
FANGEUSES,9.93138936535163
FRITTAMES,11.052315608919383
FLUIDISAI,19.451114922813037
FLEURIRAI,15.855060034305318
FOUILLAIS,12.177530017152659
FIGNOLAGE,21.484562607204115
FAIGNANTS,17.330188679245282
FICHISTES,28.47598627787307
FARIBOLES,8.48885077186964
FURETATES,9.68696397941681
FECULIERE,16.885934819897084
FILOUTENT,14.935677530017152
FABULERAS,19.016295025728986
FISCALISA,20.450257289879932
FUITAIENT,14.783876500857632
FORMOSANS,17.75557461406518
FORMOLAIT,15.967409948542024
FABULASSE,26.10720411663808
FRAYERENT,16.32075471698113
FILETEREZ,19.22984562607204
FOURBIONS,14.629502572898799
FOURNEAUX,27.41680960548885
FRUSTRANT,11.819897084048028
FALUNIONS,8.049742710120068
FRONTISME,9.15180102915952
FECONDANT,38.74957118353345
FRAGILITE,12.90566037735849
FANTASMES,14.818181818181818
FRIPIERES,15.968267581475128
FACILITEZ,15.130360205831904
FISSURALE,10.149228130360205
FEINTATES,9.706689536878216
FLUORISEE,6.413379073756432
FOUINASSE,10.193825042881647
FRELATONS,7.9245283018867925
FLEURITES,6.567753001715266
FOLIOTONS,16.68696397941681
FURETERAI,13.81132075471698
FOLIOTAGE,17.275300171526588
FROIDEURS,13.304459691252145
FILERIONS,11.043739279588337
FUSTIBALE,13.582332761578044
FENDILLAI,36.54373927958834
FATIGUAIS,14.593481989708405
FACONNONS,42.59348198970841
FAUFILAGE,26.252144082332762
FEUILLERA,18.78130360205832
FOENAIENT,15.470840480274443
FUSELASSE,23.165523156089193
FRACASSEZ,26.126929674099486
FACTURONS,6.536878216123499
FLUCTUERA,21.59605488850772
FRINGANTE,18.408233276157805
FAUNIQUES,15.036020583190394
FLAGORNAI,14.156089193825043
FASCISMES,26.237564322469982
FESTOYEES,21.214408233276156
FLUXMETRE,19.80703259005146
FORTRAITE,13.10205831903945
FARDELONS,9.79416809605489
FERROUTAI,12.477701543739279
FLANQUONS,17.277015437392794
FAYOTTANT,44.92195540308748
FLAIRIONS,7.391938250428816
FANCYFAIR,50.289879931389365
FAIBLARDE,24.102915951972555
FETICHAIS,24.539451114922812
FESTOYIEZ,22.05746140651801
FORLIGNER,12.921955403087479
FLAIREUSE,9.899656946826758
FOENASSES,16.43910806174957
FAUVERIES,8.75557461406518
FRAUDERAI,27.12435677530017
FRIPERAIS,19.659519725557463
FOUGERAIE,14.697255574614065
FLUCTUAIT,22.621783876500857
FLOUTATES,8.84648370497427
FOURNIRAI,10.891938250428817
FORLIGNAS,8.108061749571183
FEMINISER,12.692109777015437
FUSINISTE,15.265866209262436
FLOCONNAT,23.036878216123498
FERRETIER,22.186106346483704
FIGEAIENT,15.156946826758148
FOURCHERA,32.03259005145797
FRANCIUMS,9.178387650085764
FLIRTEREZ,12.615780445969126
FRIMASSES,18.825042881646656
FOUGERONS,16.636363636363637
FACONNEES,14.938250428816467
FLOTTERAI,17.09090909090909
FUSELATES,11.183533447684392
FOUINARDE,10.79416809605489
FUSILLAIT,16.930531732418526
FRISERENT,9.874785591766724
FAGNARDES,15.524013722126929
FIEVREUSE,26.82418524871355
FROUSSAIT,9.536020583190394
FORESTAGE,11.702401372212693
FALSIFIAS,22.01715265866209
FLOUASSES,14.218696397941681
FOURCHUES,22.42795883361921
FOULAIENT,8.756432246998285
FLOQUAMES,14.367066895368783
FLIPPASSE,34.36363636363637
FAUCHERAI,34.235849056603776
FRAUDEUSE,20.481989708404804
FLANCHERA,38.03516295025729
FINANCEES,16.449399656946827
FASCISANT,14.61492281303602
FRANGEAIT,15.681818181818182
FUSILLEES,12.735849056603774
FORMOLANT,16.26672384219554
FOURVOYEE,31.734133790737566
FARTERONT,15.691252144082332
FLAUPASSE,28.141509433962263
FABRIQUAS,21.89622641509434
FILARIOSE,12.46483704974271
FRAPPAMES,32.72469982847341
FRETTIONS,10.79073756432247
FLOTTAGES,11.585763293310464
FOUGERONT,21.673241852487134
FASEILLER,14.614065180102916
FEMINITES,10.895368782161235
FREMISSES,21.443396226415093
FROLERONT,19.99228130360206
FLAQUERAI,31.55746140651801
FLUIDISAT,9.322469982847341
FAIRPLAYS,19.99056603773585
FLAGEOLER,18.342195540308747
FORMOLENT,21.25728987993139
FONCERAIS,11.590909090909092
FELASSENT,13.008576329331046
FREDAINES,9.284734133790737
FARINIERS,9.452830188679245
FUMERIONS,11.713550600343053
FRONDERAS,15.84048027444254
FANATISAS,16.887650085763294
FUSILLANT,11.23499142367067
FLUXAIENT,12.108919382504288
FECULERAI,16.53173241852487
FELLAGHAS,37.48456260720412
FOSSETTES,18.491423670668954
FRUSTREES,7.232418524871355
FRETERAIS,9.50171526586621
FIBRERONS,14.975128644939966
FERRERONT,19.79073756432247
FAUCHEREZ,24.516295025728986
FOCALISAT,8.436535162950257
FAUCONNAS,13.351629502572898
FRAISASSE,23.459691252144083
FRAIERIEZ,14.946826758147512
FEUTRAGES,9.047169811320755
FINANCAIS,24.048027444253858
FARCIRAIT,15.228130360205832
FETICHANT,33.048885077186966
FLUORISAT,6.295025728987993
FARTERENT,13.402229845626072
FLEXUEUSE,54.6483704974271
FOUACIERS,10.562607204116638
FOUAILLER,14.4073756432247
FACSIMILE,17.3704974271012
FIXATRICE,22.06861063464837
FERREMENT,22.580617495711834
FOURBISSE,17.43910806174957
FENDANTES,18.636363636363637
FAUVISMES,18.162092624356774
FELIBREEN,15.723842195540309
FETASSENT,22.19296740994854
FLAGEOLAI,33.50514579759863
FLIPPAMES,23.78902229845626
FROLEUSES,7.016295025728988
FIGUERAIE,15.84648370497427
FOUTAIENT,12.650943396226415
FAUCHERAS,24.060034305317323
FORMERENT,14.456260720411663
FESSERONS,18.761578044596913
FACONNIEZ,28.112349914236706
FONDASSES,25.542024013722127
FOLIOTAIT,21.612349914236706
FRAPPERAI,63.912521440823326
FERLERIEZ,24.97427101200686
FOURREURS,27.880789022298455
FOUISSENT,11.181818181818182
FAIBLIRAI,33.90651801029159
FAINEANTE,13.48713550600343
FRITTERAS,13.456260720411663
FENDIRENT,20.308747855917666
FIGURATES,9.262435677530018
FLAMBOYAT,38.31303602058319
FLUIDISAS,12.541166380789022
FACONNEUR,26.483704974271014
FRONCEURS,12.174099485420241
FELICITES,8.505145797598628
FOULERENT,8.099485420240137
FERMENTAS,9.759005145797598
FAYOTEREZ,19.016295025728986
FUSILLIEZ,27.427101200686106
FETICHEUR,23.636363636363637
FILIFORME,30.428816466552316
FOURGONNE,37.37993138936535
FEDERAMES,27.05746140651801
FLOCULENT,19.646655231560892
FLETRIRAS,7.784734133790738
FACETTEES,18.47598627787307
FORMICANT,11.710120068610635
FLAMBASSE,38.63464837049743
FOURREAUX,40.108061749571185
FORMABLES,12.728130360205832
FORMATAGE,19.03001715265866
FUSILLEUR,31.641509433962263
FORMATONS,14.680960548885077
FRAYEMENT,17.344768439108062
FLUBAIENT,11.039451114922812
FRITTERAI,22.245283018867923
FRISSONNA,16.519725557461406
FIENTERAS,8.867066895368783
FOURMILLE,19.348198970840482
FOUAILLAS,11.69639794168096
FIRMAMENT,19.19210977701544
FRAISERAS,16.087478559176674
FANATISES,11.59433962264151
FERRYBOAT,30.782161234991424
FESTOYAIT,31.434819897084047
FACTURANT,16.37735849056604
FACHASSES,50.16295025728988
FOIROLLES,14.899656946826758
FAVORITES,9.927958833619211
FRICOTIEZ,15.493996569468267
FRAISEUSE,9.971698113207546
FALUNERAI,15.566037735849056
FLAMBANTS,19.530874785591767
FEIGNANTE,21.6852487135506
FLANCHAIT,23.006861063464836
FRONDEREZ,22.048885077186963
FISSIPARE,26.421097770154375
FAMELIQUE,20.121783876500857
FLOCULAIS,13.81303602058319
FEUTRIERE,12.254716981132075
FAKIRISME,21.532590051457976
FOSSOYONS,96.24271012006861
FIGURINES,10.690394511149227
FIRMWARES,15.915094339622641
FORMERONT,28.745283018867923
FOURRIERS,12.968267581475128
FELDSPATH,42.180960548885075
FRIQUERAI,29.725557461406517
FREINATES,6.623499142367067
FACETIEUX,18.765866209262434
FRUSTRAIT,13.231560891938251
FEUILLETE,19.851629502572898
FASEYAMES,30.450257289879932
FLIRTATES,8.053173241852488
FERVENTES,16.573756432247
FAUSSETES,14.588336192109777
FIANCASSE,19.647512864493997
FRETERONT,17.60034305317324
FARDAIENT,13.005145797598628
FUGUEUSES,34.696397941680964
FAISANDAI,30.26843910806175
FORMULENT,11.999142367066895
FAIBLIRAS,14.166380789022298
FOLKLORES,28.754716981132077
FOURMILLA,20.467409948542024
FIANCATES,10.75385934819897
FILTRAGES,8.626929674099486
FRONCAMES,10.130360205831904
FREGATONS,11.289879931389365
FLOCONNES,21.275300171526588
FAUCARDER,16.98713550600343
FUSIONNEE,10.836192109777015
FRACTURAT,18.367066895368783
FAUCILLES,10.866209262435678
FUSTIGEAS,12.617495711835334
FEVEROLES,22.21698113207547
FAUCARDES,10.739279588336192
FLAMBANTE,27.438250428816467
FREMISSEZ,22.89022298456261
FARINASSE,12.722984562607204
FUSARIOSE,12.513722126929673
FARDELANT,15.027444253859349
FONDANTES,16.331046312178387
FRANGEONS,16.259005145797598
FOIRERAIS,12.243567753001715
FANASSENT,26.41852487135506
FEUILLAIT,16.595197255574615
FARINERAS,10.692109777015437
FONCERONT,37.376500857632934
FRISERONT,11.545454545454545
FLUIDIFIE,44.891938250428815
FERROUTES,7.644082332761578
FREQUENTE,20.296740994854204
FORLIGNEZ,16.104631217838765
FLOCONNEZ,41.82332761578044
FOUTRAQUE,22.759862778730703
FREINEREZ,22.663807890222984
FOUETTENT,23.843910806174957
FORLIGNES,8.27958833619211
FORCIRONS,14.191252144082332
FILONIENS,15.085763293310464
FOUETTANT,27.409948542024015
FROISSANT,9.013722126929673
FABULATES,12.806174957118353
FILTRABLE,22.818181818181817
FOURRATES,7.326758147512865
FINANCENT,39.57632933104631
FAIENCIER,13.701543739279588
FILTRERAI,15.598627787307032
FARDELERA,18.90394511149228
FRETTEREZ,34.585763293310464
FOURNAISE,8.64065180102916
FANATISME,12.16123499142367
FRAYERAIS,20.823327615780446
FOENERONS,19.7778730703259
FRILEUSES,6.622641509433962
FATALISME,12.835334476843911
FERROUTEE,11.443396226415095
FRISOTONS,13.31303602058319
FINASSENT,21.048885077186963
FIFRELINS,14.968267581475128
FRANGERAS,18.115780445969126
FENETRAIT,17.933962264150942
FINALISEE,8.915094339622641
FLANQUENT,22.236706689536877
FEDERATES,20.10034305317324
FECONDENT,34.63979416809605
FRIQUIONS,10.81303602058319
FETICHISE,29.572898799313894
FLANERAIT,12.493138936535162
FAIBLIREZ,19.53173241852487
FLECHISSE,25.52058319039451
FORGEASSE,13.508576329331046
FACILITES,8.395368782161235
FORNIQUER,14.38507718696398
FRISOTIEZ,13.389365351629502
FERMENTER,20.58147512864494
FORLANCAI,13.656089193825043
FLAIREURS,9.518867924528301
FRAGILISA,15.932246998284734
FLECHIMES,16.845626072041167
FAVEROLES,12.795025728987993
FAMILIALE,29.30789022298456
FERRAIENT,9.16123499142367
FRANCISES,9.989708404802744
FACADIERE,22.00343053173242
FRIPONNEZ,31.7221269296741
FRACASSAI,28.674957118353344
FUITERONS,6.787307032590052
FUSELEREZ,24.368782161234993
FURETAMES,9.288164665523157
FILTRATES,9.672384219554031
FAUFILERA,22.578044596912523
FORTIFIER,15.469125214408233
FILICINEE,16.658662092624358
FILAMENTS,10.89794168096055
FORMATIEZ,16.342195540308747
FOUDERONT,22.3147512864494
FAUTERAIT,15.670668953687821
FLEURETTE,20.657804459691253
FLOUTIONS,8.730703259005146
FOURGUONS,25.28730703259005
FORMULEES,7.060034305317324
FRAPPATES,23.439965694682677
FLIQUATES,10.040308747855917
FAYALITES,12.565180102915951
FLAMBAMES,32.65523156089194
FASEYEREZ,35.14065180102916
FRAISAMES,13.810463121783876
FRITERIEZ,13.716981132075471
FLANQUAIT,16.519725557461406
FRISOTERA,12.247855917667238
FENETRAGE,19.780445969125214
FARNESOLS,9.042881646655232
FANTASMAI,21.656946826758148
FROLEMENT,10.866209262435678
FOLLICULE,37.449399656946824
FEDERATIF,26.847341337907377
FAUBERAIS,14.427101200686106
FECULERIE,17.076329331046313
FORCERAIS,13.073756432246999
FEUILLUES,15.939108061749572
FRUITAGES,6.701543739279589
FRONTISTE,10.708404802744425
FASCINAIS,17.874785591766724
FROIDURES,9.965694682675815
FANATISER,9.746998284734135
FAUBOURGS,21.352487135506003
FILOUTANT,12.223842195540309
FRANGEANT,23.034305317324186
FOURGUERA,37.62778730703259
FOURVOYAI,49.691252144082334
FIGURIONS,10.69811320754717
FAYOTTENT,47.62435677530017
FECONDONS,53.86878216123499
FROMENTAL,11.454545454545455
FORGERAIS,15.211835334476843
FABRICIEN,21.126929674099486
FOURRAGEZ,19.38336192109777
FREGATENT,18.334476843910807
FERROUTER,14.264150943396226
FEIJOADAS,24.382504288164665
FEDERALES,19.126929674099486
FAVORISEE,11.19639794168096
FOUINERAI,13.23327615780446
FILOCHONS,24.89451114922813
FARTASSES,17.291595197255575
FERRERIEZ,43.473413379073754
FOURRAGER,20.97598627787307
FALUNAMES,9.620926243567753
FASTIGIES,13.131217838765009
FOLIOTAIS,11.586620926243567
FECULASSE,14.934819897084049
FLUTERAIT,13.575471698113208
FUMIGERAI,31.493138936535164
FAILLITES,9.551457975986278
FIDELISAI,29.29245283018868
FOULERONS,11.786449399656947
FICELLERA,27.434819897084047
FLAQUERAS,21.68096054888508
FACTUREES,6.0102915951972555
FRAIERONT,9.915094339622641
FIBRAIENT,16.00771869639794
FOSSILISA,22.074614065180103
FEIGNANTS,17.131217838765007
FROIDIREZ,20.93910806174957
FARFELUES,8.474271012006861
FEULASSES,14.58319039451115
FENDILLAS,18.51286449399657
FLAGORNEZ,15.114065180102916
FAYOTTAIT,52.33447684391081
FLIRTASSE,9.664665523156089
FRAMEWORK,55.0
FLECHIRAI,30.825042881646656
FORUMEUSE,18.648370497427102
FINANCEUR,27.434819897084047
FARINEUSE,7.544596912521441
FRANGERAI,25.98284734133791
FETICHISA,29.415951972555746
FLEGMASIE,16.97427101200686
FAUBERERA,22.121783876500857
FEINTEREZ,16.986277873070325
FLUBERAIT,14.37221269296741
FROISSURE,12.991423670668954
FRACTURAS,10.60548885077187
FRICFRACS,25.593481989708405
FLANQUIEZ,21.645797598627787
FLAIRASSE,16.08490566037736
FRINGUEES,7.254716981132075
FEUTRASSE,11.269296740994854
FRUGIVORE,22.937392795883362
FANATISEE,8.633790737564322
FINANCANT,36.06003430531732
FRIMEUSES,8.833619210977702
FORESTIER,9.387650085763294
FRIQUATES,9.169811320754716
FARTERIEZ,11.668953687821613
FREESTYLE,25.502572898799315
FUSILLAIS,19.566895368782163
FRISERAIS,14.446826758147512
FLEURIRAS,8.474271012006861
FLOQUIONS,16.437392795883362
FELICITEZ,15.60205831903945
FLANCHANT,31.58490566037736
FLAGELLAS,38.45025728987993
FIXATEURS,14.562607204116638
FLIQUEREZ,20.969125214408233
FISTULISE,14.241852487135507
FORTEMENT,16.751286449399657
FAUBERENT,10.876500857632934
FICELAGES,11.481989708404802
FORLANCER,13.077186963979416
FOUAILLAI,20.47598627787307
FAGOTERAS,15.252144082332762
FORNIQUAI,15.452830188679245
FRUITERIE,8.812178387650086
FRAICHEUR,24.160377358490567
FRUITIONS,5.606346483704974
FRELATAGE,12.94253859348199
FENETRIEZ,17.724699828473412
FAUTASSES,15.945111492281304
FOUDROYAT,27.473413379073758
FRISOTTES,11.662092624356776
FORNIQUAT,10.168953687821613
FOUAILLEZ,21.170668953687823
FRISOTTIS,15.23499142367067
FLUORESCA,12.715265866209263
FILOUTERA,11.834476843910807
FLOUTERAS,9.132075471698114
FRAUDAMES,12.945969125214408
FRELATAIT,17.939965694682677
FREGATIEZ,15.969125214408233
FOURCHANT,15.124356775300171
FANTOCHES,13.732418524871354
FRANGIONS,12.694682675814752
FLANERONT,14.289879931389365
FLEURERAI,17.023156089193826
FOIRASSES,14.378216123499142
FEULERONT,8.977701543739279
FOLIOTERA,16.536020583190396
FLAUPEREZ,23.204974271012006
FANTASSIN,18.217838765008576
FOURNIRAS,6.596054888507719
FLAMBOYER,35.56003430531732
FUMEROLLE,29.69468267581475
FREMIRIEZ,23.31903945111492
FRELATERA,14.518010291595198
FROTTASSE,16.021440823327616
FECONDITE,19.52229845626072
FIGNOLONS,24.788164665523155
FORMATAIT,19.534305317324186
FUGUERAIS,20.808747855917666
FAMILIERS,11.638078902229845
FUMIVORES,14.508576329331046
FREINANTS,11.89451114922813
FLIRTERAI,14.335334476843911
FARDERAIT,20.434819897084047
FESSAIENT,11.680102915951972
FLAMBEREZ,32.07032590051458
FONGOSITE,20.269296740994854
FLOCULIEZ,26.774442538593483
FLINGUANT,13.703259005145798
FISTULEUX,27.549742710120068
FRICASSAS,22.28902229845626
FUSELLERA,23.932246998284736
FRICOTONS,11.74614065180103
FEDERASSE,37.63550600343053
FROISSAIS,18.500857632933105
FAUSSERAS,26.647512864493997
FATALISTE,14.048885077186965
FUSTIGEES,11.432246998284734
FINASSEES,18.804459691252145
FLANERIEZ,11.976843910806174
FIGULINES,10.193825042881647
FARCEUSES,8.475986277873071
FORGERONT,30.831903945111492
FORKERAIS,19.315608919382505
FAUBERANT,16.1852487135506
FLAMBERGE,34.4253859348199
FACADISME,28.51457975986278
FONDIRENT,20.530874785591767
FERRERENT,27.765866209262434
FLAIREREZ,15.003430531732418
FORTRAITS,10.543739279588337
FRONCASSE,14.028301886792454
FORTIFIAS,10.132933104631217
FOSSILISE,22.68353344768439
FLEURAGES,10.033447684391081
FACULAIRE,14.971698113207546
FULGURAIT,19.626929674099486
FAIBLARDS,17.28644939965695
FUSILLENT,14.519725557461406
FOISONNAI,27.565180102915953
FASEYERAI,26.764150943396228
FLAMBERAI,40.40994854202401
FOURNIREZ,9.921097770154374
FACETTIEZ,23.838765008576328
FANTASMAT,32.09348198970841
FRELATIEZ,11.371355060034306
FINALITES,8.66123499142367
FABRIQUER,25.438250428816467
FROTTIONS,12.880789022298456
FEMINISEE,16.457118353344768
FLOUSEREZ,13.231560891938251
FILETAMES,9.46140651801029
FORCENEES,10.539451114922812
FLATTEREZ,16.054030874785592
FONCERENT,18.75728987993139
FORFAITES,8.868782161234991
FONCAIENT,20.331903945111492
FALSIFIEZ,24.534305317324186
FICHERONS,17.832761578044597
FAGOTAGES,20.12607204116638
FAILLIRAI,33.35763293310463
FARDERIEZ,20.871355060034304
FROISSIEZ,19.10977701543739
FLANCHEES,13.728987993138936
FOSSOYAIS,50.23156089193825
FRONDERAI,22.240994854202402
FRATERNEL,7.9022298456260724
FLASHAGES,25.879931389365353
FROTTATES,14.948542024013722
FEINDRIEZ,20.293310463121784
FENESTRAS,12.68696397941681
FLOTTERAS,12.476843910806174
FOMENTANT,41.04202401372213
FACTURENT,15.043739279588337
FLAIRATES,8.356775300171526
FISSURAUX,28.858490566037737
FEMINISAS,17.674957118353344
FLOQUERAI,26.0
FESTONNAS,17.237564322469982
FORGERIEZ,20.4073756432247
FENESTRAT,18.038593481989707
FOUETTERA,17.230703259005146
FAUCHAGES,21.69468267581475
FROIDIRAI,30.423670668953687
FOUDERENT,11.404802744425385
FRITERAIS,10.154373927958833
FREMIRONS,11.443396226415095
FARTERAIS,10.361921097770155
FARCIRIEZ,18.225557461406517
FRAPPEREZ,52.74356775300171
FABULEREZ,20.036878216123498
FORLANCEZ,16.291595197255575
FENTANYLS,20.80703259005146
FALSIFIAI,35.983704974271014
FOURBAMES,13.259005145797598
FLAMBOYEZ,55.76157804459691
FEULEMENT,16.023156089193826
FACTITIVE,32.104631217838765
FAUSSIONS,12.252144082332762
FATIGABLE,27.21698113207547
FIGNOLERA,17.789879931389365
FORMOLIEZ,25.935677530017152
FOIREUSES,6.679245283018868
FRUSQUAIS,23.69811320754717
FRONTIERE,8.074614065180103
FLIQUETTE,20.538593481989707
FERMERAIS,14.934819897084049
FEBRIFUGE,44.45969125214408
FONDISSES,23.20754716981132
FRIQUEREZ,25.366209262435678
FINALISER,10.120926243567753
FARDERENT,13.612349914236706
FESTOYEUR,17.582332761578044
FARDELENT,10.368782161234991
FAUTERENT,10.152658662092625
FOCALISEE,8.215265866209263
FLEMMARDE,38.97084048027444
FERROUTAT,16.145797598627787
FRELATAIS,9.518010291595198
FUMIGERAS,16.70154373927959
FASCICULE,19.791595197255575
FORKAIENT,14.489708404802744
FONDATEUR,16.984562607204115
FANTASMEZ,21.055746140651802
FACHERONT,21.22641509433962
FANTAISIE,11.252144082332762
FOUINEREZ,9.969125214408233
FRICASSEZ,17.75557461406518
FRITEUSES,6.562607204116638
FEDERIONS,13.146655231560892
FREELANCE,17.06089193825043
FULGUREES,12.982847341337907
FRAIERONS,8.4442538593482
FLOTTAMES,11.415951972555746
FRONTAILS,6.258147512864494
FRINGUAIS,10.473413379073756
FAUFILIEZ,21.873070325900514
FRACTURER,14.601200686106347
FIDUCIANT,15.395368782161235
FASEYATES,22.548027444253858
FOUETTEES,12.210977701543738
FLANDRINS,12.56861063464837
FOULEMENT,10.780445969125214
FRAIERAIS,12.84048027444254
FEULERENT,12.040308747855917
FACILITAT,17.32418524871355
FORLONGEZ,29.306174957118355
FUITERAIT,17.556603773584907
FONDEMENT,31.5188679245283
FRUSQUERA,39.43567753001715
FLOQUEREZ,22.41852487135506
FLOUERONT,14.215265866209263
FORLONGES,15.171526586620926
FUITERIEZ,10.830188679245284
FILTREURS,9.171526586620926
FANTOMAUX,21.237564322469982
FONCERAIT,13.903087478559177
FINITISME,20.668953687821613
FLOUERAIS,8.657804459691253
FROMAGERS,17.61663807890223
FOLDINGUE,20.846483704974272
FERRIFERE,50.56346483704974
FERMENTEE,23.28473413379074
FASCISAIS,34.337907375643226
FRAISATES,10.421097770154374
FLAGORNER,12.486277873070327
FOUISSEUR,20.623499142367066
FROIDISSE,19.88164665523156
FOURRAMES,9.579759862778731
FURIEUSES,10.895368782161235
FREDONNAS,20.149228130360207
FUSAROLES,11.575471698113208
FRONCERAI,17.702401372212694
FRISASSES,24.42452830188679
FASCISAIT,19.612349914236706
FIANCIONS,15.818181818181818
FORKERONS,29.874785591766724
FOURNIMES,6.957118353344768
FRANCHIES,13.777873070325901
FARINIONS,10.0368782161235
FLASHIONS,12.623499142367066
FUSELAGES,14.44253859348199
FUSIONNAT,12.615780445969126
FULGURAIS,16.915951972555746
FINISSAIS,36.43996569468268
FRUSTRONS,7.921955403087479
FORCLOSES,16.30703259005146
FACONNANT,36.481989708404804
FLINGUAIT,12.167238421955403
FLUBERIEZ,16.891938250428815
FOURNIERE,8.665523156089193
FIANCAMES,13.750428816466552
FAUTERIEZ,8.31132075471698
FONCTIONS,20.048885077186963
FRUITIERE,7.843910806174957
FERLERAIS,10.301029159519725
FLANERENT,11.963979416809606
FREEZEURS,26.944253859348198
FRISOTTEE,9.286449399656947
FOURVOYES,31.53344768439108
FIEFFEREZ,68.55317324185249
FASCINAGE,19.02229845626072
FRAPPASSE,50.108061749571185
FROLERAIT,11.687821612349914
FRANGINES,11.999142367066895
FUMIGEREZ,26.332761578044597
FEMINAZIE,23.937392795883362
FORMIQUES,13.250428816466552
FLINGUAIS,10.665523156089193
FRINGUENT,18.349056603773583
FRIMOUSSE,13.628644939965694
FRITERONS,8.180960548885077
FLIBUSTER,12.295025728987993
FOUILLIEZ,20.361921097770153
FROUFROUS,34.89451114922813
FARFALLES,21.150943396226417
FILASSIEZ,24.844768439108062
FESTOIENT,14.027444253859349
FIASSIONS,17.47770154373928
FOUGERENT,11.144939965694682
FAVORISER,12.717838765008576
FAUFILEES,8.623499142367066
FRUSTRENT,13.632075471698114
FORMULERA,18.451972555746142
FERINGIEN,19.897084048027445
FRELATANT,17.69210977701544
FICHAIENT,25.329331046312177
FRAGMENTA,22.91680960548885
FIDEISTES,18.12092624356775
FLUTASSES,12.655231560891938
FORMISTES,11.306174957118353
FATIGUANT,17.414236706689536
FATIGUIEZ,18.653516295025728
FECULIERS,9.714408233276158
FRIPERONS,15.107204116638078
FRITTIONS,10.324185248713551
FULGURIEZ,26.554030874785592
FLIRTERAS,8.494854202401372
FAVORISAT,12.921955403087479
FOUINARDS,8.056603773584905
FAMENNOIS,17.495711835334475
FULVIQUES,33.99313893653516
FOUDERIEZ,15.095197255574615
FRANCISME,12.072041166380789
FEUILLARD,23.062607204116638
FRETILLEZ,16.714408233276156
FILOCHERA,29.297598627787306
FLORIDEES,8.120926243567753
FEUILLIEZ,23.00343053173242
FONCAILLE,17.555746140651802
FONCEMENT,25.28473413379074
FERTILISE,10.919382504288164
FIGNOLEES,8.420240137221269
FLORAISON,12.96483704974271
FENETRENT,39.578902229845625
FEMTOGRAY,32.198113207547166
FORNIQUEZ,17.36106346483705
FLEURIONS,7.599485420240137
FRIGORIES,11.738421955403087
FAUCARDAT,20.89965694682676
FLOUERIEZ,10.73499142367067
FAISABLES,15.121783876500858
FRIQUAMES,12.04631217838765
FANTASIAS,16.12092624356775
FOENERENT,21.066037735849058
FEINDRONT,21.732418524871356
FLUBERENT,10.982847341337907
FAROUCHES,13.282161234991424
FERMERENT,23.58662092624357
FRITERENT,13.84048027444254
FOUINAMES,7.850771869639794
FLUORISER,7.563464837049743
FABULISTE,11.193825042881647
FROTTANTE,21.71698113207547
FORMERAIT,17.341337907375642
FIENTERAI,14.101200686106347
FEMINISAI,25.168953687821613
FESSERAIS,21.125214408233276
FREJUSIEN,12.027444253859349
FACTIEUSE,10.63893653516295
FILMERAIS,13.981132075471699
FERMERONT,16.445111492281303
FERMENTAI,12.518010291595198
FLACCIDES,17.871355060034304
FOUGEAMES,10.68696397941681
FRETILLAT,18.02572898799314
FOUETTONS,19.693825042881645
FUTURIBLE,30.263293310463123
FROUERAIS,10.510291595197256
FRICASSAT,12.79245283018868
FACTUELLE,15.531732418524872
FROUERIEZ,13.560034305317323
FUMIGIONS,15.312178387650086
FELICITAT,17.551457975986278
FLUORISAS,8.227272727272727
FOUISSIEZ,17.44082332761578
FANAISONS,18.455403087478558
FARDASSES,28.491423670668954
FLANCHAIS,19.1663807890223
FESSEUSES,42.08662092624357
FORKERAIT,22.90566037735849
FLUORISAI,9.149228130360205
FLATTERIE,11.09433962264151
FAUCHARDS,24.644082332761577
FAUFILANT,11.787307032590052
FUGUASSES,39.41852487135506
FEBRILITE,19.46826758147513
FORDIENNE,16.991423670668954
FINASSIEZ,26.352487135506003
FRETILLER,13.078902229845626
FRIMERONT,14.380789022298456
FRUTICEES,5.5926243567753
FOUIRIONS,10.187821612349914
FLINGOTER,10.689536878216124
FLOUTEREZ,11.4073756432247
FERRIQUES,13.05917667238422
FALSIFIES,17.221269296740996
FORMOLAIS,13.489708404802744
FRIANDISE,17.365351629502573
FRONCIONS,18.962264150943398
FIBROINES,12.888507718696397
FEINTEURS,7.343053173241852
FLUASSENT,10.949399656946827
FIABILITE,29.574614065180103
FOUDROYAI,42.56003430531732
FUMAISONS,14.727272727272727
FULMINERA,17.240994854202402
FLUCTUIEZ,21.61663807890223
FOUINEURS,12.34048027444254
FRANCISAI,13.05746140651801
FETICHERA,26.13893653516295
FIABILISA,36.39451114922813
FOSSOYANT,30.060034305317323
FRACASSAT,23.18867924528302
FLAGEOLAS,21.249571183533448
FORNIQUAS,9.417667238421956
FRETERENT,25.013722126929675
FAUTERAIS,7.935677530017153
FUMETERRE,25.63550600343053
FOURRIONS,10.69811320754717
FENDILLEZ,32.528301886792455
FROISSONS,23.657804459691253
FORMERAIS,14.656089193825043
FAUBERIEZ,15.724699828473414
FOISONNER,21.08833619210978
FROUERONT,17.203259005145796
FINALISAS,12.95368782161235
FLAGEOLES,14.182675814751287
FICELATES,8.79073756432247
FORJETEES,13.48713550600343
FIEFFERAS,27.87392795883362
FARTERAIT,21.356775300171527
FILTRANTE,13.463979416809606
FLOQUASSE,21.521440823327616
FLASHATES,19.775300171526588
FACETTAIS,23.280445969125214
FAILLEREZ,17.133790737564322
