BOITERONT,27.587910401963793
BUTINAGES,13.146670757901196
BOSTONNER,30.495550782448603
BOMBARDER,46.73304694691623
BRICOLONS,18.56428352255293
BILOTEREZ,14.356244246701442
BAISEMAIN,26.79564283522553
BRISAIENT,13.581773550168764
BEUGLEURS,31.742559067198528
BOURGADES,19.79165388155876
BUNGALOWS,27.54127032832157
BIOPSIAIS,52.945382019024244
BILLONNES,22.210187173979747
BETATESTS,46.87235348266339
BRODERIEZ,29.80208652961031
BOULISTES,11.268180423442773
BAIGNASSE,25.478674440012274
BRADERENT,21.86100030684259
BLESERAIT,14.466093893832465
BISAIEULS,21.047253758821725
BOUDINAGE,26.331696839521324
BARJAQUEZ,52.662473151273396
BABORDAIS,22.591285670451057
BIGLERAIT,22.849033445842284
BARDERAIS,21.417919607241487
BEDONNONS,94.83491868671372
BACTERIEN,10.5998772629641
BIBLISTES,28.14084074869592
BRAQUEUSE,40.03405952746241
BOTTELANT,35.228290886775085
BUTERIONS,12.923289352562136
BIOCRATIE,20.810371279533598
BUDGETAIS,24.030991101564897
BRUNIRONT,14.478981282602025
BOUTONNES,21.847499232893526
BLACKROTS,21.4841976066278
BAISOTENT,15.448603866216631
BRADERAIT,25.451672292114147
BALOUTCHE,27.17858238723535
BOYCOTTAT,121.74255906719853
BOUCHEURS,43.56949984657871
BALLERINE,14.17459343356858
BISTABLES,19.10739490641301
BALSAMIER,16.3059220619822
BARATTAIS,24.174593433568578
BOCARDEES,17.78306228904572
BALEINENT,17.316047867444002
BATTIRENT,22.700521632402577
BUTYRIQUE,66.69990794722307
BOUCHEREZ,35.725989567351945
BRULANTES,7.737035900583001
BASTERAIT,20.129180730285363
BRADERIEZ,33.74071801166002
BIGARRAIS,26.266646210494017
BRIGUERAI,39.79533599263578
BROSSIERE,17.94323412089598
BOUCHURES,32.12427124884934
BADELAIRE,20.39981589444615
BAILLEREZ,22.611537281374655
BATARDEAU,32.439091745934334
BUCOLIQUE,58.3464252838294
BALAYETTE,33.23872353482663
BAZARDEES,22.982203129794417
BABELERAS,24.889536667689477
BIBARDENT,27.300092052776925
BENJAMINS,45.657870512427124
BADINEREZ,19.535133476526543
BISANNUEL,16.516416078551703
BESAIGUES,20.750843817121815
BRIFFERAI,89.82540656643143
BICHONNAI,70.8128260202516
BARAQUENT,21.27799938631482
BAVARDERA,105.64989260509358
BALADEREZ,25.444308069960112
BICHERONS,22.538508745013807
BAGOTTIEZ,27.38109849647131
BORDERONT,37.106167536054
BLASTATES,24.594354096348575
BAQUERONS,13.11598649892605
BEYLICAUX,68.88278613071495
BLOGUATES,14.642835225529304
BILOQUANT,15.565204050322185
BRETTIONS,15.916845658177355
BARRERENT,21.47192390303774
BONDERONS,39.813746548020866
BINASSENT,24.404725375882173
BETISIERS,20.424976986805767
BEGAYEUSE,68.76127646517337
BOUFFEURS,54.73611537281375
BIOPSIENT,30.195458729671678
BUBONIQUE,69.87327401043265
BRAVERENT,24.92022092666462
BRUYANTES,12.661859466093894
BLINQUENT,30.159251304081007
BOURDERAS,25.721080085915926
BOURRELES,10.899355630561521
BOUBOULEZ,83.6725989567352
BIODECHET,24.498619208346117
BORDERAIS,20.89690088984351
BARNABITE,20.29057993249463
BOURDAINE,17.424670144216016
BLOBLOTAT,81.54372506903958
BALEINERA,19.1472844430807
BANDONEON,112.74838907640381
BISSERONT,14.555078244860386
BRICOLANT,11.736422215403499
BOUJARONS,23.30561521939245
BISQUIONS,24.987726296409942
BATISSANT,20.248235655108928
BATELEREZ,21.412396440625958
BAQUETERA,21.265725682724764
BARRIRIEZ,33.80208652961031
BISCOTTES,23.808223381405337
BADGERONT,21.716170604479903
BARYTINES,12.710954280454127
BRIEFATES,15.10739490641301
BOULOCHES,33.70512427124885
BICHERENT,25.289659404725377
BANDAIENT,31.99355630561522
BLUTINANT,20.831236575636698
BROUILLAT,13.745627493096041
BROCHEREZ,55.35102792267567
BOUSCULES,27.337526848726604
BIOLOGIES,24.80607548327708
BOURDALOU,58.87480822338141
BRANCHAIS,22.647744706965327
BALLASTAT,49.89413930653575
BEQUILLAS,34.2635777845965
BRANCHUES,21.52470082847499
BOULGOURS,41.97084995397361
BOULIMIES,15.131328628413623
BEQUERAIT,23.506903958269408
BRADEUSES,15.540656643142068
BARAQUANT,25.318502608162014
BRUNIRAIS,12.528076096962259
BICHOTEES,19.900276158330776
BRISASSES,39.19637925744093
BESTIAIRE,15.196992942620435
BRUNCHAIT,20.226142988646824
BRIDGEURS,30.34888002454741
BANNETONS,23.6732126419147
BAFFERENT,27.61307149432341
BOSSELEES,24.18134397054311
BASOCHIEN,22.731205891377723
BOTTERAIT,35.571340902117214
BOURSETTE,15.961030991101564
BILLERONT,18.361153728137467
BAQUETENT,24.56060141147591
BAVARDAIS,43.114759128567044
BECQUASSE,50.14943234120896
BAQUETAIS,17.227677201595583
BOUTUREES,10.96011046333231
BRASILLER,21.17490027615833
BALLASTAS,40.59312672598957
BOUTONNAT,49.32157103405953
BOMBANCES,33.74624117827555
BALLOTERA,27.96041730592206
BOOSTERAS,27.26756673826327
BEGUETANT,34.31144522859773
BASTONNAI,18.209573488800245
BROCHERAI,55.52040503221847
BLOQUERAS,25.241178275544645
BLEMIRAIT,26.175820803927586
BIONOMIES,27.18103712795336
BAGUERAIS,14.996931574102485
BRIGANDAI,30.482663393679044
BARRISSEZ,24.162933415158022
BATIFOLAT,28.43970543111384
BOURRATES,12.056152193924516
BOSTONNAT,51.3369131635471
BEIGEASSE,40.29487572875115
BAIGNEUSE,15.504449217551397
BROUILLEZ,23.389690088984352
BASCULIEZ,18.05676587910402
BOXERIONS,36.83798711261123
BARBOTEUR,24.302853636084688
BOUVERIES,12.138386007977907
BORDURERA,45.27615833077631
BASILICAL,33.409328014728445
BUVOTIONS,25.270635164160787
BOUMERAIT,19.796563362994785
BRUISSAGE,18.118134397054313
BANDERONT,25.41546486652347
BRONZITES,12.79993863148205
BIAISERAI,38.50475606014115
BIVOUAQUE,77.630868364529
BRIMBALAI,45.31420681190549
BALISAGES,20.18502608162013
BRILLERAI,45.83092973304694
BOURSICOT,20.81650813132863
BEGUERONT,18.510279226756673
BALTASSES,23.934028843203436
BOUGRESSE,23.005523166615525
BALBUTIAS,14.814667075790119
BRANCHANT,37.39644062595888
BOXONNONS,169.83583921448297
BAILLIAGE,43.069960110463335
BOTANISAI,13.70757901196686
BIENFONDE,52.002761583307766
BETIFIERA,32.81405339061062
BARIOLANT,10.026081620128874
BOMBARDON,72.00337526848726
BACHERAIS,26.474071801166
BLUTAIENT,17.832770788585457
BALEINIER,14.38324639459957
BEMOLISAT,15.173672905799325
BOUSILLAI,25.329548941393064
BARILLETS,13.548020865296102
BRIDERAIS,27.91561828781835
BISULFURE,35.81865602945689
BECOTEREZ,36.129794415464865
BAVARDONS,24.973611537281375
BURKINABE,33.363915311445226
BAGARRERA,82.27646517336606
BOUGONNER,45.926664621049405
BRAIERAIT,21.2945688861614
BARBACANE,47.70328321571034
BOUTEROLE,15.315434182264498
BENNERENT,56.74041116907026
BRUISSONS,18.14084074869592
BROUTASSE,17.117213869285056
BUGUERIEZ,39.57256827247622
BLUFFAMES,45.036207425590675
BOUSSOLES,35.436330162626575
BLESEMENT,28.32985578398282
BLEMIRONS,16.164774470696532
BARBAIENT,20.992635777845965
BLONDEURS,16.364835839214482
BONDONNEE,74.65265418840136
BRULERIEZ,17.131942313593125
BALTERONS,8.303467321264192
BARJAQUES,27.318502608162014
BOLIVIENS,23.334458422829087
BADGERAIS,23.245474071801166
BRASSERIE,19.188401350107394
BERLURAIT,13.07180116600184
BALAFRANT,25.023933722000613
BRUMASSER,27.344277385701137
BRAGUETTE,22.80362074255907
BATIFOLAS,16.443387542190855
BOURRADES,17.774470696532678
BELOTASSE,19.527769254372508
BONDERISE,16.468548634550476
BATAILLEZ,28.148204970849953
BIOGENESE,21.89413930653575
BRIOCHAIT,26.898741945382017
BICHONNES,35.03313899969316
BOUGERONT,27.293341515802393
BALLOTONS,20.68211107701749
BUCHERONS,24.779687020558452
BUGUASSES,64.43418226449832
BUFFLESSE,60.47529917152501
BALLOTTEZ,34.80791653881559
BORNOYAIT,27.50997238416692
BRUISSANT,10.200981896287205
BATIFOLAI,29.337526848726604
BITTASSES,31.754219085609083
BOUILLIRA,29.12826020251611
BANQUISES,15.837066584841976
BALISERAS,18.412089598036207
BISSEXTES,35.08284749923289
BISAIGUES,24.463025467934948
BEATEMENT,47.35961951518871
BRUIRIONS,11.976986805768641
BOMBARDEZ,54.80055231666155
BOXONNANT,104.61399202209266
BRUNCHAIS,18.063516416078553
BERCASSES,37.133783369131635
BLAGUAMES,24.192390303774165
BOOSTAMES,34.66431420681191
BRIGUIONS,13.253451979134704
BRAVERAIS,27.043571647744706
BLESSEREZ,47.0006136851795
BABELATES,18.72445535440319
BRONZERAS,25.538201902424056
BLETTITES,25.824179196072414
BRESILLAS,26.218165081313288
BAVASSERA,69.47008284749923
BRADERAIS,23.45903651426818
BROCANTAS,12.06535747161706
BLAIRELLE,40.24639459957042
BLANCHONS,41.88186560294569
BALALAIKA,124.11138386007978
BURINEURS,23.594660938938326
BESOGNENT,32.60417305922062
BARONNEES,13.742559067198528
BECOTERAI,25.822338140533905
BASTERIEZ,11.98312365756367
BARDESSES,23.101258054617983
BRIQUETAI,26.822031297944154
BOOSTASSE,49.36637005216324
BEURRIERE,40.87971770481743
BATELIERE,15.510586069346425
BASCULANT,13.104940165694998
BARATINER,13.811905492482357
BELOTAMES,16.971156796563363
BRIFFASSE,49.00490948143602
BASSISTES,32.54525928198834
BARBADIEN,31.027002147898127
BIODESIGN,30.670451058606936
BROUILLAI,25.02270635164161
BLANCHEUR,40.47591285670451
BIQUERAIT,27.163240257747777
BIDONNERA,43.730285363608466
BOUFFETTE,49.409328014728445
BALIVEAUX,45.00490948143602
BRICOLEUR,21.991101564897207
BRISSOTIN,18.46732126419147
BUDGETEES,26.21509665541577
BOUSCULAS,32.45995704203744
BANQUETER,14.365449524393986
BONNETEAU,18.96624731512734
BOTRYOIDE,46.839214482970235
BAGOTEREZ,19.074255906719852
BLEFFATES,37.00797790733354
BLOGUEURS,28.629947836759744
BAZARDENT,28.55139613378337
BONDIRAIS,15.525314513654495
BAISERAIS,18.914697760049094
BAGUAIENT,17.32832157103406
BANLIEUES,7.8389076403804845
BROCARDEZ,40.364835839214486
BURLINGUE,32.40349800552317
BUTINERAI,20.685179502915005
BECHAMELS,50.6004909481436
BIBARDERA,53.835225529303464
BOUTURAIT,26.411475912856705
BAGARRIEZ,28.539736115372815
BIGOTISME,30.96563362994784
BAILLATES,15.681190549248235
BABYFOOTS,62.481436023320036
BLOTTIREZ,19.25099723841669
BABILLENT,27.101258054617983
BATASSENT,28.15986498926051
BARJAQUAI,63.65602945688862
BOULOTONS,24.84841976066278
BRUCELLES,15.231359312672598
BAVERIONS,17.289659404725377
BOULAIENT,13.350414237496164
BONDIRENT,25.25467934949371
BALLOTAIS,17.757287511506597
BOITERIES,9.063823258668304
BLINDATES,12.23780300705738
BETIFIANT,44.088063823258665
BOTTELAIS,16.251304081006445
BOSSUERAI,20.884013501073948
BARBICHUS,29.660325253145135
BUZZERAIS,31.88677508438171
BROCARDAT,24.518870819269715
BARBERAIS,23.455968088370668
BITUMERAI,29.46946916231973
BISULFITE,27.369438478060754
BATONNEES,12.89690088984351
BOULBENES,13.662779993863149
BOYCOTTAS,57.10309911015649
BRISETOUT,13.88002454740718
BELANDRES,14.57471617060448
BALLOTTAS,27.095121202822952
BISTRIONS,16.418226449831238
BASANERAS,30.50721080085916
BUTINIONS,19.300705737956427
BISEAUTES,14.359312672598957
BRAYAIENT,20.14329548941393
BLASTASSE,40.636698373734276
BUDGETAIT,46.794415464866525
BRIGUEREZ,31.129487572875114
BRANCHIEZ,39.10248542497699
BRUNEIENS,10.120589137772322
BEGAYEURS,32.87112611230439
BRIQUETAS,15.897821417612764
BRIQUERAS,25.386621663086835
BINERIONS,28.525007671064746
BROUTARDS,16.47161706044799
BROUETTAI,17.446149125498618
BARBOTAGE,29.550475606014114
BRELESIEN,14.00214789812826
BORDERONS,29.79165388155876
BALINAISE,17.581773550168762
BORNERONS,31.3995090518564
BANNERONS,23.208652961030992
BRAYETTES,21.02516109235962
BARAQUAGE,56.52439398588524
BOXONNAIS,48.00828474992329
BADERIONS,15.03375268487266
BRIQUAMES,20.38263270942007
BIGLOUSEZ,21.283522552930346
BETIFIONS,23.07180116600184
BIGORNERA,28.679042651119975
BISEAUTER,12.455661245780915
BOSONIQUE,35.055231666155265
BILOQUAIS,22.009512120282295
BELOTEREZ,26.868057686406875
BISEAUTEZ,18.866830316047867
BEQUERAIS,20.650199447683338
BONDIRAIT,16.966861000306842
BRANCHIAL,27.882479288125193
BARBIERES,15.211107701749002
BLABLATEZ,59.941393065357474
BOITILLAT,30.99815894446149
BATELERAS,13.687941086222768
BASSINENT,19.45474071801166
BEGUERONS,14.834918686713715
BOUILLAIT,21.176127646517337
BACHERONS,20.477140227063515
BRESILIEN,12.868057686406873
BUTASSIEZ,23.772015955814666
BRASASSES,48.7895059834305
BLASTULAS,31.482356551089293
BLINQUONS,23.051549555078246
BAUGEATES,10.541577170911323
BONNETEUR,18.234734581159866
BAISERIEZ,14.683952132556
BOXONNENT,143.9640994169991
BLANCHIRA,37.945075176434486
BITONNERA,27.748082233814053
BERLURENT,12.712795335992636
BORDEREAU,23.814360233200368
BALLOTTAI,35.899662473151274
BOURDASSE,28.622583614605706
BOYAUTEES,14.710340595274625
BENISSEUR,19.266953053083768
BAZARDIEZ,48.23473458115986
BICHONNEE,39.729671678428964
BIGLOUSAT,13.980055231666155
BADINERAS,17.49892605093587
BEUGLARDE,31.327707885854558
BRAVERONT,25.675053697453208
BUTTERAIT,37.325866830316045
BONIFIERA,36.194845044492176
BALLASTEE,17.030684258975146
BIDONNONS,63.91807302853636
BLESSASSE,75.39459957042037
BAJOCIENS,25.15771709113225
BANALISAI,23.1681497391838
BAPTISEUR,17.350414237496164
BITUMAMES,23.15587603559374
BITTERENT,28.66738263270942
BASQUINES,16.218165081313288
BILOQUEES,12.340288432034367
BUGLOSSES,33.752991715250076
BISQUAMES,33.798404418533295
BOBOLOGIE,96.37097269100951
BIPOUTRES,12.88401350107395
BALANCERA,45.42589751457502
BLEFFEREZ,110.91162933415158
BOUINIONS,28.619515188708192
BANNASSES,41.835225529303464
BORNERIEZ,18.17704817428659
BOSSELENT,13.155262350414237
BOUTIQUES,21.918686713715864
BAQUETONS,13.754219085609083
BISTOURNA,10.932494630254679
BRAILLAIS,23.084688554771404
BRODERENT,20.229211414544338
BRISANTES,12.39367904265112
BORDIERES,14.470389690088984
BRANCHAGE,46.691930039889534
BENZOIQUE,32.8533292420988
BEGUEULES,35.93464252838294
BRISERONT,13.962872046640074
BLEFFAMES,59.2737035900583
BASTONNES,16.050015342129488
BENJAMINE,58.94967781528076
BEDONNAIS,30.769254372506904
BECQUETAI,43.3583921448297
BRIGANDAT,18.640380484811292
BALISIERS,16.419453820190242
BALBUTIES,11.290886775084381
BROCHATES,21.681804234427737
BARONNERA,37.794722307456276
BACONIENS,23.41730592206198
BALLASTAI,35.632095734888004
BACTERIES,9.335685793188095
BANCHIONS,31.830316047867445
BOBINERAS,18.72997852101872
BOULINENT,18.323105247008286
BRIDERONS,17.736422215403497
BOSSELAIT,14.774163853942927
BEGAIEREZ,42.11015648972077
BASOPHILE,29.38478060754833
BATELIERS,9.940165694998466
BALANCIER,18.633016262657257
BUDGETONS,21.391531144522858
BRIOCHONS,31.847499232893526
BRAVERAIT,29.414237496164468
BILLASSES,36.001534212948755
BOURACANS,12.453820190242405
BECQUEREL,50.205891377723226
BAFFERONT,29.984351027922674
BINODALES,11.754832770788585
BURINERAI,26.881558760355936
BLEUIRONT,12.393065357471617
BARRIERAI,49.00859159251304
BUTASSENT,25.76587910401964
BECHERAIS,31.097575943540964
BIGLEUSES,14.445842282908869
BALLERIEZ,20.679042651119975
BLUEJEANS,17.25652040503222
BARATINEZ,16.3261736729058
BAGOULENT,15.211721386928506
BRULABLES,20.90549248235655
BASERIONS,14.14513654495244
BIMOTEURS,14.392451672292115
BILLONNAS,22.810984964713104
BOUFFEUSE,68.2206198220313
BROUTAMES,13.67566738263271
BIOPSIAIT,42.19668610003068
BIFURQUER,67.18103712795336
BRETTATES,26.364835839214482
BOULINIEZ,18.40595274624118
BOSSELLES,29.730899048787972
BUANDERIE,17.17735501687634
BLAIRASSE,22.464252838293955
BITUMERAS,16.037127953359928
BOURRICHE,38.6422215403498
BOLIVIANO,36.198527155569195
BUANDIERS,16.151887081926972
BRUCELLAS,19.18103712795336
BELASSENT,17.3786437557533
BRISERONS,15.468241791960724
BRASEUSES,20.05431113838601
BOBINERAI,33.495857625038354
BOLETIQUE,19.97882786130715
BLONDOYEZ,77.26020251610923
BRINGEURE,22.46118441239644
BRELLEREZ,66.1175207118748
BIOSTASES,22.899969315741025
BOUCANAIS,14.249463025467936
BRIMBALAT,24.971770481742865
BADMINTON,33.001841055538506
BASSINEES,17.93280147284443
BLOQUAMES,26.502301319423136
BISMUTHEE,20.427431727523782
BUTTERONS,16.389996931574103
BOYCOTTAI,81.44553544031912
BLASERONS,13.86100030684259
BRIMERIEZ,39.17735501687634
BORDIGUES,15.201288738876956
BROCHAMES,34.3476526541884
BALEINIEZ,20.2844430806996
BRIDGEONS,19.134397054311137
BALAYAMES,46.836146057072725
BLABLABLA,333.38109849647134
BLONDOYER,52.089291193617676
BOUCHAMES,34.76618594660939
BLATERENT,18.135317582080393
BERNERONS,20.87542190856091
BERLINGOT,18.512733967474684
BOUDERAIS,16.191776618594663
BORDERIES,14.434795949677815
BALAYEREZ,31.725375882172447
BLINQUERA,26.758821724455355
BLUTINONS,12.563669837373427
BAISOTAIT,21.372506903958268
BOUVIERES,13.083461184412396
BOURRERAS,29.864682417919607
BETIFIEES,28.230438784903345
BLASTERAS,23.32586683031605
BOSCOTTES,40.63301626265726
BARBICHES,27.319729978521018
BALADEUSE,20.750843817121815
BACHOTENT,48.28014728444308
BOSSERAIT,15.60018410555385
BRETTELES,21.933415158023934
BORGNOTAT,33.79779073335379
BOUCLERAI,25.922982509972385
BLETTIREZ,23.900276158330776
BACHOTAIT,46.159251304081
BRASSEYES,38.959496778152804
BATIFOLEZ,20.746548020865298
BACLEUSES,12.37281374654802
BLASAIENT,13.767106474378643
BANNERONT,29.554771402270635
BOTTINAIT,37.13869285056766
BOULGHOUR,87.51856397667996
BLASPHEME,57.57686406873274
BAGOTAMES,22.102792267566738
BACILLOSE,26.331696839521324
BERNERIEZ,35.26327094200675
BROCANTEE,14.034059527462412
BISASSENT,26.27401043264805
BATELERAI,16.765572261429888
BRISERAIT,20.59558146670758
BAQUERENT,14.842896594047254
BOSSASSES,79.91070880638233
BARRASSES,33.94016569499846
BOURDONNA,60.39306535747162
BOITILLES,17.106781221233508
BAROTROPE,30.832463945995706
BOTTELIEZ,18.29303467321264
BUCHASSES,63.29150046026388
BILIAIRES,18.33231052470083
BOUDINIEZ,27.106167536054006
BAUGERAIT,15.723534826633937
BRUNCHANT,29.61859466093894
BATISSEUR,13.397054311138387
BLAIRATES,10.847192390303775
BRIGANTIN,25.20619822031298
BEHEMOTHS,63.518563976679964
BEGAYEREZ,84.96072414851182
BOURRELAT,16.336606320957348
BAVASSANT,41.75053697453207
BERDELLEE,61.43448910708806
BARBERENT,19.981896287204663
BIOTROPHE,57.47990181037128
BOUCHAGES,31.444921755139614
BOURRELER,21.90764038048481
BANNIRONT,20.318195765572263
BALTERONT,16.06781221233507
BRUSHLESS,34.16907026695306
BRUNANTES,11.676894752991716
BAISSERAS,30.180116600184107
BETONNONS,58.13224915618288
BOUCHERIE,25.470696532678737
BOULOTTEE,21.238723534826633
BABELERAI,32.79687020558453
BOUDASSES,32.503528689782144
BERCEMENT,36.59619515188708
BRUNIRAIT,13.351027922675668
BALAFRERA,50.3887695612151
BICOURANT,13.061368517950292
BOURRIQUE,46.52868978214176
BANDEROLE,15.123350721080087
BAQUERIEZ,20.86744400122737
BASANITES,14.11138386007978
BIFURQUAS,47.30500153421295
BOUBOULAI,75.38355323718932
BASSEMENT,17.58484197606628
BLOQUEREZ,31.133169683952133
BEGALAMES,26.971770481742865
BABYBOUMS,78.02178582387235
BOUDEUSES,23.899048787971772
BOMBACEES,31.3786437557533
BALEINEES,12.239030377416386
BLOCAILLE,65.50260816201289
BITUMEUSE,28.8735808530224
BANQUABLE,41.68732740104326
BABILLIEZ,54.52193924516723
BITTURONS,11.123964406259589
BAQUETANT,31.517950291500462
BOULERONT,18.024854249769866
BOULINEES,7.629640994169991
BRELERONS,12.54525928198834
BORDURENT,19.510586069346424
BOUCANERA,27.995397361153728
BIPOLAIRE,29.60386621663087
BAVARDAIT,45.69898741945382
BOURRELLE,26.451979134703898
BIOTHEQUE,26.514575023013194
BITTURAIT,33.6535747161706
BEQUERONS,16.745934335685792
BICUSPIDE,58.828168149739184
BEUGLATES,15.611230438784903
BRESILLEE,23.25099723841669
BALLOTENT,29.046640073642223
BEGUETENT,44.3893832463946
BRODEQUIN,27.110463332310523
BOUCHASSE,48.035900583000924
BECQUETEE,63.104326480515496
BRASSEYER,34.767413316968394
BRANLEUSE,13.357164774470696
BOUFFANTE,43.58115986498926
BOURRATIF,21.246701442160173
BELLUAIRE,24.8527155569193
BROCARDAI,32.58023933722001
BRUITATES,10.54525928198834
BRANCARDA,59.508131328628416
BUNKERISE,21.2104940165695
BOUTISSES,18.78091439091746
BEMOLISAI,26.25866830316048
BAPTISIEZ,29.804541270328322
BANALISEE,10.839828168149738
BECHEVETA,114.44768333844738
BLAGUERAS,23.47806075483277
BEUGLARDS,22.388769561215096
BRUITEUSE,17.424056459036514
BAUGEASSE,20.585762503835532
BARBOTENT,29.82970236268794
BENINOISE,30.977907333537896
BRIFFEREZ,69.38723534826634
BRAILLEES,13.702669530530837
BECQUETEZ,66.05922061982203
BEATIFIAT,40.345197913470386
BEGALERAS,23.781834918686712
BLUTINIEZ,17.96409941699908
BAMBOCHAS,69.78797177048175
BOWWINDOW,202.1979134703897
BARMITSVA,29.33016262657257
BACHELORS,19.680576864068733
BIATHLONS,12.41699907947223
BETONNAGE,31.994169990794724
BIGORNAIT,20.36054004295796
BIOMETRIE,16.96379257440933
BARBELURE,21.762810678122122
BROUTERAS,15.614298864682418
BRANDIRAI,30.57471617060448
BAILLERAI,38.63792574409328
BOUGEATES,11.938324639459957
BRICOLEES,10.712795335992636
BROCHANTS,24.043878490334457
BORNOIERA,35.794722307456276
BASICITES,16.437250690395828
BOUCHERES,19.354096348573183
BERCEUSES,23.291500460263883
BITUMEREZ,21.122737035900585
BORDELISA,16.200981896287203
BLESSANTS,37.01104633323105
BARBOTIEZ,21.41669223688248
BARIOLENT,10.727523780300706
BAMBOCHEZ,106.53973611537282
BREVETONS,16.61521939245167
BLEUTATES,18.377723227984045
BELOTATES,15.867137158637618
BRUNISSEZ,16.99754525928199
BOUDERAIT,18.727523780300707
BOBINIONS,51.84872660325253
BAFREUSES,16.23596195151887
BROUTEURS,22.49248235655109
BACLERIEZ,17.03988953666769
BLASONNEE,17.046640073642223
BASTASSES,44.09788278613072
BIFTEQUES,19.20374347959497
BOTTINEES,12.679042651119975
BRIQUASSE,27.525314513654497
BRUNOISES,9.180423442773858
BOTTILLON,50.71279533599264
BRELERAIT,15.69898741945382
BOURGEONS,23.74133169683952
BALLONNES,21.67014421601718
BRUSQUEES,29.046026388462717
BASASSENT,32.872967167842894
BONICHONS,65.23565510892912
BONDONNER,91.70205584535134
BARATINAT,22.6207425590672
BILLETTES,19.293955200981895
BACCHIQUE,87.35225529303467
BRANCHEES,22.049401656949986
BALADERAI,43.198220312979444
BALIVERNE,15.443080699601104
BROUILLEE,14.307763117520713
BEUGLIONS,14.02546793494937
BIACTIVES,24.989567351948452
BISTORTES,14.963178889229825
BOTTINAIS,18.486959189935565
BEQUETTES,37.632709420067506
BOURREAUX,63.405645903651425
BICHONNAT,40.52500767106474
BRANDADES,26.80362074255907
BRACONNEE,23.300705737956427
BRODERIES,16.135931267259895
BROSSIERS,29.94937097269101
BLASTERAI,18.542190856090826
BILASSIEZ,33.1466707579012
BANNIRENT,24.251917766185947
BORDURANT,16.806689168456582
BRASSAGES,37.64191469776005
BRAVACHES,43.60632095734888
BOUCHARDA,42.820803927585146
BABILLERA,48.11997545259282
BOYAUTENT,36.85946609389383
BRASILLES,20.363608468855478
BIGRERAIS,28.497391837987113
BANDERONS,20.264191469776005
BELGITUDE,26.9159251304081
BRIQUETTE,24.10892911936177
BOMBERONT,49.58054617980976
BLOQUEURS,35.31236575636699
BRAILLANT,15.197606627799939
BOUBOULAS,50.16845658177355
BAGOULANT,14.208959803620743
BOULOCHER,46.289352562135626
BENEFIQUE,66.14697760049094
BANKSTERS,24.464252838293955
BISSERONS,21.661552623504143
BROUETTES,10.949064130101258
BOUQUINEE,26.11138386007978
BAGUERONS,11.468241791960724
BROQUASSE,31.1264191469776
BALAFRONS,13.767106474378643
BACHOTONS,32.216937710954284
BLEUISSES,25.74133169683952
BRELOQUES,14.512733967474686
BEQUETAIS,20.992022092666463
BEGAYAMES,47.94077938017797
BATELAGES,15.149125498619208
BLUFFEURS,67.83031604786744
BATTISSES,26.134090211721386
BLAMERONT,18.761276465173367
BIGORNIEZ,31.792881251917766
BAQUERONT,16.737342743172754
BANCHASSE,48.9159251304081
BOUSILLAT,15.761583307763118
BAFOUERAS,20.7686406873274
BRANLIONS,13.725989567351949
BOURDONNE,57.5682724762197
BRISANCES,16.645289966247315
BLOCKHAUS,46.96563362994784
BRONZEURS,21.703896900889845
BULBAIRES,12.706044799018104
BANDIERES,11.134397054311139
BATONNENT,55.69285056765879
BAMBOCHER,68.29303467321265
BANNERAIS,17.621663086836453
BAIGNERAS,16.295489413930653
BASSECOUR,18.35992635777846
BRAQUIONS,13.494016569499847
BITTAIENT,46.639153114452284
BUTINAMES,13.95796256520405
BOUFFERAI,54.19361767413317
BOUCLASSE,25.782448603866218
BEQUILLAT,36.36115372813747
BOITASSES,19.87143295489414
BLUTERONS,9.127646517336606
BIFFAIENT,50.07579011966861
BLABLATER,39.63577784596502
BLUTERONT,17.6732126419147
BRIGANDEE,20.244553544031913
BIENFONDS,46.98711261123044
BLAGUATES,15.991101564897209
BLINDERAS,16.52868978214176
BUSERIONS,17.57686406873274
BROUETTER,16.810371279533598
BANANIERE,23.921141454433876
BETISAMES,23.824792881251916
BLABLATAI,76.03590058300092
BOURBEUSE,35.13132862841363
BOMBERAIT,30.69070266953053
BOUQUINER,29.927278306228903
BEDOUINES,11.633323105247008
BRUITIONS,9.149125498619208
BROMISMES,31.01841055538509
BRIMERENT,19.423442773857012
BATAILLAS,27.66093893832464
BALEINAIT,20.391837987112613
BAISSAGES,36.36238109849647
BITUMINES,16.343970543111382
BRIDGERAS,31.60632095734888
BIGARRAIT,27.758514881865604
BEURETTES,20.99754525928199
BLAGUERAI,31.05523166615526
BOMBEUSES,26.264805154955507
BARDAIENT,18.84841976066278
BLUTERIES,8.119361767413316
BOURRAMES,18.81282602025161
BLACKBASS,74.32371893218779
BALOUTCHI,24.81466707579012
BECTANCES,25.193310831543418
BOURREURS,42.61890150352869
BRIQUETAT,25.972691009512122
BALZACIEN,28.532985578398282
BAGOULONS,16.693157410248542
BACCHANTE,69.00306842589751
BOETTEREZ,34.586376189015034
BROQUATES,14.771095428045413
BOBINASSE,28.43602332003682
BRONCHANT,36.529917152500765
BISTREREZ,19.316661552623504
BITUMINEE,16.687020558453515
BOUCLEREZ,20.718932187787665
BIBELOTES,16.458115986498925
BONIFIEES,17.60447990181037
BRUINEUSE,16.464866523473457
BAVOCHANT,46.50475606014115
BROQUAMES,22.800552316661552
BOVARYSME,60.15434182264498
BICONVEXE,57.20497084995397
BIJECTIFS,74.16231972997852
BIBELOTAS,20.38079165388156
BAFFERAIT,36.26787358085302
BOUTURIEZ,17.668916845658178
BALANCAIS,23.18471923903038
BALLAIENT,20.739797483890765
BIOLOGISE,38.71340902117214
BENZOYLES,30.192390303774165
BERLURANT,13.41485118134397
BREUVAGES,23.6529610309911
BULLEUSES,34.60478674440012
BOBINOIRS,30.735501687634244
BAYASSIEZ,47.23074562749309
BAPTISEES,16.80423442773857
BIFURQUAI,94.7042037434796
BLANCHETS,29.58300092052777
BRANLEREZ,25.208039275851487
BERDELLAT,25.45474071801166
BRULERENT,11.512427124884933
BLANDICES,17.381712181650812
BECHIQUES,38.76189015035287
BACKCROSS,43.07609696225836
BITTURERA,22.29487572875115
BILANASSE,19.3577784596502
BIGLOUSES,16.25314513654495
BOUTERAIT,21.37680270021479
BALLASSES,45.017796870205586
BOITEUSES,9.715556919300399
BIZUTAGES,21.474378643755752
BARGUIGNE,23.411169070266954
BANQUETEZ,21.863455047560603
BECOTAMES,23.6940779380178
BOTTERENT,29.644983123657564
BOUDERONS,21.632709420067506
BECHERENT,48.14390917459343
BARIOLERA,20.37956428352255
BABILLONS,21.284749923289354
BASTONNER,15.91132249156183
BELOTERAS,14.59374041116907
BACLERENT,13.027002147898129
BRELERIEZ,32.3476526541884
BIGRERONS,16.420067505369744
BATTEUSES,14.397361153728138
BANDERENT,22.82509972384167
BOUSCULER,23.376189015035287
BASTAINGS,17.28413623810985
BATTANCES,20.06965326787358
BOSSERONS,34.47223074562749
BACCIFERE,42.87664927891991
BLATERAIS,11.838293955200982
BOSSELIEZ,17.680576864068733
BICHERAIS,34.706658484197604
BISBILLES,51.620435716477445
BILLONNAT,25.56643142068119
BABELUTTE,30.609082540656644
BACHERIEZ,30.308376802700217
BALAYERAS,41.005523166615525
BLASPHEMA,81.3982816814974
BENISSAIS,39.74071801166002
BRANLANTS,15.800859159251305
BLONDINES,20.56612457809144
BOULASSES,21.773243326173674
BOURIATES,9.314206811905493
BOMBASSES,61.6517336606321
BRIEFIONS,22.737342743172754
BOYSCOUTS,54.51948450444922
BRILLIONS,16.85087450138079
BIVALENTS,17.702669530530837
BONDERAIT,20.12243019331083
BOURRELEE,17.546179809757593
BISTRERAI,24.994476833384475
BANQUATES,16.032832157103407
BITTERONT,31.99846578705124
BEGUERAIT,20.859466093893833
BUZZERONT,33.08959803620743
BARLOQUAI,23.380484811291808
BRUNISSES,15.956735194845045
BOUFFIRAI,45.945688861613995
BECHERIEZ,67.43571647744707
BICIPITAL,58.84964713102178
BIGARREAU,23.240564590365143
BIGOPHONE,86.82571340902118
BASANAMES,40.92144829702363
BROSSETTE,21.36023320036821
BANQUIERS,15.263884627186254
BRUMISEES,13.40196379257441
BERIMBAUS,26.386314820497084
BRAISIONS,15.552930346732126
BAPTISAIT,41.420374347959495
BRUTALITE,13.139920220926665
BLOQUERAI,34.65633629947837
BALBUTIEZ,20.404725375882173
BOUCANIEZ,25.649892605093587
BRONZERAI,31.184105553850873
BELGICAIN,44.32433261736729
BROSSERAS,37.74317275237803
BRASILLAT,16.474685486345503
BUSELURES,26.4317275237803
BIENETRES,12.653881558760355
BEGALASSE,35.51610923596195
BERLURIEZ,18.40227063516416
BOHEMIENS,27.376189015035287
BARBOTINS,12.165388155876036
BROSSAMES,37.80638232586683
BOUQUINAS,26.828781834918686
BOUGERAIS,16.465480208652963
BRELLAMES,27.301319423135933
BALTIQUES,11.597115679656337
BOULANGEE,15.32648051549555
BRILLANTE,18.745934335685792
BOUDERIEZ,18.68886161399202
BOULONNEE,24.061675360540043
BASSINONS,28.573488800245475
BENEFICIA,54.32065050629027
BRAISAMES,21.729057993249462
BOTTELEES,16.877262964099415
BOTANISEZ,14.70297637312059
BOUTURERA,29.680576864068733
BICOLORIE,32.74041116907026
BAROUDERA,31.01288738876956
BIGORNANT,22.938017796870206
BROCHURES,25.838907640380484
BEQUETANT,38.60785517029764
BITTERIEZ,26.769868057686406
BOULONNES,22.338447376495857
BANNERIEZ,20.25069039582694
BILLAIENT,25.65909788278613
BAISSIONS,22.43602332003682
BROUTILLE,16.793188094507517
BARBECUES,14.934335685793188
BRUSQUAIT,25.483583921448297
BACCARATS,34.466093893832465
BANCHEURS,21.701442160171833
BOUINERAI,21.47806075483277
BIFFASSES,67.83522552930347
BAROUDAIT,14.02546793494937
BAREMIQUE,27.17674133169684
BRIMERAIS,26.993249463025467
BIPASSIEZ,62.29119361767413
BANCHEUSE,28.77723227984044
BOTANISES,11.921141454433876
BORDURAIT,17.12396440625959
BELCANTOS,16.85087450138079
BESOGNAIS,23.621663086836453
BOUFFANTS,30.660018410555384
BANANASSE,50.73243326173673
BOBSLEIGH,36.923289352562136
BONDONNAS,72.85701135317582
BAGARRONS,16.405339061061674
BRISERENT,13.839521325559987
BETONNANT,71.8628413623811
BARIOLAIS,13.05461798097576
BLEFFERAS,51.11844123964406
BOSSEUSES,33.53206505062903
BICONCAVE,58.632402577477755
BROSSATES,23.251610923596196
BRONCHAIT,23.57686406873274
BERGERIES,27.14298864682418
BRELLASSE,33.745627493096045
BROYERENT,22.531758208039275
BABILLANT,27.396440625958885
BRUNATRES,9.43387542190856
BEDONNENT,60.45750230131942
BAFOUATES,14.98527155569193
BUTTASSES,37.22522246087757
BOULOTTAT,49.82602025161092
BISEXUELS,29.592819883399816
BRETONNES,13.433261736729058
BADINAMES,21.432648051549556
BROUILLAS,13.683645289966247
BACLERONT,14.148818656029457
BANDERAIS,16.632402577477755
BLUTASSES,22.697453206505063
BUCHETTES,31.106781221233508
BEURRAGES,19.76587910401964
BLONDOIES,21.91316354710034
BOULETEES,10.498005523166615
BASCULENT,13.903958269407793
BOOSTERAI,23.888002454740718
BIOSPHERE,28.957042037434796
BRONCHAIS,21.036821110770173
BREVETEES,35.964099416999076
BAFRERIEZ,29.18717397974839
BEGAYIONS,29.549861920834612
BITURASSE,17.436943847806077
BROMIQUES,18.640380484811292
BECASSEAU,30.19852715556919
BAGOULIEZ,20.09051856397668
BELLEMENT,47.16999079472231
BLATERANT,21.87572875115066
BECQUATES,25.259588830929733
BIGARRONS,14.418226449831236
BROCHEURS,34.529917152500765
BRUTALISE,9.673212641914697
BISSASSES,76.09051856397669
BILLERAIS,23.54556612457809
BEGUETONS,15.53697453206505
BLINQUIEZ,37.19331083154342
BRANLERAS,18.580239337220007
BANALISEZ,16.67351948450445
BOLOGNAIS,20.952746241178275
BECQUETES,35.91254986192084
BRULERONS,10.389996931574103
BILLERONS,14.846578705124271
BUZZAIENT,34.39306535747162
BLABLATAS,58.0101258054618
BOULINAIS,11.357164774470696
BAYLIENNE,23.09021172138693
BLAIRAMES,16.280147284443082
BIGRERIEZ,37.55477140227064
BENNERIEZ,40.329855783982815
BLESERAIS,17.333844737649585
BOYAUTANT,28.712181650813132
BIGNOLLES,19.571340902117214
BALIGANDA,46.02362687941086
BUZZASSES,86.14881865602946
BRAVERONS,21.864068732740105
BLASTIONS,12.820190242405646
BAILLEURS,14.075176434489107
BLUFFANTE,44.72445535440319
BRIQUATES,13.238109849647131
BONIFIANT,33.64498312365756
BOULOTEES,11.805154955507824
BACHERENT,23.020251610923598
BLEFFIONS,38.1788892298251
BINOCLARD,21.400736422215402
BIGLOUSER,14.347652654188401
BOUBOULES,41.38907640380485
BRIDERENT,19.710647437864374
BRIMBALES,20.69070266953053
BASSINETS,20.449524393985886
BAMAKOISE,41.90088984351028
BROSSERIE,18.23596195151887
BLASASSES,57.12887388769561
BAMBOULAS,28.136544952439397
BARRICADA,57.58484197606628
BRETTERAI,31.247928812519177
BOULOTTAI,33.201288738876954
BRILLEREZ,35.12150966554158
BOULONNEZ,41.67873580853023
BIMODALES,18.552623504142375
BANQUEREZ,23.816201288738878
BLOQUIONS,23.36575636698374
BOUIBOUIS,50.5366676894753
BIMENSUEL,15.759128567045106
BRAVOURES,19.154034980055233
BASTIONNE,15.511199754525927
BETIFIAIT,80.45443387542191
BLEUTAMES,19.521632402577477
BOSSUATES,24.0739490641301
BEATIFIAI,53.42957962565204
BUTTERONT,36.5998772629641
BOBINIERE,25.934028843203436
BATELEURS,10.39797483890764
BLEUIRAIT,16.665541577170913
BROCHOIRS,43.767720159558145
BRUSHINGS,22.482663393679044
BORGNOTAS,18.71340902117214
BALAYAGES,43.93218778766493
BORDELISE,14.148818656029457
BROUILLON,30.1795029150046
BLATERONS,10.031604786744401
BATISSONS,17.783675974225222
BARAQUERA,59.03804848112918
BOUTONNAS,24.407793801779686
BRELERAIS,14.891377723227984
BECTERAIT,31.50935869898742
BRICOLERA,26.133476526541884
BRAILLARD,40.31635471003375
BURINERAS,14.756366983737342
BRONCHIEZ,37.485424976986806
BAVASSAIS,84.42068119054925
BEAUCERON,25.76833384473765
BERNACLES,15.449831236575637
BRIQUETEE,19.927278306228903
BILOTIONS,17.154648665234735
BONBONNES,76.80607548327708
BONIFIIEZ,53.22890457195459
BRAIRIONS,14.397361153728138
BLONDIRAS,13.174286590978827
BLASONNAI,22.41270328321571
BRIQUETER,20.397361153728138
BOLBECAIS,25.518563976679964
BRASUCADE,23.804541270328322
BOULOTTAS,24.34519791347039
BOTTELENT,28.963178889229827
BITONNAIS,20.660018410555384
BONNETTES,18.021785823872353
BLOBLOTAS,48.79564283522553
BARBELEES,16.463025467934948
BIGLOUSAS,19.041116907026694
BONDISSES,28.407180116600184
BOURRIDES,14.509051856397669
BAIGNOIRE,19.336299478367597
BROUHAHAS,27.020251610923598
BASCULEUR,27.166922368824792
BATRACIEN,15.760969622583614
BALAFRAIT,26.121816508131328
BORNERAIT,16.05922061982203
BIBERONNA,48.03774163853943
BRACONNER,32.66431420681191
BAISASSES,44.00828474992329
BLEMISSES,44.273396747468546
BRIEFASSE,29.15158023933722
BICHERIEZ,45.08591592513041
BRICOLAGE,21.97698680576864
BOUILLENT,19.613685179502916
BELIZIENS,21.792267566738264
BOUSCULAT,23.500153421294875
BILOQUAIT,22.945995704203742
BAGOTTONS,27.262043571647744
BRIDERIEZ,37.892298250997236
BOETTERAI,26.283829395520097
BOTANISAT,14.49923289352562
BARETERAI,22.121202822951826
BANCARISE,16.283215710340595
BLAGUEREZ,29.104326480515496
BECHERONS,26.42313593126726
BEDONNERA,50.93126725989568
BAFRERAIS,24.310831543418228
BALANCONS,21.76833384473765
BRONZETTE,22.738570113531757
BAROCLINE,14.777845965019944
BLEUETIER,16.65694998465787
BICHASSES,54.820190242405644
BOUTONNER,28.005830009205276
BROCHANTE,33.10739490641301
BURINATES,9.112918073028537
BRONCHITE,26.61644676281068
BASSINAIS,30.482663393679044
BARDIERES,13.874501380791655
BRASERAIT,17.58300092052777
BRYOLOGIE,43.714943234120895
BENNASSES,42.053083768027
BIGORNEAU,20.97483890764038
BARONNENT,33.87204664007364
BARBERONT,21.23749616446763
BURGONDES,19.205584535133475
BERLURERA,30.529303467321263
BRACONNEZ,36.61460570727217
BOURRELET,10.316968395213255
BLEUISSEZ,27.36637005216324
BALLOTEES,12.619515188708192
BASCULEES,12.55998772629641
BLAGUEURS,29.828474992328935
BISTOURIS,13.985578398281682
BOTTERONT,56.97054311138386
BUDGETIEZ,32.331083154341826
BRAYERAIT,29.276772015955814
BLONDASSE,27.571340902117214
BACKDOORS,48.05615219392452
BRULEMENT,11.83768027002148
BOUILLANT,15.494016569499847
BATELASSE,20.022399509051855
BIBARDAIS,36.745934335685796
BRULERAIS,12.111997545259282
BAYADERES,24.289966247315128
BIHORAIRE,32.017490027615835
BASTONNAT,28.351948450444922
BRUITAGES,10.161706044799018
BARREUSES,12.903651426818042
BEGAYANTE,42.79625652040503
BUZZERENT,31.339367904265114
BUTYRINES,15.562749309604174
BRONZAMES,23.755446455968087
BOUDINAIS,16.739797483890765
BAFRERONS,18.026081620128874
BLINQUEES,13.471923903037741
BARGUIGNA,27.675053697453208
BLASERAIS,17.392758514881866
BRETTELLE,47.98435102792268
BOISERIEZ,15.607548327707885
BATERIONS,10.354403191162934
BAILLONNE,27.70942006750537
BOUCANANT,24.83553237189322
BOCARDAIT,21.826633936790426
BOLCHEVIK,100.40779380177969
BICUBIQUE,125.86959189935563
BIENDIRES,16.11383860079779
BECTERAIS,16.923289352562136
BAIGNERAI,28.865602945688863
BAVASSENT,33.054617980975756
BONDIRONT,32.88339981589445
BIDERIONS,25.07364222154035
BRUXISMES,26.96011046333231
BECTERIEZ,32.46793494937097
BANNIRAIS,17.447376495857625
BRIFFAMES,37.506903958269405
BECTERONS,15.061982203129794
BOUFFERAS,39.09266646210494
BAFOUEREZ,22.795029150046027
BRANCHIES,20.988339981589444
BORNOYEES,22.07210800859159
BISTRASSE,29.344277385701137
BRIGANDEZ,31.45105860693464
BETONNAIT,39.97269100951212
BOURREUSE,30.02055845351335
BULLERAIS,18.272783062289047
BOULOCHAS,40.72506903958269
BICHERONT,28.67351948450445
BLESOISES,23.503835532371895
BRANDISSE,21.944461491254987
BODYBOARD,155.97637312058913
BOUFFITES,20.74900276158331
BISSERAIT,21.144216017183187
BIQUAIENT,27.66768947529917
BOYCOTTER,69.6946916231973
BLEUTIONS,11.92850567658791
BLASONNEZ,29.028843203436637
BRIQUERAI,47.937710954280455
BOYAUTAIT,32.39122430193311
BELOTIONS,16.50905185639767
BLESERENT,19.425897514575023
BARDELLES,16.026081620128874
BRAQUEURS,45.04479901810371
BAISEUSES,16.971156796563363
BOURRICOT,26.912856704510585
BRELERENT,21.834611844123966
BRAMERAIT,25.657256827247622
BRONZIONS,30.296103099110155
BANCROCHE,59.518563976679964
BUPRESTES,22.54341822644983
BARRIERAT,26.459957042037434
BATAILLAT,49.285363608468856
BEOTIENNE,22.257440932801472
BLIZZARDS,38.81282602025161
BRAILLERA,34.38324639459957
BRACONNAS,20.26971463639153
BITTERAIS,22.756366983737344
BALUSTRES,10.18134397054311
BILINGUES,17.036821110770173
BLUTINAIS,11.23565510892912
BOTTERIES,11.86529610309911
BUTYRATES,26.1788892298251
BATAILLAI,48.86867137158637
BASCULERA,21.621663086836453
BADGEATES,16.670451058606936
BIOPSIANT,23.85486345504756
BURINEUSE,19.85302239950905
BARBERAIT,26.30101258054618
BISTRERAS,17.969622583614605
BOUCHONNA,113.84013501073949
BARDERAIT,23.733967474685485
BYZANTINE,51.398895366676896
BAIGNIONS,21.85670451058607
BOUINAMES,13.548020865296102
BOUGONNAS,38.616446762810675
BORNERONT,39.911936176741335
BATELLERA,30.16231972997852
BANCHERAI,40.552623504142375
BEGUETIEZ,36.0935869898742
BISQUINES,25.67014421601718
BEATIFIES,19.541884013501075
BRIOCHAIS,26.644676281067813
BARBIFIER,38.66492789199141
BOUZOUKIS,63.15464866523473
BISQUERAI,36.83982816814974
BRUGEOISE,13.729671678428966
BLOQUANTS,19.86775084381712
BRONZEUSE,18.448910708806384
BIENAIMES,19.411782755446456
BLINQUAIT,22.927585148818658
BRAISETTE,15.499539736115374
BILANERAI,25.27002147898128
BRILLANTS,15.390917459343356
BOTULISME,14.546486652347346
BICEPHALE,67.55415771709113
BEQUILLEE,51.794722307456276
BAROUDANT,13.89475299171525
BLOGUASSE,29.97882786130715
BROSSIONS,31.21847192390304
BAZARDAIT,36.084995397361155
BIGARRANT,17.664007364222154
BEGUINAGE,35.47560601411476
BRANLOCHE,35.09880331389997
BINAURALE,11.908867750843816
BOULOTENT,33.73519484504449
BELASSIEZ,28.632402577477755
BARJAQUAS,46.18809450751764
BABYBLUES,40.81282602025161
BOISERONS,19.047253758821725
BARONNIES,13.028229518257135
BORDERIEZ,26.163547100337528
BIGUANIDE,34.00705737956428
BIENAIMEE,33.24117827554465
BRIFFATES,23.263270942006752
BAGUASSES,34.40779380177969
BADGERAIT,26.263577784596503
BLOUSATES,15.236882479288125
BALAYEUSE,25.570113531758206
BECTERENT,42.87542190856091
BANDASSES,39.681190549248235
BOISEUSES,17.5682724762197
BIDONNANT,41.61675360540043
BISEAUTEE,16.10586069346425
BAPTISANT,26.23412089598036
BOCARDERA,47.98005523166616
BROCARDEE,25.538201902424056
BAGOTASSE,27.78490334458423
BIENVENIR,43.05032218471924
BILOTASSE,16.440932801472844
BRICOLAIT,15.237496164467627
BALLERENT,15.593433568579318
BRIGUASSE,23.204970849953973
BALLOTTEE,21.1264191469776
BONNARDES,19.302546793494937
BEQUETERA,42.258668303160476
BERZINGUE,27.621663086836453
BARRIRAIS,26.064130101258055
BAFFASSES,82.4329548941393
BLEMIRENT,16.993249463025467
BAVOCHURE,56.66554157717091
BICHOTANT,39.255293034673215
BALLASTEZ,30.929426204357163
BOUINASSE,17.827861307149433
BANNETTES,15.998465787051243
BITTURANT,22.042651119975453
BROUILLER,19.92420988033139
BESOGNERA,27.4203743479595
BARDERENT,18.54096348573182
BONDERAIS,17.05093586989874
BROIERONT,19.89045719545873
BRASSIONS,20.82325866830316
BIGARRERA,45.35471003375268
BOUSILLES,18.5796256520405
BENNERAIS,20.055538508745013
BRANLEURS,14.233507210800859
BIDOUILLE,37.915004602638845
BARJAQUAT,47.01043264805155
BOUGONNEE,37.330162626572566
BISQUATES,21.822338140533905
BOSSERONT,23.228904571954587
BISSERENT,13.853636084688555
BAYERIONS,17.138692850567658
BLEUIRIEZ,19.589137772322797
BROSSEUSE,25.169377109542804
BROUETTEE,17.27554464559681
BROCHAGES,29.25652040503222
BESANTEES,21.60202516109236
BONDAIENT,35.34427738570113
BIANNUELS,16.175207118748084
BOTTELLES,18.941699907947225
BACHOTAGE,50.183798711261126
BOUTEFEUX,54.03467321264191
BIOPIRATE,24.4525928198834
BIZUTASSE,25.127032832157102
BRAQUASSE,33.46762810678122
BOSSELONS,33.49831236575637
BOOSTEREZ,23.21724455354403
BORDAIENT,19.061982203129794
BAGARREUR,42.63731205891378
BRANAIRES,11.967781528076097
BRAISERAS,24.15127339674747
BLOTTIRAI,22.391837987112613
BRAIERONS,12.177048174286591
BUGUERONT,30.790119668610004
BYTOWNITE,60.390610616753605
BULLAIRES,13.42528382939552
BOMBERIEZ,34.92451672292114
BISTRATES,20.07210800859159
BINAURAUX,29.647437864375576
BOSSELAIS,25.02516109235962
BRIDGEUSE,24.672292114145442
BOUTURONS,19.171218165081314
BOUCANONS,40.733660632095734
BRIDGEAIT,26.69683952132556
BRULERAIT,13.066277999386315
BOMBEMENT,49.23013194231359
BRULERONT,12.546486652347346
BARATTEES,14.534212948757288
BOURRELAI,22.948450444921754
BOUINATES,9.150352868978214
BECQUETAS,32.571647744706965
BROYAIENT,19.22276772015956
BALAFREES,13.200675053697454
BOUQUETIN,33.892298250997236
BRAVERIEZ,38.69254372506904
BICHERAIT,39.78551702976373
BANQUETAS,19.43203436637005
BOYAUTAIS,17.419760662779993
BARRIEREE,27.049708499539737
BAKCHICHS,123.51917766185947
BABELLERA,58.50905185639767
BUVOTASSE,33.99969315741025
BLOTTISSE,24.34090211721387
BRAHMANES,25.208652961030992
BISSEXUEL,20.148204970849953
BOULERONS,14.028536360846886
BIONIQUES,17.672598956735193
BISASSIEZ,60.05983430500154
BARLOQUAS,16.523780300705738
BOUDERENT,15.00184105553851
BIGNONIAS,24.87542190856091
BRASERAIS,20.429886468241794
BEMOLISEE,21.261429886468243
BATARDISE,19.152193924516723
BOISERONT,16.950291500460263
BASILAIRE,16.013807916538816
BARRIRONS,14.227984044185334
BERCERIEZ,49.72905799324946
BEGUETAIT,35.20681190549248
BAISAIENT,15.50935869898742
BRETTELAT,34.8533292420988
BIFFERAIS,43.92114145443387
BRIGUATES,11.093893832463946
BRELLERAS,30.61276465173366
BRUITERAI,22.56366983737343
BROMATION,25.315434182264497
BAVOCHAIS,46.72936483583921
BREVIAIRE,34.38570113531758
BOUTEROUE,25.192697146363916
BRELAIENT,11.042957962565204
BARRERAIT,28.388155876035594
BOUTISMES,16.23534826633937
BACHERAIT,30.144522859772938
BAVARDANT,43.19944768333845
BARBIFIES,24.93003988953667
BOULANGER,18.02301319423136
BARETEREZ,29.56459036514268
BADGERONS,17.621663086836453
BIENSEANT,17.54127032832157
BLINDERAI,29.92482356551089
BICHONNAS,35.56520405032219
BIGARRURE,34.43295489413931
BERRICHON,55.88186560294569
BOUGONNEZ,64.96256520405032
BENITIERS,15.431420681190549
BILANATES,10.3261736729058
BRUTALISA,9.693464252838295
BOUCLATES,12.814053390610617
BOUTERONT,30.117520711874807
BITENSION,32.903651426818044
BAILECITO,18.13040810064437
BULLERONT,20.378336913163547
BUTINEREZ,15.497084995397362
BATTEMENT,39.70942006750537
BALLERONS,13.585455661245781
BOSSERAIS,24.80239337220006
BARRISSES,23.1681497391838
BRILLERAS,24.317582080392757
BETISATES,22.14145443387542
BERNASSES,26.604786744400123
BRODERAIT,22.931267259895673
BONDIRONS,28.54710033752685
BRIDGERAI,59.824792881251916
BERDELLER,55.95550782448604
BOTTELERA,21.219699294262043
BARRIQUES,15.721693771095428
BOXONNERA,104.91960724148512
BISCUITES,19.379871126112306
BONDONNEZ,133.71739797483892
BUGUERAIS,28.700521632402577
BARREMENT,18.23596195151887
BRIQUIONS,15.683645289966247
BALAYURES,16.343970543111382
BANQUETAI,25.057686406873273
BLOBLOTES,44.65204050322185
BLINDAGES,17.301319423135933
BERNACHES,26.553850874501382
BALLANTES,16.267873580853024
BECTAIENT,30.769868057686406
BRONZAGES,20.764958576250383
BRAIERONT,13.75544645596809
BENISSAIT,24.047560601411476
BRIDAIENT,19.00429579625652
BIMODULES,16.7477753912243
BAGOTTANT,41.75974225222461
BRETTELAI,21.992942620435716
BLESSAMES,53.22276772015956
BIGRAIENT,22.234734581159866
BUTINERAS,12.42743172752378
BARRIERAS,26.043878490334457
BOTTINONS,35.349186867137156
BRANLOIRE,15.6106167536054
BESTIALES,15.433261736729058
BOLOMETRE,22.736115372813746
BRAMERIEZ,35.609389383246395
BIDASSIEZ,48.183798711261126
BALEINAIS,18.375268487266034
BOITERONS,13.631482049708499
BROQUETTE,24.94476833384474
BAQUETTES,17.266339367904266
BARRIRENT,18.468548634550476
BAGNARDES,18.268487266032526
BLESSURES,28.36606320957349
BAGUERIEZ,18.081313286284136
BIGLASSES,29.22338140533906
BRIDERONT,20.410862227677203
BOYCOTTEZ,100.70113531758209
BILABIAUX,54.14697760049095
BANANIERS,21.112918073028535
BUTTERAIS,17.720466400736424
BOULONNAT,28.734274317275236
BIENNALES,14.055538508745014
BITONNANT,44.90303774163854
BISPHENOL,38.39797483890764
BEYLICATS,26.112611230438784
BOISSELEE,16.750843817121815
BONIFIAIS,33.64621049401657
BILLONNEE,24.50536974532065
BECQUETTE,77.57747775391225
BAVOCHENT,52.73488800245474
BITONNENT,61.31788892298251
BOUFFIREZ,35.405645903651425
BAUGERONS,10.96011046333231
BORNASSES,21.986805768640686
BOUCHATES,22.467934949370974
BOUTERONS,14.261736729057994
BOYCOTTES,53.09389383246395
BILBOQUET,22.43418226449831
BIBERONNE,35.16262657256827
BONDELLES,18.32187787664928
BILLERENT,16.421908560908253
BICHLAMAR,52.3685179502915
BOUSILLEE,13.729057993249462
BARRIRONT,15.843203436637005
BAIGNEURS,12.030377416385395
BOUFFIONS,40.71034059527462
BOUDINERA,24.877262964099415
BENNERONT,37.00429579625652
BROIERIEZ,23.30745627493096
BLONDOYAI,61.67137158637619
BOBINEURS,16.489413930653576
BITURBINE,22.2844430806996
BLUFFASSE,61.13623810984965
BLOUSERAS,20.270328321571036
BABOUCHKA,119.79288125191776
BEQUILLAI,69.87572875115066
BOBINAMES,22.335378950598344
BOOMERANG,48.413316968395215
BRANCHENT,46.239644062595886
BECHASSES,70.78643755753299
BALIVAGES,23.074255906719852
BAUDRUCHE,70.24025774777539
BRUSQUIEZ,37.69898741945382
BOUTERIEZ,11.887388769561214
BERNERAIT,17.497084995397362
BULLERONS,15.976373120589137
BOUSEUSES,30.439091745934334
BAQUETIEZ,19.961644676281068
BORNOYANT,45.59895673519485
BOULOCHAT,41.97330469469162
BITUMINEZ,28.5581466707579
BURINASSE,17.20619822031298
BIBLIOBUS,40.4317275237803
BUSSEROLE,14.823872353482663
BIGOUDENE,23.26940779380178
BENCHMARK,108.3899969315741
BOMBARDAS,28.323105247008286
BOCARDONS,33.95366676894753
BAIGNADES,19.952439398588524
BLESSERAI,25.340595274624118
BRUMASSAT,18.85701135317582
BEIGEATRE,25.29211414544339
BALCONNET,19.664007364222154
BAVOCHIEZ,64.06842589751457
BIRAPPORT,34.93863148204971
BRAQUEREZ,42.73672905799325
BOITERAIS,13.058913777232279
BROIERAIT,18.995090518563977
BELLATRES,17.285977293648358
BOOLEENNE,32.78152807609696
BOUGONNES,34.14820497084995
BRUYANCES,17.80638232586683
BARIOLEES,7.748082233814054
BENNERAIT,23.751150659711566
BRIMBALEZ,40.39367904265112
BARAQUEES,15.149739183798712
BETONNENT,64.83737342743173
BUDGETERA,31.17858238723535
BISCOTEAU,18.740411169070267
BOUGEAMES,18.78705124271249
BETISEREZ,27.449831236575637
BENIGNITE,39.601411475912855
BIBARDAIT,37.760355937404114
BOULINAIT,12.4525928198834
BORCHTCHS,72.89076403804849
BENISSONS,44.92513040810064
BAVARDENT,35.26265725682725
BALADEURS,17.446762810678123
BAPTISONS,16.950291500460263
BLESSANTE,22.101564897207734
BOUGERONS,21.027615833077633
BAILLIONS,15.561521939245168
BRASERENT,15.250997238416693
BIZUTIONS,17.501994476833385
BLAIREREZ,23.97698680576864
BATHOLITE,22.987726296409942
BROSSEREZ,31.046640073642223
BEATITUDE,26.419453820190242
BLONDITES,12.059220619822032
BOUCLETTE,21.657870512427124
BROCANTAI,15.090825406566431
BADGEAMES,26.93249463025468
BARONNAIT,17.189015035286896
BALANCINE,27.5050629027309
BAUGERONT,13.633936790426512
BANQUASSE,30.493709726910094
BRAMAIENT,18.002761583307763
BYZANTINS,42.816508131328625
BIGRERAIT,31.097575943540964
BILANIONS,19.249769868057687
BEATIFIEZ,34.655108929119365
BLASONNES,21.395213255599877
BABILLAGE,61.23995090518564
BASCULAIS,18.15127339674747
BITURERAI,25.444921755139614
BISQUASSE,53.243019331083154
BRASSEYAI,35.72414851181344
BATILLAGE,30.008898435102793
BRASERIEZ,21.67812212335072
BLAIRERAI,36.10340595274624
BASTIAISE,20.27523780300706
BAPTISMES,26.663700521632403
BAPTISENT,26.220006136851794
BIFILAIRE,47.8002454740718
BOUCLIERS,14.101564897207732
BRESILLER,23.0
BANQUIERE,18.445842282908867
BOUCANEES,13.130101258054617
BEUGLANTE,22.9791347038969
BISERIONS,23.624731512733966
BALLOTTES,18.952132555998773
BISSEXUES,33.23381405339061
BISCUITEZ,26.23780300705738
BORDURAIS,15.459036514268181
BAQUETEES,17.137465480208654
BRODASSES,32.134090211721386
BOITERIEZ,13.975759435409636
BERLURAIS,11.779380177968703
BAYASSENT,33.36575636698374
BESOGNANT,35.98189628720466
BILITERES,13.123964406259589
BRODERONT,34.41208959803621
BIFFERAIT,50.20220926664621
BALBUZARD,41.458422829088676
BROUTEUSE,19.443080699601104
BAISOTIEZ,16.70788585455661
BLASONNAS,23.47131021785824
BARISIENS,15.168149739183798
BRASSERAS,46.74347959496778
BOISAIENT,15.494630254679349
BIPASSENT,27.422215403498004
BANALISER,11.962872046640074
BONDIRIEZ,24.788278613071494
BAGARREES,16.523166615526236
BUVOTERAS,23.56459036514268
BAASISMES,40.066584841976066
BLOQUANTE,27.607548327707885
BLONDINET,22.450138079165388
BRAQUATES,15.878183491868672
BANNIRIEZ,25.120282295182573
BONZERIES,13.658484197606628
BOUGONNAT,44.31144522859773
BRUMISAIS,20.56796563362995
BRAQUAMES,24.3261736729058
BRELERONT,14.33046946916232
BOSSERIEZ,17.278613071494323
BROUETTAS,13.568886161399202
BRILLANCE,27.030070573795644
BARONNAGE,30.974225222460877
BRIMBALER,34.41822644983124
BOUGEOIRS,19.121509665541577
BLEFFASSE,74.18195765572261
BATTITURE,25.52408714329549
BEQUERONT,20.752684872660325
BRIOCHERA,47.74685486345505
BARBICHUE,43.4835839214483
BIVALENCE,29.486038662166308
BOULOCHAI,63.058300092052775
BOUTASSES,21.665848419760664
BOUCHARDE,43.4424670144216
BRUISSAIS,25.153421294875727
BIGLERIEZ,26.213869285056767
BADASSENT,27.47990181037128
BOBINEUSE,19.397054311138387
BLEUIRONS,10.01258054617981
BEMOLISER,16.394292727830624
BRIGANDAS,17.32648051549555
BUZZERAIT,34.80055231666155
BERCAIENT,18.533599263577784
BRIMERONS,17.153421294875727
BANDERAIT,19.085302239950906
BOTTEUSES,15.576250383553237
BLANCHOIE,33.12887388769561
BOURROIRS,31.436943847806077
BRONZATES,15.373734274317275
BEGUERAIS,18.25682724762197
BAGOTATES,20.396747468548636
BIZUTERAI,31.30561521939245
BUTINANTE,33.68855477140227
BITASSENT,23.0840748695919
BORDISMES,22.919607241485117
BASSINIEZ,23.84872660325253
BRAISERAI,31.467014421601718
BAILLONNA,32.70236268794108
BOETTATES,27.23381405339061
BOETTASSE,29.23995090518564
BEUGLEREZ,46.00092052776925
BERLINOIS,13.209266646210494
BLEUIRENT,11.046640073642221
BRUISSAIT,14.434182264498313
BEGUASSES,39.994169990794724
BROYEUSES,16.480822338140534
BRASSEYEE,34.801779687020556
BEMOLISES,17.52470082847499
BRUNETTES,9.57256827247622
BUCHERONT,32.49739183798711
BASTIONNA,18.0316047867444
BOXOFFICE,182.37342743172752
BINOMINAL,38.55200981896287
BIOCHIMIE,107.95734888002455
BEGAYERAS,39.33568579318809
BROIERAIS,18.129180730285363
BOUDINENT,28.54157717091132
BILLONNAI,45.46946916231973
BOSTONNAS,31.619822031297943
BAFOUILLA,35.300092052776925
BAMBOCHES,50.089291193617676
BASTILLEE,13.581773550168764
BALLONNAI,37.26449831236576
BRIGANDER,28.278919914084074
BANALISAS,20.125498619208347
BRUSQUENT,26.63792574409328
BRISEUSES,17.513040810064435
BAVASSIEZ,46.503528689782144
BOURRACHE,48.066584841976066
BRETTELAS,18.518870819269715
BLOUSAMES,22.885240871432956
BIOTIQUES,16.575943540963486
BATESIENS,12.812826020251611
BLESSATES,33.06014114759129
BROCHEUSE,29.656029456888618
BARBERONS,17.649278919914085
BRUNCHENT,39.0423442773857
BOULINERA,17.181650813132862
BALAFRIEZ,23.874501380791653
BUFFETIER,28.719545872967167
BOUCHIONS,35.802700214789816
BIENALLER,21.963485731819578
BAFOUASSE,30.708499539736117
BOUSILLER,15.67996317888923
BICOUCHES,34.62933415158024
BICHONNER,46.78152807609696
BLOUSEREZ,17.967167842896593
BOUTURAIS,13.975759435409636
BACHELIER,20.262350414237495
BOUILLAGE,32.65694998465787
BARIOLAIT,13.285977293648358
BOYAUTONS,26.318195765572263
BANQUERAS,20.47591285670451
BLOUSERAI,17.54495243939859
BADINIONS,23.577477753912245
BROUTIONS,12.019331083154341
BANQUERAI,27.171218165081314
BANCHAMES,39.18042344277386
BRAYERAIS,26.7895059834305
BOTANISER,10.648972077324332
BRAYERENT,24.587603559374042
BESOGNONS,60.79196072414851
BAHREINIS,16.365449524393984
BARLOQUER,20.121202822951826
BARBIFIAT,29.708806382325868
BLAGUEUSE,41.80208652961031
BARATINAS,13.5897514575023
BOMBONNES,64.40227063516416
BIBELOTER,19.826633936790426
BLOGUEUSE,37.2117213869285
BARATTENT,38.6213562442467
BOSSELANT,14.475299171525007
BOUCHERAI,44.567351948450444
BEQUERIEZ,43.760355937404114
BEDONNAIT,37.59159251304081
BECOTATES,22.232893525621357
BETIFIIEZ,56.95397361153728
BRADASSES,37.51610923596195
BLONDIRAI,23.177968702055846
BARAQUAIS,25.40380484811292
BONDASSES,34.13286284136238
BASTIDONS,13.204357164774471
BIQUERENT,16.156796563362995
BENEFICES,35.48972077324333
BERGAMOTE,30.144522859772938
BALANCENT,32.69377109542805
BENNAIENT,41.039275851488185
BANQUISTE,15.925437250690395
BEDEISTES,32.85885240871433
BOUTERENT,16.337220006136853
BILANEREZ,16.947836759742252
BENEVOLES,31.411782755446456
BRUSQUAIS,33.473151273396745
BITTUREES,10.18318502608162
BOUCHERAS,31.512427124884933
BROIERONS,16.912243019331083
BRESILLAI,31.85302239950905
BESSEMERS,64.42743172752378
BAROMETRE,17.154648665234735
BECHERONT,32.00705737956428
BANNERAIT,20.662473151273396
BAUHINIES,13.038662166308683
BOTANISTE,18.429886468241794
BAVARDIEZ,45.75053697453207
BLAGUIONS,12.943540963485733
BRELASSES,25.86529610309911
BOUQUINAT,29.93218778766493
BECQUIONS,26.29242098803314
BOLETALES,17.697760049094814
BISEAUTAI,21.972691009512122
BIENVENUE,48.293034673212645
BOTTERONS,24.583921448297023
BRIQUETES,12.737342743172752
BAGOTERAI,23.093893832463944
BRIOCHEES,17.81926971463639
BARRIRAIT,27.58300092052777
BRISEMENT,14.137158637618901
BINASSIEZ,32.18502608162013
BIQUERIEZ,29.460263884627185
BILOQUONS,20.98097575943541
BREVETAIS,18.243939858852407
BECQUERAS,35.076710647437864
BRASILLAI,27.150352868978214
BRILLASSE,27.783675974225222
BECFIGUES,30.2206198220313
BOULERAIT,12.62319729978521
BRASSIERE,19.5265418840135
BANQUETES,12.537895059834305
BETISERAI,21.05891377723228
BAGOULERA,25.32586683031605
BIACUMINE,27.660325253145135
BRUTISMES,14.18748082233814
BLESSERAS,41.49094814360233
BAFFAIENT,38.07517643448911
BOURGERON,51.287818349186864
BLEMISSEZ,46.598649892605096
BOUQUINES,22.50536974532065
BOCARDENT,30.025467934949372
BABELISME,26.73918379871126
BELERIONS,12.332310524700828
BAISOTEES,10.100337526848726
BOUFFATES,27.376189015035287
BACHAIENT,32.22737035900583
BROWNINGS,33.87143295489414
BLAMAIENT,21.56213562442467
BUSASSIEZ,44.52930346732126
BALBUTIAT,23.32402577477754
BABEURRES,15.248542497698681
BITURIONS,11.680576864068733
BEGUERIEZ,38.152500767106474
BRELLATES,17.71310217858239
BOURRIONS,17.341822644983125
BOXASSIEZ,42.44461491254986
BLANCHITE,32.16722921141454
BIGAILLES,29.353482663393677
BOUDERIES,10.1788892298251
BIGLERENT,14.029763731205891
BIHOREAUX,37.33445842282909
BANANERAI,43.552930346732126
BRELLIONS,17.225836146057073
BOUTARGUE,24.922675667382634
BOYAUTERA,29.24854249769868
BICHOTAIT,56.091745934335684
BISEXUEES,33.141761276465175
BRUMERAIT,20.86989874194538
BAILLAMES,23.956735194845045
BOUCHOIRS,35.182878183491866
BIGLERAIS,20.061675360540043
BAROUDONS,16.772936483583923
BALLOTINS,12.512120282295182
BROCANTES,12.561828781834919
BOUTURENT,27.40196379257441
BALANCANT,38.15495550782449
BOETTAMES,24.627493096041732
BALLTRAPS,25.033138999693158
BEGAYERAI,52.40288432034367
BANNAIENT,38.48573181957656
BORIQUEES,11.779380177968703
BAZARDERA,85.98619208346119
BILLERAIT,26.7471617060448
BEGAYASSE,63.62534519791347
BREVETIEZ,37.254679349493706
BEQUETONS,17.917459343356857
BOUFFAMES,43.76158330776312
BARATTONS,15.298250997238418
BONIMENTE,25.262043571647744
BOUILLIES,17.562749309604172
BLUTINENT,26.958883092973306
BLINDIONS,27.664007364222154
BONDONNAI,101.89598036207425
BECOTIONS,26.192390303774165
BLETTISSE,28.024240564590364
BRASAIENT,11.601411475912856
BOULOTTEZ,37.05645903651427
BALLOTTER,24.75145750230132
BOULANGEA,19.508745013807918
BORNOYIEZ,42.86069346425284
BLAMERAIS,18.904265111997546
BALLONNEZ,41.514881865602945
BATAILLON,23.551089291193616
BATISSIEZ,24.56182878183492
BRANCHERA,57.48174286590979
BARRETTES,13.959803620742559
BLAGUASSE,33.90150352868978
BAREFOOTS,27.763424363301628
BULBEUSES,32.23289352562136
BLEDARDES,24.051242712488495
BISULFATE,18.471003375268488
BEGALEREZ,48.72015955814667
BAISSIERE,15.956735194845045
BEGAIERAS,19.087143295489415
BLETTIRAI,32.72936483583921
BOSTONNEZ,45.152807609696225
BIOPSIONS,44.531144522859776
BOUGEASSE,23.574409328014728
BARBARIES,17.059527462411783
BRASSEYAT,29.857318195765572
BOUDINONS,32.23473458115986
BRIMBELLE,50.92083461184412
BOUTANTES,13.678735808530224
BARRERIEZ,30.193003988953667
BRETTEUSE,29.513040810064435
BALAFRAIS,23.54924823565511
BEUGLAMES,23.174286590978827
BROCHETON,49.360233200368214
BLEMIRONT,19.347959496778152
BETONNIEZ,25.268794108622277
BENISSENT,25.83154341822645
BRIDGEANT,18.828168149739184
BONDERENT,26.415771709113226
BARBOTEES,12.715250076710648
BRUSQUONS,31.329548941393064
BUDDLEIAS,29.27186253451979
BURLESQUE,31.474378643755752
BREVETAIT,31.891684565817737
BALBUTIEE,12.538508745013807
BIDONNENT,57.020251610923594
BRETTELER,32.35133476526542
BEURREREZ,67.60079779073335
BRONCHERA,56.64774470696533
BARCAROLE,21.009818962872046
BETONNEES,23.09021172138693
BLUTINAIT,19.331389996931573
BETULACEE,25.223995090518564
BARREMIEN,17.751150659711566
BULLAIENT,20.896287204664006
BUFFLETIN,40.81589444614912
BLOBLOTEZ,82.94108622276772
BRACTEOLE,16.248235655108928
BRIEFINGS,33.9064130101258
BALLERONT,16.591899355630563
BECTERONT,28.721386928505677
BROIEMENT,13.112918073028537
BOURRASSE,24.936176741331696
BELEMENTS,32.06719852715557
BANDANTES,22.67413316968395
BRIDGIONS,21.074869591899354
BASEBALLS,68.42006750536974
BORGNOTES,19.098803313899968
BERNERENT,39.49953973611537
BRANCARDS,25.935256213562443
BILOQUERA,29.137465480208654
BLEUTASSE,22.580239337220007
BABOUCHES,29.227677201595583
BECTASSES,36.53175820803928
BESOGNIEZ,25.216017183185027
BAHAISMES,33.794722307456276
BOUGERIEZ,19.064436943847806
BARBETTES,16.545872967167842
BACHOTANT,41.88677508438171
BETONNIER,17.82295182571341
BOUSILLEZ,24.0942006750537
BALAYEURS,21.691623197299783
BAISSATES,24.819576557226142
BIOTECHNO,43.34059527462412
BALUCHONS,18.610923596195153
BORGNOTER,28.931267259895673
BASCULONS,13.638846271862535
BAUGERAIS,13.996624731512734
BRONZASSE,26.259281988339982
BARLOQUEZ,23.973918379871126
BARBOTAIT,27.200675053697452
BETATRONS,16.27585148818656
BIFOCALES,19.119668610003067
BICHOTERA,40.08376802700215
BUTINANTS,24.267873580853024
BRAISIERE,19.16201288738877
BIQUASSES,36.318809450751765
BUSTIERES,13.088984351027923
BABELAMES,30.34090211721387
BRIEFERAS,27.1055538508745
BICHONNEZ,66.76250383553237
BANANERAS,33.41791960724149
BALANCEES,14.69070266953053
BETISERAS,17.381712181650812
BELLADONE,33.98312365756367
BOULINANT,14.49064130101258
BUDGETISA,27.99969315741025
BOBINEREZ,23.74746854863455
BROCHASSE,45.89904878797177
BOURDATES,13.301319423135931
BURINIONS,17.461491254986193
BRAQUERAS,31.274317275237802
BARIGOULE,16.90733353789506
BILASSENT,14.853942927278306
BATTAIENT,35.106781221233504
BOUFFARDE,53.75176434489107
BOUVILLON,62.90119668610003
BRAVEMENT,26.129180730285363
BIVALUEES,14.491868671371586
BOUILLIEZ,32.870512427124886
BOUDERONT,27.809450751764345
BAROUDAIS,12.739183798711261
BYSSINOSE,49.97391837987113
BRUMISAIT,15.773857011353176
BRETECHES,29.36637005216324
BARAQUIEZ,27.78060754832771
BOULONNAI,36.69683952132556
BIOPSIIEZ,64.0923596195152
BRONZANTS,22.96379257440933
BANALITES,9.861613992022093
BISSAIENT,21.61491254986192
BANCHATES,25.011046333231054
BRUMEUSES,23.919300398895366
BALLONNAS,26.23596195151887
BOULOCHEZ,68.10095121202824
BRASILLAS,23.68855477140227
BLASTOIDE,17.767106474378643
BERYLLIUM,63.39644062595888
BRONZEREZ,42.61153728137465
BAFFERONS,24.02055845351335
BRASILLEZ,24.957042037434796
BARQUETTE,23.11107701749003
BRISERAIS,23.436943847806077
BILOTERAS,11.855477140227064
BATIRIONS,9.592206198220312
BRIOCHIEZ,45.56704510586069
BIFURQUEZ,81.85424976986806
BOUTONNEZ,38.344584228290884
BERCERAIT,23.961644676281068
BOTANISAS,11.822338140533907
BITONIAUX,27.760969622583616
BURINAGES,12.169070266953053
BLONDIMES,18.795029150046027
BLANCHIES,22.985885240871433
BAZARDONS,22.995090518563977
BENGALIES,14.31574102485425
BANQUETTE,24.339674746854865
BRAYASSES,46.579625652040505
BERIBERIS,30.0948143602332
BUSASSENT,28.972384166922367
BICHROMIE,71.40810064436944
BLOBLOTAI,64.16968395213256
BAISOTERA,13.894139306535747
BALISATES,14.61890150352869
BONHOMMES,69.86775084381712
BOUDAIENT,20.555078244860386
BAILLERAS,20.765572261429888
BISSERIEZ,24.36667689475299
BEURRERAI,43.518563976679964
BRIQUEREZ,36.76557226142989
BRASSAMES,43.29886468241792
BARAQUAIT,27.428965940472537
BENIRIONS,24.898128260202515
BOURRELEZ,19.444921755139614
BOUBOULAT,51.41485118134397
BAISOTANT,14.761276465173365
BAIERIONS,12.779687020558454
BLAIRIONS,12.331696839521326
BAISERENT,8.976066277999387
BROCANTEZ,21.56029456888616
BADINERIE,16.90978827861307
BATISSAIT,31.320343663700523
BRIGUERAS,21.246087756980668
BACLERAIS,15.01718318502608
BASANATES,26.10586069346425
BEARNAISE,14.992022092666462
BAFOUERAI,28.406566431420682
BRAMEMENT,27.822338140533905
BARJAQUER,45.49463025467935
BALNEAIRE,11.197606627799939
BRELLERAI,40.85762503835532
BRUITEREZ,17.667075790119668
BROUTEREZ,20.10708806382326
BAVAROISE,25.916231972997853
BISEAUTAS,18.045105860693464
BUDGETENT,39.22706351641608
BILLONNEZ,41.858545566124576
BRIFFIONS,30.7054311138386
BLOTTITES,21.2522246087757
BARATINEE,10.957042037434796
BAGUERONT,14.539122430193311
BOTTILLES,20.257440932801472
BIOPSIQUE,47.235041423749614
BABILLAIT,42.88033138999693
BIGRASSES,32.300398895366676
BIGARADES,21.09082540656643
BLASTEREZ,19.676281067812212
BALADATES,23.344277385701137
BLAMERONS,15.256520405032218
BOURDERAI,36.41270328321571
BOUCANAIT,16.97729364835839
BAQUERAIS,16.866830316047867
BATONNERA,28.220006136851794
BONIMENTS,23.70328321571034
BRABANCON,50.25007671064744
BAUGERIEZ,16.863761890150354
BLINQUAIS,21.442467014421602
BOCARDANT,22.308376802700217
BOXONNAIT,57.243633016262656
BLANCHOYE,69.103712795336
BRANDILLA,30.029763731205893
BECHERAIT,34.666155262350415
BAUDROIES,10.337833691316355
BATTRIONS,11.541884013501074
BRAILLIEZ,35.74746854863455
BOULONNER,30.527462411782757
BROUSSARD,25.635164160785518
BALAIERAS,20.668610003068427
BETISIONS,18.644676281067813
BILLERIEZ,30.87173979748389
BARIOLAGE,18.394292727830624
BROSSEURS,32.65633629947837
BLUTERIEZ,12.885854556612458
BERNAIENT,21.15771709113225
BITTERONS,15.072414851181344
BISCORNUS,14.88217244553544
BLOQUASSE,35.881251917766185
BOULEVARD,33.1884013501074
BIPHENYLE,51.95489413930654
BOTTINANT,43.65050629027309
BRACONNES,20.66922368824793
BANQUETAT,33.26511199754526
BARLONGUE,17.54924823565511
BALAYASSE,65.27124884934028
BRACHIAUX,45.888002454740715
BRIDGEAIS,26.776004909481436
BRIEVETES,23.101258054617983
BEASSIONS,26.480822338140534
BUZZERONS,27.571954587296716
BRAIMENTS,14.918993556305615
BUTYLENES,16.754525928198834
BARDERONT,19.888002454740718
BARONNONS,37.349186867137156
BOITERAIT,23.821724455354403
BOMBARDAI,39.432648051549556
BRAVASSES,46.22491561828782
BISQUEREZ,25.751764344891072
BLAIRERAS,18.93924516722921
BRILLATES,13.702669530530837
BRESILLEZ,26.991408407486958
BOISERENT,10.376495857625038
BIFFERONS,26.14084074869592
BARRERONS,19.07364222154035
BASTERAIS,14.307763117520713
BALAFRENT,19.501994476833385
BEGAYANTS,37.26388462718625
BEURRIONS,12.77907333537895
BONDERIEZ,21.052163240257748
BOURRERAI,41.956735194845045
BAROUDIEZ,19.0840748695919
BLAMABLES,52.926971463639156
BARATTAGE,46.94967781528076
BONELLIES,15.819883399815895
BRONZIERS,19.592819883399816
BIBENDUMS,44.00030684258975
BAILLEUSE,17.988033138999693
BAROUDEUR,37.18471923903038
BOURRETTE,20.372200061368517
BOUCLAGES,17.027002147898127
BULLFINCH,92.04756060141148
BIOSOURCE,20.979748389076402
BISCUITER,17.332003682111075
BRIDEUSES,13.853636084688555
BRIGADIER,35.92236882479288
BAQUASSES,39.80638232586683
BALKANISA,35.02884320343664
BOUSINGOT,21.319116293341516
BRAYERIEZ,38.55323718932188
BLETTIMES,22.15127339674747
BOULOTTES,20.25314513654495
BARRIERES,16.691930039889538
BITURATES,13.364528996624731
BASSESSES,60.914697760049094
BIFFETONS,26.0733353789506
BARAQUONS,15.620435716477447
BOUFFIRAS,24.56182878183492
BILATERES,10.132862841362382
BOURGEOIS,20.895673519484504
BIQUETTES,19.053390610616752
BIGLERONT,15.595888309297331
BOTANIQUE,21.607548327707885
BLAMERAIT,21.265111997545258
BIGLAIENT,20.771095428045413
BETONNEUR,24.269100951212028
BERCERONT,21.828474992328935
BUDGETISE,26.13224915618288
BRASSARDS,53.01595581466707
BARBILLON,33.8008591592513
BIINFINIE,138.56919300398894
BOUCHEUSE,55.43387542190856
BOMBARDES,26.810984964713104
BAQUAIENT,20.081926971463638
BOYAUDIER,27.373120589137773
BARDEUSES,12.981589444614913
BEURRATES,13.208039275851489
BERCERONS,18.85026081620129
BLATERIEZ,14.749002761583307
BREAKFAST,41.016569499846575
BOBINAGES,19.748695918993555
BATELATES,16.13470389690089
BITONNIEZ,32.00214789812826
BOULANGEZ,24.831236575636698
BAFOUEUSE,33.266339367904266
BIGOUDENS,20.74961644676281
BLEMIRIEZ,33.413623810984966
BISCOTINS,19.956121509665543
BRILLANTA,20.14329548941393
BANANATES,26.544031911629332
BUTINATES,13.833998158944462
BOUGEOTTE,36.90917459343357
BUCEPHALE,81.14298864682418
BEGUERENT,26.383860079779073
BUTTAIENT,38.31819576557226
BLEUTERAI,20.628720466400736
BAQUETAIT,32.8103712795336
BOURGOGNE,62.61951518870819
BARBILLES,20.479594967781527
BOSSUERAS,31.740104326480516
BEUGLERAS,22.159251304081007
BAASISTES,24.27585148818656
BONIFIONS,52.48204970849954
BUANDIERE,19.392144829702364
BITURAMES,13.519177661859466
BROQUIONS,19.663393679042652
BASSINANT,19.796563362994785
BILOQUIEZ,34.756980668916846
BAISOTONS,15.0632095734888
BADIGEONS,17.198833998158946
BEQUETENT,51.43755753298558
BOITAIENT,24.329242098803313
BESTIOLES,14.325559987726296
BRIMASSES,34.258668303160476
BARIOLURE,13.717397974838908
BALADERAS,32.72506903958269
BAPTISMAL,31.020251610923598
BALLOTAGE,33.08162012887389
BURGRAVES,29.645596808837066
BISTOURNE,9.699601104633324
BOUCANENT,34.72445535440319
BETTERAVE,56.03835532371893
BAFRERONT,21.703896900889845
BIAISATES,19.38723534826634
BOMBARDAT,31.376189015035287
BREHAIGNE,25.6738263270942
BRACTEALE,16.63731205891378
BONNICHES,33.211107701749
BAMBOCHAT,71.8628413623811
BULLASSES,42.01503528689782
BALEINONS,16.58944461491255
BIJECTION,57.03007057379564
BACHOTIEZ,33.51979134703897
BROQUERAS,28.679042651119975
BAMBOCHAI,100.53850874501381
BAGOTTERA,36.526848726603255
BALLONNET,22.800552316661552
BROCHETTE,37.741945382019026
BAFRAIENT,20.626879410862227
BASTAIENT,19.540656643142068
BIGARRIEZ,36.40227063516416
BATONNIER,14.486345504756061
BOCARDAIS,20.23412089598036
BIOPSIERA,36.13040810064437
BOYCOTTEE,55.99171525007671
BARETAMES,16.65633629947837
BEYLICALE,62.371586376189015
BOSSUIONS,31.784289659404724
BIGORNEES,12.478981282602025
BUVOTATES,25.788585455661245
BATTERIES,10.822031297944156
BRASSEREZ,34.51396133783369
BUSTAMITE,27.889843510279228
BAGARRANT,29.740104326480516
BAFOUEURS,25.539429272783064
BEATIFIEE,30.203436637005215
BEGALATES,17.212335072108008
BALEINEAU,15.587296716784289
BEQUETEES,38.78030070573796
BIZUTEREZ,26.482049708499538
BLONDIREZ,21.011660018410556
BRACHIALE,30.804848112918073
BOOTABLES,22.80362074255907
BICOLORES,17.05093586989874
BANDERIEZ,19.23381405339061
BORELIENS,10.660632095734888
BRANDIRAS,17.03988953666769
BUGUERAIT,33.017183185026084
BROUILLES,12.163547100337526
BALLERAIT,20.647744706965327
BOULOTTER,26.746548020865298
BOMBERAIS,26.394906413010126
BRETTAMES,24.10586069346425
BRUNIRENT,16.99570420374348
BIVOUAQUA,81.15342129487573
BENZOATES,18.31328628413624
BEALIERES,15.865909788278612
BALISERAI,22.06781221233507
BLESASSES,56.67904265111998
BRUNIRONS,12.653267873580853
BOURDAMES,20.82264498312366
BEDONNANT,68.11199754525929
BOUINEREZ,14.466707579011967
BOULANGES,12.38324639459957
BRANLANTE,21.765265418840134
BRONCHONS,58.78705124271249
BRETTEREZ,52.126725989567355
BOURRAGES,17.689168456581772
BLUFFERAS,43.81067812212335
BICAMERAL,38.07640380484811
BALANCIEZ,26.27769254372507
BAIGNEREZ,18.992635777845965
BATACLANS,18.756366983737344
BASCULAIT,14.684565817735502
BILATERAL,29.120895980362075
BROYASSES,39.45719545872967
BOUCHONNE,104.10156489720774
BAVASSAIT,46.906719852715554
BRUNCHONS,30.58330776311752
BOSSELAGE,20.264805154955507
BEATIFIER,21.465787051242714
BILABIALE,60.93494937097269
BARRAIENT,16.152500767106474
BENISSANT,25.521632402577477
BUISSAIES,32.62319729978521
BARBANTES,16.89015035286898
BACLAIENT,17.39828168149739
BALTERIEZ,11.11782755446456
BILERIONS,16.65633629947837
BRAILLAIT,22.83553237189322
BRACONNAI,26.746548020865298
BRADERONT,22.579011966861
BOUGRERIE,20.796870205584536
BOSSUEREZ,20.059834305001534
BLASERAIT,14.052470082847499
BRIDERAIT,29.625958883092974
BILOTAMES,13.6529610309911
BRADERIES,17.814360233200368
BAGUISTES,13.905799324946303
BAHAMIENS,26.990794722307456
BEUVERIES,21.042957962565204
BOUQUINAI,49.47131021785824
BRIMAIENT,20.401043264805153
BIPENNEES,38.40227063516416
BIFURQUES,41.41546486652347
BOUCLAMES,18.807302853636084
BARDERONS,16.634857318195767
BABILLAIS,42.31635471003375
BRANLOCHA,37.70880638232587
BOSTONNES,31.285977293648358
BRUMISIEZ,24.84412396440626
BADGERIEZ,26.344584228290888
BRAMASSES,42.85701135317582
BOUTURANT,24.926971463639152
BOULERIEZ,12.928812519177661
BILOTERAI,20.845351334765265
BROCHERAS,40.56305615219392
BAUQUIERE,27.561521939245168
BLOQUATES,17.625958883092974
BRUISSERA,20.430500153421296
BASIPHILE,39.17305922061982
BIGRERONT,19.791040196379257
BALEINANT,22.93003988953667
BASTERENT,15.600797790733354
BALAIERAI,37.94998465787051
BOITILLAI,42.01994476833384
BARNACHES,25.34734581159865
BRETTEURS,22.057993249463024
BROUETTAT,27.48910708806382
BENEFICIE,66.9797483890764
BALISIONS,13.123964406259589
BAISSERAI,26.74347959496778
BOUCLERAS,18.3476526541884
BIENFAITS,24.832463945995706
BACTRIENS,11.495243939858852
BAISERONS,10.653267873580853
BATAILLES,16.409021172138694
BONDISSEZ,30.131635471003374
BIODIESEL,15.723534826633937
BUTTERIEZ,22.342743172752378
BREVETANT,31.474378643755752
BANCABLES,23.346118441239643
BOSNIAQUE,20.37465480208653
BUCHEUSES,47.61552623504142
BLUFFEUSE,83.95121202822952
BOUFFISSE,46.51334765265419
BAROUFLES,11.619822031297945
BACHERONT,25.595274624117827
BERCERAIS,22.251304081006445
BASANEREZ,18.270942006750538
BASTONNEE,13.815587603559374
BAVOCHAIT,50.24393985885241
BOMBAIENT,33.52040503221847
BIAISASSE,48.60233200368211
BASTERONT,17.062595888309296
BRONCHADE,44.82387235348266
BIFURQUEE,47.767720159558145
BEERAIENT,22.819576557226142
BARETIONS,10.236575636698374
BAFRASSES,44.86867137158637
BRADERONS,19.322798404418535
BULLERENT,18.76066277999386
BOUINERAS,12.442773857011353
BURUNDAIS,20.750843817121815
BONDONNES,71.42712488493403
BOUFFONNA,128.9355630561522
BORNAIENT,21.648051549555078
BURONNIER,20.215710340595276
BERDELLAS,23.681190549248235
BORDUREES,12.59128567045106
BRAMERONS,18.934335685793187
BORDURONS,21.906413010125807
BANCHEREZ,34.61276465173366
BANALISES,13.81067812212335
BECHEVETE,145.85179502915005
BOETTIONS,30.06965326787358
BRETTERAS,25.068119054924825
BRIMERONT,20.18932187787665
BARBIFIEE,27.068119054924825
BOTTELONS,23.34120895980362
BOUVREUIL,36.58453513347653
BOUFFIMES,32.620128873887694
BRIGANDES,16.52193924516723
BATONNAIT,28.01442160171832
BRULASSES,19.45658177355017
BOQUETEAU,34.666155262350415
BIGREMENT,20.74102485424977
BOURRELAS,16.34090211721387
BITERIONS,17.493402884320343
BIGORNONS,34.49064130101258
BLOUSANTE,14.729978521018717
BATASSIEZ,24.725069039582696
BLASEMENT,17.45044492175514
BRUSQUANT,22.194845044492176
BOBINATES,14.386928505676588
BIELLETTE,49.40503221847192
BRASERONT,15.555998772629641
BITTURIEZ,22.628720466400736
BRISOLEES,10.82755446455968
BRANLERAI,23.954280454127034
BOSTONNAI,31.572568272476218
BEUGLERAI,29.623504142374962
BLEMIRAIS,23.361460570727218
BIZUTAMES,22.444614912549863
BLESSIONS,29.93893832463946
BICHAIENT,41.685486345504756
BRADYPNEE,46.07763117520712
BARATERIE,14.91776618594661
BLEUTEREZ,32.02608162012887
BACLASSES,34.37220006136852
BONNEMENT,47.67628106781221
BAQUERAIT,19.34305001534213
BIGORNAIS,18.09297330469469
BEQUETIEZ,41.737649585762505
BIENVOULU,50.97422522246088
BIGOTERIE,19.91991408407487
BANCHAGES,35.53697453206505
BAHUTAGES,20.61460570727217
BRAQUERAI,42.33231052470083
BARACHOIS,20.588217244553544
BURALISTE,11.033138999693158
BARATTIEZ,22.857625038355323
BIFFERONT,32.710954280454125
BEDEGUARS,28.935563056152194
BARATINES,10.23780300705738
BROSSASSE,55.69162319729978
BENTHIQUE,30.727523780300707
BISTRAMES,19.997238416692237
BENTAZONE,32.216937710954284
BERDELLES,32.609696225836146
BORGNOTEE,20.94292727830623
BALLOTIEZ,22.718318502608163
BRONCHENT,49.53942927278306
BITTURAIS,16.683338447376496
BUTINEUSE,21.62964099416999
BANDAISON,29.497698680576864
BOYAUTIEZ,27.06075483277079
BRICOLIEZ,27.081620128873887
BIPHASEES,35.2528382939552
BOURDEREZ,31.19637925744093
BETISASSE,32.794415464866525
BROUTAGES,12.43786437557533
BLANCHOYA,72.98895366676895
BAGARRAIT,32.2635777845965
BARETERAS,17.061982203129794
BESOGNEUX,38.86314820497085
BIZUTERAS,17.99785210187174
BUCHERAIT,32.29733046946916
BALLERAIS,18.316354710033753
BAGOTTENT,44.32740104326481
BLABLATES,32.71770481742866
BATELLENT,30.247008284749924
BROQUEREZ,37.26818042344277
BRASSEYEZ,40.44891070880638
BERDELLAI,32.202822951825716
BRESILLAT,18.207732433261736
BALISEREZ,13.991101564897209
BORNOIENT,36.291807302853634
BLOGUIONS,19.42957962565204
BALAYIONS,16.609696225836146
BENTONITE,30.481436023320036
BRIDGEREZ,49.700214789812826
BERMUDIEN,24.195458729671678
BOLIVARES,13.370052163240258
BIINFINIS,98.37035900583001
BAGOTERAS,17.92236882479288
BARAGOUIN,18.80423442773857
BITONNAIT,37.752991715250076
BIDOUILLA,39.983737342743176
BAVOCHONS,57.60202516109236
BALTHAZAR,41.042957962565204
BESSONNES,36.27462411782756
BITUMIONS,16.346425283829394
BOBINIERS,24.94292727830623
BICARREES,13.859772936483584
BIVARIANT,25.243019331083154
BALLONNEE,25.19822031297944
BEURRAMES,20.60601411475913
BIGLERONS,12.585762503835532
BRAVAIENT,20.10340595274624
BACHOTAIS,25.500767106474377
BALANCAIT,26.036514268180422
BERDELLEZ,62.89935563056152
BATONNIEZ,20.516416078551703
BENNERONS,29.653574716170606
BISSERAIS,34.228597729364836
BAISSIERS,27.9051856397668
BLATERAIT,22.070266953053086
BIGARRENT,18.42068119054925
BATAYOLES,18.03774163853943
BALBUTIER,13.524700828474993
BARATTAIT,50.5372813746548
BANJOISTE,18.564897207732432
BRIEFAMES,23.80208652961031
BALANITES,9.954280454127034
BLEUATRES,11.047867444001227
BLUTERAIS,10.161092359619515
BOUSILLAS,21.54495243939859
BUGUERONS,23.90334458422829
BASTONNEZ,22.87112611230439
BORGNOTAI,24.26971463639153
BARBOTAIS,15.773243326173674
BACHASSES,65.43080699601104
BECQUETER,41.744400122737034
BRONZIERE,21.67812212335072
BARBERIEZ,27.579932494630256
BIPARTITE,46.41577170911322
BLINDAMES,18.914084074869592
BALDAQUIN,30.403498005523165
BIFFERIEZ,57.907026695305305
BRIMBALEE,26.48818656029457
BADASSIEZ,38.239644062595886
BOUBOULER,55.63393679042651
BLASERIEZ,15.912549861920835
BARRICADE,33.907640380484814
BRUMISANT,10.778459650199448
BIBARDIEZ,57.983737342743176
BEDONNIEZ,42.4102485424977
BRULEUSES,15.266953053083768
BANCARISA,22.8527155569193
BRESILLES,21.51119975452593
BANCHERAS,30.687020558453515
BIBACIERS,33.11598649892605
BEAUFERIE,31.540656643142068
BILIEUSES,13.511813439705431
BEVATRONS,17.83338447376496
BAGOTIONS,15.855477140227064
BOOSTATES,31.296409941699906
BRETESSES,31.09205277692544
BEEFSTEAK,76.38570113531757
BEQUAIENT,23.131942313593125
BRAIERAIS,19.980055231666157
BARRIEREZ,30.27339674746855
BOSSELERA,16.152500767106474
BOISEMENT,15.028229518257135
BEQUILLER,38.639766799631786
BORNITUDE,16.25498619208346
BEUGLASSE,30.566738263270942
BORDASSES,31.16017183185026
BISAIEULE,15.823565510892912
BAIGNAMES,20.54096348573182
BLAFARDES,21.405645903651425
BISCAIENS,28.5998772629641
BRIGUAMES,17.042344277385702
BOSTRYCHE,54.32003682111077
BREFFAGES,42.20650506290273
BUVOTAMES,26.90917459343357
BULLERAIT,20.86744400122737
BRIMERAIT,29.21478981282602
BREVETENT,44.93433568579319
BRAVERIES,20.69683952132556
BAUGERENT,11.8211107701749
BOUTERAIS,11.034366370052163
BLOGUERAI,28.704203743479596
BRACELETS,13.359005830009206
BARBOTANT,25.86959189935563
BROUILLYS,23.718011660018412
BALKANISE,23.845044492175514
BULLERIEZ,26.489413930653576
BRIDASSES,30.302239950905186
BOURDIONS,20.774163853942927
BAFFERIEZ,37.54372506903958
BATELEUSE,18.14513654495244
BRAYERONT,24.904878797177048
BITUREREZ,17.662779993863147
BRASSASSE,66.24087143295489
BEGUAIENT,19.851795029150047
BIENVENUS,26.717091132249156
BOUGERAIT,19.09082540656643
BUFFLONNE,70.11261123043879
BEQUASSES,47.87572875115066
BOTTELEUR,17.010432648051548
BALTAIENT,19.01902424056459
BOISERIES,12.261736729057994
BAGUERAIT,17.060141147591285
BROUSSINS,16.40165694998466
BOOSTIONS,33.23320036821111
BILLONNER,30.430500153421296
BIQUERAIS,23.552316661552624
BIGARREES,14.545872967167844
BRACONNAT,21.675053697453208
BABELEREZ,41.17060447990181
BILANERAS,13.546793494937097
BECHAIENT,35.073028536360844
BUCHERAIS,27.791040196379257
BOUDINAIT,18.591899355630563
BISMUTHES,26.22307456274931
BONNETIER,14.177661859466093
BITONNONS,40.258668303160476
BONHOMIES,34.69070266953053
BRUMISERA,22.670451058606936
BARLOQUES,12.544031911629334
BROCANTER,18.499232893525623
BASANIONS,20.170911322491563
BREVETERA,53.94262043571648
BIBELOTAT,35.33138999693158
BIOLOGISA,36.30837680270022
BLUFFANTS,34.05983430500154
BRANLAMES,15.895366676894753
BANNISSES,28.21693771095428
BRAYERONS,21.085915925130408
BUVETIERE,34.877262964099415
BERNICLES,13.749923289352562
BRETTELEE,35.41423749616447
BISQUERAS,28.61706044799018
BOTTINENT,58.04940165694998
BRYOPHYTE,114.76557226142988
BOULINONS,21.012273703590058
BRODERAIS,21.337526848726604
BLABLATAT,94.998772629641
BOCAGERES,16.93065357471617
BOSSERENT,13.723534826633937
BEOTISMES,19.663393679042652
BRISABLES,19.266953053083768
BIBELOTAI,39.194538201902425
BREVETTES,34.88830929733047
BIAISERAS,25.36452899662473
BAGOULAIS,14.61890150352869
BALAIEREZ,17.367597422522245
BURINAMES,12.982203129794415
BAFFERAIS,32.09051856397668
BORNERAIS,14.083768027002147
BIDONNAGE,44.03344584228291
BARBOUZES,21.21847192390304
BLACKOUTS,30.189935563056153
BUDGETANT,46.66738263270942
BANANAMES,42.58146670757901
BONIFIAIT,37.03436637005216
BESOGNAIT,21.973918379871126
BLASTAMES,28.65879104019638
BALADIONS,13.730899048787972
BIVALENTE,19.994783675974226
BEURRERIE,44.07272169377109
BITUMASSE,25.214176127646518
BATHYALES,24.83369131635471
BAISABLES,22.016262657256828
BERNIQUES,14.83369131635471
BIAISAMES,31.347959496778152
BRAIERIEZ,26.267873580853024
BILABIEES,18.258054617980974
BITURERAS,13.626572568272476
BAVARDAGE,100.54157717091132
BELOTERAI,18.597422522246088
BOISERAIS,17.643142068119054
BOTTELAGE,25.006750536974533
BOTTERAIS,17.125191776618596
BRAILLONS,14.725069039582694
BOUTONNAI,32.89260509358699
BOOKMAKER,106.52255293034673
BETONNAIS,19.989260509358697
BALADAMES,37.398281681497394
BRASSEYAS,57.632095734888004
BOUCLIONS,18.847806075483277
BOTTINERA,24.529303467321263
BAGARRAIS,29.908254065664313
BAGUERENT,12.928812519177661
BAVASSONS,44.07579011966861
BRUNCHIEZ,31.843203436637005
BEGAYATES,29.570727216937712
BROCANTAT,20.099110156489722
BROSSERAI,25.356551089291195
BOTULIQUE,32.66492789199141
BIDONNIEZ,52.61399202209267
BITASSIEZ,31.879410862227676
BRANDILLE,27.32648051549555
BOCARDAGE,46.98772629640994
BECQUAMES,38.677201595581465
BACLERONS,11.524700828474993
BALLONNAT,28.812212335072108
BRUSQUERA,53.465787051242714
BOUSCULAI,30.335992635777846
BLUFFEREZ,57.46824179196072
BARBITALS,15.058913777232279
BROUTERAI,20.2206198220313
BAISOTAIS,17.484811291807304
BOSNIENNE,26.338447376495857
BROWNIENS,28.963178889229827
BRIOCHANT,19.77262964099417
BRUNCHERA,46.723227984044186
BATIFOLES,12.243939858852409
BRUMISONS,15.013501073949064
BRANLATES,10.645903651426819
BAPTISERA,23.76403804848113
BOULERENT,10.023626879410863
BEGALIONS,16.280147284443082
BRANCARDE,35.156489720773244
BRAMERAIS,23.29088677508438
BATIMENTS,18.308376802700217
BROUETTEZ,18.245167229211415
BOULONNAS,25.208652961030992
BEMOLISEZ,22.734888002454742
BOETTERAS,20.264805154955507
BROCHIONS,32.11997545259282
BLUFFIONS,25.519791347038968
BLOGUAMES,21.783675974225222
BIQUERONS,14.213255599877263
BEQUILLES,27.22092666462105
BRUISSIEZ,23.83399815894446
BOULETTES,10.867444001227371
BIJOUTIER,21.328935256213562
BOOSTEURS,22.969315741024854
BATISSENT,19.319729978521018
BARATINAI,21.824179196072414
BILOQUENT,19.01718318502608
BLEUTERAS,17.189628720466402
BIBARDANT,23.94139306535747
BALBUTIAI,24.94354096348573
BIBARDONS,21.072414851181342
BRIEFEREZ,62.0942006750537
BOSSELURE,13.449831236575637
BANNISSEZ,29.748082233814053
BLUTERENT,15.424670144216018
BALAYERAI,53.794108622276774
BURINEREZ,21.02332003682111
BLESERIEZ,25.698373734274316
BOUSCULEZ,35.771402270635164
BEGUETERA,36.14329548941393
BLOUSASSE,35.74808223381405
BITUMINAI,38.420681190549246
BARRIERER,33.281067812212335
BRANLETTE,16.156182878183493
BRICOLAIS,15.178582387235348
BRILLAMES,21.074869591899354
BOUCANIER,18.050015342129488
BACHIQUES,28.79625652040503
BENEVOLAT,27.9266646210494
BORNOYONS,76.13102178582388
BABILLARD,51.474378643755756
BOURSIERS,17.300092052776925
BRUISSENT,12.21018717397975
BARBOTERA,33.26818042344277
BANNERENT,27.11353175820804
BONZESSES,30.504756060141148
BOUTAIENT,22.773550168763425
BAISSAMES,40.036514268180426
BUVOTEREZ,28.06106167536054
BACHOLLES,33.51733660632096
BARRERONT,22.937404111690704
BLAIREAUX,27.569499846578704
BABELIONS,17.20251610923596
BERNOISES,12.547714022706351
BRULAIENT,9.46946916231973
BAZARDAIS,36.93065357471617
BOUDINANT,22.312058913777232
BILANGUES,12.78521018717398
BOUGERENT,14.746548020865296
BLOBLOTER,55.61859466093894
BETIFIENT,41.33507210800859
BATONNANT,47.866523473458116
BOISERAIT,15.305001534212948
BADGEASSE,34.175207118748084
BELVEDERE,76.61767413316969
BAHREINIE,18.08008591592513
BLASERENT,11.908867750843816
BATONNONS,36.817121816508134
BRANCHAIT,24.791347038969008
BEQUILLEZ,58.04387849033446
BOISSEAUX,27.55968088370666
BUCHERIEZ,38.80853022399509
BIOMASSES,34.817735501687636
BORGNOTEZ,33.4841976066278
BOUGNOULE,65.93525621356244
BISCUITAI,32.005216324025774
BAISSASSE,58.97238416692237
BOUFFEREZ,45.90088984351028
BRASERONS,16.260509358698986
BOSSETTES,26.836759742252223
BRUNIRIEZ,20.25621356244247
BUTTERENT,32.50046026388463
BISCUITAS,19.636391531144522
BRANDITES,11.487879717704818
BAZARDANT,35.182264498312364
BARATTERA,52.182571340902115
BIDASSENT,21.54924823565511
BRAMERENT,21.788585455661245
BALLOTTAT,54.16231972997852
BANQUIONS,20.066584841976066
BRANLASSE,19.6940779380178
BLESERONS,15.079165388155875
BOITERENT,15.087756980668917
BABELLENT,32.90242405645904
BUTYREUSE,41.0417305922062
BUGUAIENT,32.14943234120896
BEGUETAIS,18.238416692236882
BROOKITES,19.342436330162627
BITUMINER,20.21264191469776
BIDONNEES,19.767720159558145
BRASSEUSE,27.92482356551089
BLINQUANT,23.525928198834
BRIMBALAS,24.79380177968702
BECASSINE,23.054004295796258
BRULERIES,9.243019331083154
BRANLAGES,14.219392451672292
BARRACUDA,66.87542190856091
BRECHIQUE,48.92942620435716
BOUILLEUR,38.75882172445535
BOBINETTE,25.020251610923598
BONIMENTA,34.21018717397975
BLONDOYAT,45.12826020251611
BLUFFERAI,56.72445535440319
BITUMINAT,30.674746854863454
BARLOQUAT,16.51334765265419
BAVOCHEES,32.371586376189015
BOUTEHORS,21.49463025467935
BATONNETS,25.962872046640072
BRANDIMES,17.992942620435716
BLINDASSE,24.097269100951213
BUTADIENE,17.243633016262656
BAFOUILLE,28.78275544645597
BADINATES,13.888002454740718
BUTINASSE,17.386007977907333
BALISAMES,22.518257134090213
BRIFFERAS,45.352868978214175
BULLDOZER,50.61460570727217
BASTERONS,10.968702055845352
BASSINERA,20.1788892298251
BEATIFIAS,23.265725682724764
BICHROMES,33.51549555078245
BOMBERONS,37.49463025467935
BRODEUSES,13.603866216630868
BAPTISAIS,31.444921755139614
BARONNAIS,14.866830316047867
BAFOUIONS,17.63332310524701
BILLETEES,18.626879410862227
BUCHAIENT,34.29855783982817
BRAISATES,13.963485731819576
BRETESSEE,30.151887081926972
BITTURENT,26.34151580239337
BATONNAIS,15.10309911015649
BAPTISTES,26.458115986498925
BENGALAIS,19.160785517029765
BAUGEAMES,16.194231359312674
BOUQUINEZ,42.0107394906413
BABELASSE,38.14022706351641
BASTERNES,9.586683031604787
BIOGRAPHE,60.33292420988033
BRASSERAI,30.011353175820805
BONDERISA,19.182264498312367
BOURBIERS,20.36422215403498
BRUMISENT,12.753298557839829
BIBLIQUES,31.49892605093587
BOUTEILLA,19.693464252838293
BAROUDENT,15.70757901196686
BAUDRIERS,13.885547714022707
BARONNETS,16.727523780300707
BORDELAIS,14.219392451672292
BAFOUAMES,22.680883706658484
BOXONNIEZ,79.90027615833078
BOTTAIENT,38.564897207732436
BATELAMES,16.918379871126113
BEQUERENT,29.917459343356857
BROCARDES,21.5474071801166
BATUCADAS,27.79840441853329
BATAILLEE,16.795029150046027
BIBELOTEZ,29.07977907333538
BIJECTIVE,82.07763117520712
BUGUERENT,27.25038355323719
BECHEUSES,46.20405032218472
BALLUCHON,55.635164160785514
BOULOTANT,27.504449217551397
BLUFFATES,29.190856090825406
BOURSIERE,13.273089904878796
BAGOULAIT,15.653574716170604
BARCASSES,34.79380177968702
BRIOCHENT,26.622583614605706
BOTTINIEZ,27.244860386621664
BISCUITAT,25.224608775698066
BLEUIRAIS,14.73059220619822
BLAMERIEZ,26.640994169990794
BASSINAIT,18.56366983737343
BRANDIREZ,27.342436330162627
BASQUAISE,28.415771709113226
BALAYATES,29.474378643755752
BARBASSES,43.119054924823565
BARBOTINE,15.67566738263271
BLUTINERA,13.916845658177355
BAYONNAIS,26.851488186560296
BRUMAIRES,12.69683952132556
BANALISAT,14.993249463025467
BALLONNER,30.13470389690089
BIFURQUAT,47.99785210187174
BALLOTANT,26.63547100337527
BOULOTERA,28.49677815280761
BROSSAGES,32.1371586376189
BEURRERAS,31.43203436637005
BLESAIENT,13.67996317888923
BISCUITEE,14.388769561215097
BUNKERISA,23.02270635164161
BECQUEREZ,73.4829702362688
BACLERAIT,17.010432648051548
BALLOTINE,15.40625958883093
BECQUERAI,48.73181957655723
BADINERAI,30.69683952132556
BORDANTES,13.225836146057073
BULLETINS,14.787664927891992
BLETTIRAS,18.769254372506904
BLASERONT,12.400429579625651
BUILDINGS,26.248849340288434
BLOGUERAS,20.47775391224302
BALISASSE,34.31758208039276
BLESERONT,13.501994476833385
BRONZANTE,28.63792574409328
BLOGUEREZ,25.980055231666157
BIENJUGES,22.28812519177662
BANANEREZ,28.205277692543724
BRACTEAUX,32.44154648665235
BASTONNAS,18.444001227370357
BOXASSENT,29.827247621969928
BIMESTRES,19.963485731819578
BRETTELEZ,36.314513654495244
BEGALERAI,31.10739490641301
BOTTIERES,12.354403191162934
BEMOLISAS,21.059527462411783
BARDASSES,36.975452592819885
BARONNIEZ,24.24025774777539
BLOTTIRAS,13.708192697146364
BIGLOUSAI,23.04848112918073
BOULOTAIT,28.372200061368517
BOUFFASSE,58.41208959803621
BALLASTER,20.952746241178275
BALTERENT,14.77048174286591
BEURRIERS,22.331083154341822
BISCORNUE,15.287818349186868
BANCAIRES,12.397361153728138
BORDERENT,20.084995397361155
BIFFERENT,29.96655415771709
BIAISIONS,27.992328935256214
BROCARDER,45.201902424056456
BIOPSIEES,25.752991715250076
BAISEMENT,12.806075483277079
BALLASTES,23.67812212335072
BARONNANT,29.09450751764345
BOITILLER,19.835225529303468
BIPARTIES,22.830009205277694
BLOTTIMES,18.125498619208347
BLACKJACK,294.76618594660937
BAROSCOPE,40.87603559374041
BARBIFIAS,30.11383860079779
BAFRERAIT,26.92451672292114
BATISSAIS,34.262350414237495
BARBOTONS,20.6422215403498
BORDURIEZ,23.011660018410556
BADGERENT,19.68855477140227
BRODAIENT,16.57042037434796
BARIOLIEZ,17.792267566738264
BOIRAIENT,15.740718011660018
BONDERONT,51.821724455354406
BICHETTES,27.936483583921447
BIAISEREZ,22.142068119054926
BRUITEURS,20.505983430500155
BERKELIUM,32.809757594354096
BIQUERONT,18.498619208346117
BALLOTAIT,30.7269100951212
BITUMINAS,16.676587910401963
BAGUETTES,14.584535133476527
BAILLIVES,25.667075790119668
BETIFIAIS,43.82724762196993
BECOTASSE,28.011353175820805
BORNOYAIS,23.133169683952133
BILOTATES,12.72015955814667
BIOGENIES,14.152500767106474
BATTANTES,25.632709420067506
BOUTONNEE,22.60601411475913
BALOURDES,8.485731819576557
BALISEURS,12.564897207732434
BOGOMILES,25.171831850260816
BOUSCULEE,19.972691009512122
BOURREREZ,35.5891377723228
BLONDISSE,26.116293341515803
BONIFIENT,45.36943847806076
BLOUSANTS,16.372813746548022
BLASONNAT,19.41730592206198
BARETATES,15.720466400736422
BUTYLIQUE,67.0214789812826
BITTERAIT,47.076710647437864
BISSEXUEE,28.80607548327708
BERCERENT,34.26112304387849
BOUTEILLE,13.70082847499233
BERNARDIN,39.41914697760049
BLOUSIONS,18.472230745627492
BATIFOLER,14.4102485424977
BARETASSE,19.967167842896593
BAGATELLE,33.81251917766186
BARBIFIEZ,48.08008591592513
BRINDILLE,36.6630868364529
BANQUAMES,24.172138692850567
BENISSIEZ,32.68824792881252
BRAISEREZ,23.95121202822952
BOCARDIEZ,36.75145750230132
BAIGNATES,13.400736422215404
BOUILLONS,22.736729057993248
BITUMATES,19.61307149432341
BUTINEURS,19.085302239950906
BUVOTERAI,30.82080392758515
BOISASSES,39.18103712795336
BOUSCUEIL,25.767720159558145
BAYESIENS,22.607241485118134
BIGOPHONA,92.76127646517337
BRODERONS,28.482663393679044
BAGOTTAIS,22.727523780300707
BANNIRONS,17.680576864068733
BOMBANTES,22.76250383553237
BILIGENIE,35.38723534826634
BAGAGISTE,32.44584228290887
BERLURONS,10.925130408100644
BRESTOISE,16.249463025467936
BATONNATS,23.065050629027308
BIPERIONS,30.78336913163547
BRAMERONT,22.79748389076404
BATAVIQUE,34.0107394906413
BROUTATES,12.944154648665235
BANNERETS,13.550475606014114
BONDONNAT,83.1884013501074
BALSAMINE,15.196379257440933
BIDONNAIS,30.863761890150354
BACHOTERA,41.64130101258055
BOULOTAIS,14.97238416692237
BANNIRAIT,19.593433568579318
BRASSEURS,34.861920834611844
BARBAQUES,24.83798711261123
BREVETAGE,44.00214789812826
BUVETIERS,21.274930960417304
BONHOMMIE,96.61153728137465
BRICOLENT,15.38969008898435
BILHARZIE,29.98128260202516
BADINASSE,26.497391837987113
BERCANTES,14.71770481742866
BANNIERES,11.973918379871126
BOUFFONNE,115.3995090518564
BOSSUAMES,37.51733660632096
BECQUETAT,54.681497391837986
BRUITERAS,12.80853022399509
BROQUERAI,39.44614912549862
BINOMIALE,25.528996624731512
BETONNERA,31.40196379257441
BADINAGES,20.664314206811905
BEDEPHILE,112.01871739797484
BASANERAI,25.736422215403497
BORDERAIT,23.064436943847806
BLASONNER,19.551089291193616
BRETELLES,21.50935869898742
BINOMIAUX,43.44860386621663
BRANLEBAS,20.221847192390303
BASASSIEZ,47.00429579625652
BATAILLER,19.19760662779994
BARKHANES,28.699294262043573
BALIGANDE,28.776004909481436
BRISERIEZ,24.90549248235655
BRAILLENT,16.884013501073948
BLAMERENT,17.539429272783064
BUTANIERS,12.513347652654188
BORDEUSES,13.047867444001227
BALTERAIS,10.488186560294569
BIGRERENT,18.918379871126113
BRISCARDS,31.976373120589137
BAECKEOFE,76.83614605707272
BEUGLEUSE,66.4746854863455
BROCARDAS,23.593433568579318
BAGOTTAIT,47.220312979441545
BERNERAIS,15.927278306228905
BOUTURAGE,26.90549248235655
BOUCANAGE,29.61307149432341
BOITILLAS,18.18748082233814
BORNERENT,21.24854249769868
BILANAMES,14.922675667382633
BOTTERIEZ,19.025774777539123
BAISSEREZ,18.766799631788892
BALTERAIT,19.478674440012274
BATELIONS,9.972077324332618
BARATTANT,46.15618287818349
BIDONNAIT,34.454433875421905
BIOCENOSE,23.934028843203436
BLAMASSES,49.666462104940166
BOSSUASSE,56.40840748695919
BRAISASSE,33.45351334765265
BARDERIEZ,25.14360233200368
BRADAIENT,16.855783982816813
BISSEXTIL,36.057993249463024
BITONALES,8.922675667382633
BAVOCHERA,80.69070266953054
BRASSATES,26.80423442773857
BIZUTATES,21.50322184719239
BOUGONNAI,55.90273089904879
BARIOLONS,12.375882172445536
BINARITES,13.173059220619821
BOULOTIEZ,23.34673212641915
BERNERONT,24.7477753912243
BLEFFERAI,67.30070573795643
BRAILLEUR,26.840441853329242
BOSTONIEN,25.308069960110462
BULBILLES,48.10340595274624
BRANCHONS,36.741638539429275
BEGAIERAI,35.009818962872046
BASANASSE,58.0309911015649
BEQUETAIT,40.82939552009819
BOITEMENT,22.618287818349188
BOTTASSES,32.35808530223995
BRUITASSE,13.819269714636391
BALADASSE,51.990487879717705
BELEMNITE,32.247008284749924
BIORYTHME,50.722614298864684
BOUDINEES,11.034366370052163
BRUITAMES,11.055845351334765
BLATERERA,19.386621663086835
BANANIONS,27.32586683031605
BEUGLANTS,17.3786437557533
BOMBARDEE,31.98066891684566
BRAQUAGES,22.487572875115067
BASTILLES,17.378030070573796
BITUMAGES,18.700521632402577
BERNEUSES,17.01288738876956
BLUTERAIT,18.788892298250996
BRIEFERAI,52.10279226756674
BLASTEMES,23.855477140227062
BERLUREES,15.406873274010433
BAGARRENT,22.77048174286591
BAILLASSE,31.481742865909787
BIGORNENT,30.55139613378337
BLONDOYAS,42.39306535747162
BARBIFIAI,73.04909481436023
BOULERAIS,10.957042037434796
BLOQUEUSE,44.458115986498925
BOTTELAIT,34.96011046333231
BOSSAIENT,16.68640687327401
BAFRERENT,20.22307456274931
BUCHERENT,27.97882786130715
BOSSANOVA,46.98833998158945
BUZZERIEZ,53.582387235348264
BAISERONT,9.500153421294875
BICKFORDS,51.78428965940473
BOMBERENT,25.857318195765572
BRETTASSE,27.99355630561522
BASILIQUE,21.100644369438477
BRIQUETEZ,22.02055845351335
BAKELITES,13.670144216017183
BECOTERAS,19.555998772629643
BIATHLETE,25.85915925130408
BEYLISMES,37.82970236268794
BOITILLEZ,29.481742865909787
BEURRASSE,25.50997238416692
BLINDEREZ,24.308376802700217
BOULINIER,12.902424056459036
BOUILLAIS,20.453820190242407
BAISERAIT,15.648051549555078
BISEAUTAT,21.316047867444002
BARRERAIS,25.428352255293035
