ABLATAS,75.29991714995857
ALDOSES,81.59983429991715
ANCRIEZ,52.67439933719967
AUBIERS,45.90057995028997
ANOMIES,39.14415907207954
ARENACE,49.54183927091964
ALEPINS,52.732394366197184
ANNEXER,114.91052195526098
ANISAIS,82.70505385252693
ADMISES,78.88152444076222
ABROGEZ,106.0016570008285
ABECHAT,135.03893951946975
AETHUSE,80.84507042253522
ASSETTE,94.52029826014913
AZERIES,45.36619718309859
AGRANDI,71.0215410107705
AGNELET,61.47638773819387
AGUICHA,121.32974316487159
AGNEAUX,129.68434134217068
ANIMAIT,82.30571665285832
ACCOUEZ,168.11930405965202
ACCOREZ,121.22535211267606
ACERENT,58.046396023198014
AZURANT,58.19221209610605
AJUSTEE,62.23363711681856
ALERTAT,67.21209610604805
APRAXIE,69.38276719138359
AGENDER,77.94614747307374
ABOULAS,57.96768848384424
ACHYLIE,143.82104391052195
AMMONAL,128.23198011599007
AGREEUR,118.4125932062966
AFFOLAS,115.96271748135874
ALCAZAR,124.74565037282518
AILETTE,67.21209610604805
ABORAUX,110.84175642087821
ALGIQUE,99.91632145816072
ABECHEZ,204.11350455675228
ABONNIT,101.75393537696769
AMASSEE,75.42004971002486
ALIGNES,41.87323943661972
ATLANTE,73.08119304059652
ADIRAIT,63.43744821872411
AMURANT,52.538525269262635
AIMERAI,74.5559237779619
ACETYLA,125.04473902236951
ANHELAT,78.35376967688484
ARROSER,86.77464788732394
ACCOTEZ,131.9751449875725
ARBOREE,72.2178956089478
AXONGES,81.56917978458989
ABONNIS,87.28831814415908
AVISAIT,84.73985086992543
APPELLE,251.79287489643744
ASBESTE,76.3910521955261
ANGIOME,68.14250207125103
AESCHNE,102.07953603976802
AZOTEUX,155.7887323943662
AMENDAI,90.54763877381939
ANNOTAT,125.83429991714996
ASSENES,102.70091135045567
AUNAMES,47.2046396023198
AURONES,31.863297431648714
AGLOSSA,104.27506213753107
AGRAFEE,84.80613090306545
ALEVIES,52.183098591549296
ADOPTAT,143.27009113504556
ADESSIF,133.75144987572494
ACCOLAS,91.95857497928749
AFFECTA,172.24440762220382
AUGURAT,91.64457332228666
AUCUBAS,115.59486329743164
ALCALIS,76.39022369511184
ASSOUVI,127.5890637945319
ALLEGES,98.58989229494615
APORIES,34.64043082021541
ASSUMAT,79.71499585749793
AMITIES,54.64705882352941
APPUYAT,209.12593206296603
ALIENEE,63.87323943661972
ANNEXAI,133.30737365368682
ANNELET,74.1830985915493
AUDOISE,55.013256006628005
AVOINES,44.096934548467274
ANDRENE,92.19718309859155
ARTILLA,59.37531068765534
AFFAMAS,233.62468931234466
ASSONER,52.52195526097763
ABSIDAL,62.50952775476388
AUDACES,60.54183927091964
APAISES,64.74979287489644
ALTISTE,49.27920463960232
AMENERA,69.49130074565038
ARBRIER,98.50455675227838
ABECQUA,181.08036454018227
AVANCEE,90.8003314001657
AJOUTER,63.6023198011599
ASSOIES,86.85584092792047
AZUREES,57.07705053852527
AMBLANT,82.69179784589892
ALENOIS,43.75724937862469
AGREGAT,94.31648715824358
ABJUREZ,138.20381110190556
ABLERET,42.82932891466446
AGUERRI,90.33057166528583
ABOMINA,73.9784589892295
AVOINAT,53.097763048881525
ABERRAS,65.23032311516155
ADIRIEZ,89.03231151615576
ALEVINA,81.93206296603148
ARRIVAT,68.84672742336372
ACHENES,75.6238608119304
ASPERME,65.44573322286661
APPORTA,103.31151615575808
AVORTEE,44.70919635459818
ABLOQUE,141.50207125103563
ABANDON,182.77464788732394
ABCEDAT,93.98757249378625
ABREUVE,82.04059652029827
AROMATE,42.52692626346313
ACOMPTE,98.90886495443247
AVERIEZ,82.08616404308202
AVELINE,73.63960231980116
ACIEREE,56.607290803645405
APLATIR,51.05219552609776
APPARUT,106.5774647887324
AVINERA,66.92543496271747
AIDANTS,43.392709196354595
APOSTES,77.55095277547639
APIQUAS,81.38028169014085
ASSUMAI,84.39188069594034
ASSENAI,60.34631317315659
AVALAIT,110.85252692626347
APPUIES,77.016570008285
AMENAIS,48.98094449047225
APPARUE,95.33802816901408
AMENANT,120.50952775476388
ARRETER,91.52692626346312
ABSENCE,64.28666114333058
ADJURER,141.06545153272577
ARROSAT,44.76470588235294
ATTENUE,71.0016570008285
AGNOSIE,46.92046396023198
ABONDEE,75.92129246064623
AFFAMES,126.01739850869926
ASSOUPI,125.60977630488816
ALIGNAT,55.188898094449044
ALERTEZ,57.36205468102734
ANNELAT,88.07953603976802
ANISERA,37.26429163214581
AMYLASE,95.64374482187242
ABOULER,59.952775476387735
ARPIGNE,54.03728251864126
AMINCIS,93.52692626346312
ACIERES,29.733222866611435
AFFAMAI,279.85169842584924
ACCRETA,101.45981772990886
ABERRER,143.3661971830986
ASSOYEZ,173.30405965202982
AMAZONE,88.4059652029826
AMENEES,76.06876553438276
AMINCIT,105.75144987572494
AFFUTES,94.52195526097763
ABECHER,111.84092792046395
AILERON,46.284175642087824
AGITIEZ,102.25434962717482
ABUSEES,85.95691797845899
AUBOISE,55.191383595691796
AMEUTEE,78.01242750621375
ABUSIVE,68.67357083678542
AUGMENT,98.6072908036454
AVISEES,79.27506213753107
AVAIENT,69.29577464788733
ACTAMES,51.59983429991715
ABSTINT,77.73322286661143
ACQUETS,96.13587406793704
AIDIONS,89.5741507870754
ALKYDES,147.61971830985917
AGRICHA,103.48053024026513
AISSEAU,71.83595691797846
AVALAIS,90.85584092792047
ABSENTS,71.62966031483016
APPELAS,103.53355426677713
ASTUCES,66.23446561723281
AFFOLIR,135.2096106048053
ABIETIN,73.51449875724938
APHONES,77.93371996685998
ALLEGRE,116.88980944490473
APOTRES,40.462303231151616
AXIOMES,65.07125103562552
ADOSSAS,156.67357083678542
ASSUMEE,78.64208782104392
AZURAIS,42.48301574150787
ASTABLE,50.73073736536868
APEUREE,88.90555095277547
ACCORES,66.49378624689312
ABRICOT,59.663628831814414
ALERTAI,38.64291632145816
AIGREUR,99.56917978458989
ALERTAS,31.63048881524441
AVALISA,107.05716652858327
AMATIES,37.84009942004971
ALBACHE,131.13753106876553
ARBORAT,72.4076222038111
ANNOTEE,64.013256006628
AQUIGEZ,136.42584921292462
ABOTTEZ,133.6304888152444
ARNICAS,29.76801988400994
ANNUITE,57.29494614747308
ABDOMEN,113.57995028997514
ADOUBES,76.97100248550124
ABSCONS,143.07456503728253
ADENITE,51.222866611433304
AGACIEZ,91.53603976801989
ACIEREZ,58.49130074565037
ALLUMAT,110.83761391880697
AIRBAGS,56.207125103562554
ATTOOHM,348.96685998342997
ADJUGES,117.75144987572494
ANNOTER,56.468102734051364
ACCULEE,108.10273405136702
ALLEGIE,104.71333885666942
APPRETA,115.97183098591549
ADORNAI,48.291632145816074
ALENTIT,77.61309030654515
AGNELEZ,118.05633802816901
AMUIREZ,59.217895608947806
AMPUTAT,141.23777961888982
ANEMONE,115.47058823529412
ACONITS,44.71333885666943
AIMABLE,75.7986743993372
ACTIVEZ,89.66528583264292
ADEXTRE,83.8301574150787
AMPUTAI,78.4291632145816
AMORCES,46.44324772162386
ACERANT,57.48301574150787
APHELIE,96.47721623860812
ADJUREZ,139.03893951946975
ALERTER,55.11019055509528
ASSONAT,60.53603976801988
AXINITE,90.65037282518641
ACERAIT,44.90637945318973
ABRITEZ,50.19386909693455
ANTIFAS,42.588235294117645
ACHEVAS,117.17481358740679
ANGLAIS,50.826014913007455
ACTERAS,35.5940347970174
ABAQUES,86.04971002485502
ADIREES,34.563380281690144
ACCOTEE,82.32062966031484
AUDIBLE,73.11930405965202
AZURITE,42.77216238608119
ACIERIE,53.25352112676056
ARONDES,41.06130903065451
ACONAGE,78.47058823529412
ARACEES,42.24026512013256
ACTANCE,88.28500414250207
ARRETES,45.35376967688484
ABROGEE,66.53272576636289
ALTHAEA,106.12013256006628
ADIRAIS,54.607290803645405
AREIQUE,59.63877381938691
ARGUIEZ,63.79618889809445
APPOSAI,96.84092792046395
AFFALAT,239.90306545153274
ALIDADE,90.11184755592377
ANIMANT,89.48632974316487
ACHEVAT,146.50538525269263
AMENAGE,86.6023198011599
ASSONAS,109.4009942004971
ANODISE,51.132560066280035
AVALOIR,61.972659486329746
ALUNAGE,67.87986743993372
ABICHER,74.28003314001657
AUNIONS,70.70422535211267
APIVORE,75.29163214581607
ALVEOLE,137.78293289146646
ALGEBRE,83.26677713338857
ADONNEE,98.28997514498758
ADSORBA,73.61143330571666
ARCHETS,70.55509527754764
ARRIVES,56.139188069594034
ARAWAKS,170.60646230323115
APPUYES,163.57000828500415
ASSERTA,53.48053024026512
ASSECHA,150.30985915492957
AKVAVIT,191.09279204639603
AMUSEES,81.9618889809445
AERASSE,65.72245236122617
AJOUTEE,66.2162386081193
ANNELEE,139.71251035625517
AFFECTE,158.91632145816072
ASEXUEL,86.92709196354598
AFFLUAI,157.25849212924606
ASTASIE,46.03231151615576
ALUNONS,97.34797017398509
ARMADAS,88.4275062137531
AFFERMI,137.01988400994202
ASSOLEE,63.435791217895606
ARASAIT,43.76636288318144
ABOUTEE,52.020712510356255
AJUSTER,55.30405965202983
ADDITIF,257.8724109362055
ARBORER,134.13256006628004
ANGARIE,37.175642087821046
ADONNEZ,157.70671085335542
ASSOLAT,60.953603976801986
AMATHIE,68.8334714167357
AIRIONS,51.27589063794532
AVOYANT,126.30323115161558
AVIVONS,120.30405965202982
AURORES,52.224523612261805
ATTELAS,63.2145816072908
ATTIGEA,76.69511184755592
AMEUTAI,58.579950289975145
ACCROIT,79.75807787903894
ARNAQUE,64.05799502899751
ASPIRAS,54.95940347970174
ARRISEE,40.488815244407625
ACHARNE,68.09610604805303
AFFINES,76.61888980944491
ABOYANT,108.03893951946976
AFFADIT,147.44076222038112
ARILLEE,52.597348798674396
ALIGNAI,102.33471416735708
AMBLERA,93.85501242750621
AMAIGRI,105.92626346313173
ASSENEE,96.3844241922121
ALLOUEE,85.27091963545982
AUBAINS,40.468102734051364
ADIPSIE,96.51864125932063
APIQUAT,97.37531068765534
ARGUEES,46.937862468931236
AXONALE,87.57995028997514
ALLOCOS,220.71996685998343
ANNULEZ,121.96437448218724
AFFRITA,93.72742336371168
ACUMENS,73.20381110190556
ARGIOPE,60.181441590720794
ALTESSE,63.35791217895609
AVARIEZ,68.45733222866612
AMYLACE,127.92543496271747
AJOURNA,77.34631317315659
ALIZIER,71.93454846727424
ARSENAL,37.60314830157415
ALITAIT,110.70753935376968
ACCORAS,69.89726594863298
ACACIAS,108.65534382767191
ALUMINE,52.85584092792046
AGOUTIS,45.59320629660315
ADORNEE,46.56503728251864
ACENSAT,53.852526926263465
AMODIER,54.605633802816904
ALUNAIS,36.062966031483015
ACTEREZ,67.34879867439933
AMUSEUR,103.9618889809445
AMOLLIS,92.63131731565866
AQUIGEA,85.8500414250207
AVALANT,132.43744821872411
AMANITE,44.188898094449044
AGNELAS,57.34051367025683
ASSAGIE,69.0049710024855
ATTERRA,106.98922949461475
ARMEREZ,127.10521955260978
AMBRERA,134.00745650372826
ADOPTEE,73.83761391880697
AVOYAIS,85.77796188898094
ALLANTS,67.50124275062137
AGREEES,73.97514498757249
APEURER,95.0381110190555
ADISANT,46.48632974316487
ALLUMAI,115.90555095277547
AREISME,37.3794531897266
ABOULEE,62.76387738193869
AFOCAUX,187.2112676056338
ATHANOR,64.10273405136702
ALLEGRO,123.23446561723281
ANNULER,67.75724937862469
ADULAIT,57.428334714167356
AVILIES,74.28997514498758
ARMAMES,66.41839270919635
ABILLOT,114.96271748135874
AQUEDUC,292.824357912179
AFFOLEE,130.076222038111
AJOURES,57.132560066280035
ARDEURS,73.7605633802817
ABIMIEZ,136.10107705053852
AUTOURS,73.99088649544325
ALCADES,59.84507042253521
AURIQUE,97.66114333057166
ABCEDEZ,149.74482187241094
AMPERES,55.52526926263463
ALPAGES,74.94200497100249
AVANCAS,115.64043082021541
AUNEREZ,64.71499585749793
ANCRAIT,39.707539353769675
AFFURAI,113.29246064623032
ABATEES,48.11019055509528
AGIRONS,45.23777961888981
AVARIER,69.70919635459818
ASSOLAI,65.29080364540182
ABOULES,57.23446561723281
ABONNIE,86.46893123446561
ASSENAS,104.3943661971831
ARDATES,35.41673570836785
AMOCHAT,114.40347970173985
AURORAL,73.94780447390224
AMINEES,40.6023198011599
ABOMBER,121.86081193040596
AMADOUA,162.41673570836787
AQUIGES,70.92626346313173
ADOSSER,71.2096106048053
ANDINES,64.81110190555096
ARBITRA,64.23032311516155
ABRITEE,32.57083678541839
AMORTIS,34.96851698425849
AURURES,84.33471416735708
AVICOLE,87.3744821872411
ARGUAIT,43.46396023198012
APRETES,42.893951946975974
AILIERS,54.91549295774648
APEURAS,48.64208782104391
ARASERA,106.85086992543496
ATRESIE,26.594863297431647
AVALIEZ,92.08450704225352
ACIDULE,69.74896437448218
ADORAIT,41.10190555095278
APLATIT,101.05550952775477
ANALYSE,75.66114333057166
AIDATES,39.95526097763049
ABRUPTS,76.10687655343828
ANNOTES,56.504556752278376
AMARINE,39.0082850041425
APANAGE,133.30157415078708
ABCEDER,82.32311516155758
ABRITAS,29.27506213753107
AVIVAIT,176.54432477216238
ABRIBUS,83.00082850041424
ACCOLES,86.88898094449047
ANEMIES,40.826843413421706
ASSUMEZ,131.2642916321458
ALLAITE,63.85666942833471
AMIABLE,66.24606462303231
ATTIRAI,80.26097763048881
ACENSES,73.74565037282518
ALLEGEA,124.90140845070422
AVIVAGE,138.42336371168184
AORISTE,27.738193869096936
AGENDEE,138.8202154101077
AMBAGES,75.36536868268435
ATTISER,38.94117647058823
ASSIERA,55.343827671913836
ANTIAGE,44.28583264291632
ACHARDS,92.82601491300746
ASPECTA,76.1913835956918
ARRIMEE,57.487986743993375
AJUTAGE,103.13670256835128
AMUSIEZ,67.76801988400995
ABIMAIS,86.21872410936206
ABOIENT,56.84009942004971
ANORAKS,57.140845070422536
ADIPOSE,74.1930405965203
AIDEREZ,74.98757249378625
AGONISA,52.39850869925435
ADDICTS,102.15575807787904
ABJURAT,91.59817729908865
ARVALES,46.34631317315659
ALLACHE,183.68599834299917
AMORCAT,55.113504556752275
ABSENTA,51.87241093620547
ARCEAUX,88.3761391880696
AMUSIES,63.607290803645405
ATTELES,61.84092792046396
AFFECTS,128.8434134217067
AGACINS,53.32974316487158
ADOUCIT,76.23032311516155
ARMATES,33.835128417564206
AOUTONS,90.34217067108534
ACCOTAI,87.96685998343
ABIMAIT,100.22949461474731
ATONALE,47.3877381938691
AFFEREZ,174.68019884009942
AMADOUE,91.32974316487159
ALENTIS,34.88483844241922
AGENCAT,87.29908864954433
ARRISEZ,60.77216238608119
ACCISES,97.56338028169014
ABOULAT,64.74565037282518
ARRISAT,38.241922120961064
ANCHOIS,85.04971002485502
APTERES,43.02568351284176
ANGORAS,39.49378624689312
AFFAIRA,174.25352112676057
AGNATES,44.987572493786246
ACHAINE,71.74399337199668
AFFURAT,110.11184755592377
AEGIPAN,102.65285832642917
APLOMBS,134.39519469759736
ALUNAIT,43.49130074565037
ABORNEE,44.96354598177299
ARRETEZ,83.27837613918807
ACTRICE,60.062966031483015
AVALAGE,163.2029826014913
ABOTERA,69.84092792046395
ABBAYES,136.3960231980116
ADISAIT,69.63545981772991
AUREOLA,51.49212924606462
ALISMES,62.40845070422535
ARROGES,65.7622203811102
AVISERA,56.903893951946976
ALLAITA,119.4059652029826
ARCURES,57.343827671913836
ASEXUEE,112.51284175642088
ABSTEME,68.4440762220381
ALLOUAT,86.1665285832643
AZURONS,65.21375310687655
AFFRONT,132.84672742336372
ALLELES,125.76636288318144
ASCITES,49.71168185584093
AJOUTES,62.5940347970174
ABIMANT,63.63463131731566
ARROSES,76.99585749792875
ARRISER,65.62303231151616
ABORDES,55.41507870753935
APPATES,87.47721623860812
APOAPSE,109.55343827671913
ARCHEES,68.07373653686827
ASOCIAL,44.64291632145816
ALESAIS,62.95774647887324
ACCOUDA,187.8334714167357
ABUSANT,54.156586578293286
APLANIS,47.7937033968517
ACCOTES,74.70422535211267
ABOTTER,74.94614747307374
ARRISAS,61.350455675227835
ALCOOLO,526.9618889809445
AJUSTAS,101.8318144159072
ARCADES,48.019884009942004
ALESERA,49.504556752278376
AXERIEZ,90.31151615575808
ALESEES,102.89809444904722
AERIENS,35.06710853355427
ADHERAT,74.07787903893951
ATTENDU,116.67108533554267
ABOYAIT,84.76967688483845
ASIATES,43.47473073736537
APAISAS,110.6139188069594
ALGALES,91.29991714995857
AMARINA,74.21043910521955
APHTEUX,235.8019884009942
ACAULES,46.189726594863295
ADATOME,78.92046396023198
ARRETAT,91.85501242750621
AGRIOTE,39.87738193869097
AILLEES,66.97348798674399
ANSERIN,48.76636288318144
ABOLIES,42.82021541010771
ANIMENT,101.25434962717482
ALANGUI,70.48301574150787
ASSIGNE,67.81607290803646
AMPUTEZ,112.3877381938691
ABONNIR,93.1648715824358
AGISSEZ,100.7986743993372
ALIMENT,61.605633802816904
ANCIENS,72.02236951118475
ARTICLE,36.547638773819386
ACCOSTA,93.86661143330572
ALOGIES,40.83844241922121
AVALENT,95.29494614747307
AXAIENT,74.05385252692626
ABERRAT,78.2195526097763
AVALISE,58.581607290803646
AMIDONS,77.98260149130074
AMICAUX,125.85832642916321
ANODINS,97.44159072079536
ARRISAI,69.55840927920464
AXERONS,67.8500414250207
ALESONS,80.8036454018227
APLOMBA,143.71333885666942
AIRERAI,90.93620546810273
ABREAGI,69.1665285832643
ABOUCHA,165.44407622203812
AUSPICE,61.705882352941174
ADULTES,46.56172328086164
ABCEDES,75.25434962717482
APPOSES,155.7522783761392
AMURIEZ,62.64374482187241
AUGUREE,92.8318144159072
ANIMEES,41.05799502899752
AVENIRS,49.82767191383596
AGRIFFE,122.89395194697597
ADSTRAT,66.93040596520298
ABOLIRA,56.003314001657
AICHONS,96.69096934548467
ANEMIEZ,80.22700911350455
ARCTANH,80.94117647058823
ARGENTS,41.36785418392709
ATTIFET,145.5658657829329
APURANT,57.03396851698426
ABEQUEZ,195.30820215410108
ADMIRAT,47.92212096106048
ASPIRAT,35.53272576636288
AVALEES,65.48632974316487
ABONNEE,92.82684341342171
AERONEF,67.1714995857498
AFFALES,109.83264291632146
ASSENEZ,100.73239436619718
ACERERA,103.55260977630489
APOSTEZ,78.68434134217067
ACABITS,47.44821872410936
ARROGEZ,122.79784589892294
ARTISAN,26.064623032311516
APPORTS,95.47555923777962
AGREGES,83.01242750621375
ADISSES,112.44490472245236
ALTIERE,35.16984258492129
ACTATES,67.35128417564209
ADOUCIR,77.29826014913007
AGRAFEZ,118.83595691797846
AFFAITE,94.3960231980116
ATRIUMS,40.82187241093621
ASSENER,53.937862468931236
ACCROIS,73.09279204639603
AZALEES,67.69345484672742
AIMAMES,73.46975973487987
AVOINER,43.68931234465617
AMBLONS,96.07207953603977
ANCRONS,87.98260149130074
AIRERAS,43.09196354598177
ACCUSEZ,131.44821872410935
APICALE,69.35376967688484
APITOYA,99.74233637116818
AVORTES,40.28583264291632
ALESTIR,32.48218724109362
ACCABLA,283.3827671913836
AGNELES,57.1996685998343
ACAJOUS,98.23280861640431
ATOMISA,45.75144987572494
AGACAIT,107.20049710024855
ADIPEUX,173.55675227837614
ADMITES,43.893951946975974
ATTEINT,113.3728251864126
AVOINAI,93.88649544324772
ACCENTS,79.88815244407623
ARISEES,42.76056338028169
ARQUAIT,55.59486329743165
AGRAINE,41.67191383595692
AMINIEZ,107.87738193869097
AIGRIES,50.16901408450704
AMORCAI,57.945318972659486
AVOUAIS,51.63214581607291
ARTEMIA,39.818558409279206
ARENITE,30.981772990886494
AVENANT,148.72908036454018
AERATES,33.299917149958574
AIGUAGE,97.37862468931235
ALUNEES,41.07787903893952
ARYENNE,108.23198011599005
AHEURTE,58.470588235294116
ABALONE,69.5956917978459
ANTHERE,64.97597348798675
ABRASAS,107.52941176470588
AMENONS,108.6122618061309
ATTOLUX,196.89312344656173
ANNOTAS,56.91300745650373
ALESENT,52.664457332228665
APLYSIE,85.8202154101077
AMINONS,95.26346313173157
AFFOLES,110.5708367854184
ARASONS,55.15244407622204
ASCARIS,51.14498757249379
AHANAIT,97.72410936205468
AUBAGES,64.66777133388567
AFFINAT,101.45733222866612
APPRISE,73.43910521955262
ALICOTS,46.34134217067108
ASTRALE,31.020712510356255
AVERONS,62.04888152444076
ARCONNA,93.94283347141673
AVOUERA,85.77216238608119
ACCUEIL,118.86826843413422
ALGIDES,50.37199668599834
APOSTEE,46.92046396023198
APAISAI,122.53686826843413
ABIMONS,72.30074565037283
ANNEXAS,108.12676056338029
AXONAIS,56.76967688483844
AGENDEZ,143.1549295774648
ABETIES,39.30488815244408
AGERATE,49.79950289975145
ANCRERA,89.27754763877383
AGACEES,66.85335542667771
AGACANT,129.66445733222866
AMINERA,55.52775476387738
ADSORBE,66.27837613918807
AICHAIT,133.1880695940348
AHANERA,132.18061309030654
AVACHIS,109.4258492129246
AILANTE,40.63297431648716
ARAMIDE,52.411764705882355
AFFURER,167.34051367025683
AFFAMEZ,232.60977630488816
ASINIEN,82.05053852526926
ARAMEEN,53.990057995029
APPATAS,148.74647887323943
AMIDURE,61.062966031483015
ALINEAS,37.048053024026515
ATTIQUE,105.41176470588235
ACIDOSE,63.28500414250207
ADOPTAI,79.31068765534383
AMODIAS,53.49295774647887
ATTISEE,45.692626346313176
AMERRIT,65.34548467274233
AMODIEZ,101.92709196354598
ABATAGE,116.54266777133388
AERIUMS,50.51449875724938
AGENCER,72.36702568351284
AMUIMES,68.16238608119303
AUNASSE,61.68102734051367
ADULAIS,49.57000828500414
AILIERE,60.15824357912179
ADOUBAS,78.47473073736536
AVOYEES,95.036454018227
ACTINIE,59.970173985086994
ADAPTAT,237.80778790389394
AMENDER,70.11267605633803
ALUMNAT,61.52775476387738
ARENEUX,91.64788732394366
ARPIONS,44.682684341342174
ACCOLAI,109.23280861640431
ALARMAS,66.2079536039768
ALKYLEE,261.7017398508699
AVOYERS,107.976801988401
ALESEUR,49.92543496271748
AURIONS,33.64125932062966
ABIMEES,50.92626346313173
ARISAIT,42.70919635459818
AUBINAS,37.062966031483015
ALIENAI,72.0182270091135
ADOSSEE,75.55343827671913
AVOINAS,43.260149130074566
ASSITES,74.4043082021541
ACETONE,63.28169014084507
ADMISSE,88.64125932062966
AJOURNE,66.28334714167357
AVIVENT,130.90637945318971
ABATTIT,143.069594034797
ALCOOLS,216.12261806130903
AVORTAI,47.70505385252692
ARABLES,39.725766362883185
ACARIEN,39.10024855012428
ARRIMEZ,86.6039768019884
AFFLUEZ,229.52775476387737
ACINEUX,107.89726594863298
ANGELET,59.293289146644575
ABORDER,105.88732394366197
ABYSSES,224.7539353769677
ACIERAT,35.28914664457332
ABUSAIS,74.67439933719967
ADMIRAI,91.7821043910522
ABLATEZ,79.85418392709197
AUDITEE,41.936205468102735
AMUSENT,64.06213753106877
ARGUTIE,35.84589892294946
APLATIS,47.64540182270091
AJOUPAS,105.01242750621375
ATTISAT,89.23363711681856
AMORCEE,53.1963545981773
ALBUGOS,109.63380281690141
AFFETES,93.25434962717482
ARPEGER,131.81690140845072
APIFUGE,123.24855012427506
ASTIQUE,56.03396851698426
ACCEDAS,110.55012427506213
ASSURAS,95.43993371996686
ALIGOTS,50.85501242750621
ACHEENS,89.74647887323944
ATTIFAI,168.27340513670256
AGRAFAS,114.30654515327258
ALCALIN,103.07290803645402
APOLLON,344.1507870753935
AROLLES,52.300745650372825
AIMERAS,35.43247721623861
ABRITES,28.36122618061309
ALTERNA,39.647887323943664
ABUSAIT,46.740679370339684
ACHEVEE,239.3181441590721
APAISAT,70.68185584092792
ARTILLE,49.09196354598177
AGREAGE,96.88069594034798
ALUNANT,88.1913835956918
ANONNAT,137.71333885666942
ANTIVAX,94.33140016570009
ARSENIC,36.826843413421706
AFFUREE,103.90555095277547
ABSOLUS,133.3910521955261
ACCORDA,140.9519469759735
ARRIVAS,59.29660314830157
AMBIANT,59.56586578293289
ARMUREE,75.33222866611433
AFFUTAT,221.86743993371996
ABERRAI,80.64374482187242
ABSTRUS,86.27423363711682
ASSENAT,62.209610604805306
APPEAUX,226.51035625517812
ADJUVAT,167.37116818558408
ARISENT,32.40845070422535
AIKIDOS,165.08202154101076
AOUTIEZ,61.40182270091135
AGACAIS,88.28831814415908
ARISANT,28.070422535211268
ANTIJEU,58.90637945318973
ACRETES,35.33968516984258
AIGUISE,78.47473073736536
ARGUANT,52.03893951946976
ALMELEC,140.6487158243579
ANDANTE,92.18227009113505
ADOUBAI,92.74896437448218
AUNAGES,50.95028997514499
ABATTIS,63.251864125932066
ARISIEZ,59.293289146644575
APOSTAI,49.11019055509528
ABONNAT,100.983429991715
ATTRAPA,161.30488815244408
AZOTEES,55.971830985915496
AGREAIT,45.664457332228665
AUBINAI,79.65948632974316
AFFLOUA,188.94034797017397
APPAIRE,79.43827671913836
AIGRETS,40.064623032311516
APURENT,66.03728251864126
ATTISAI,87.34879867439933
AMPUTER,62.333885666942834
AMORCER,87.95691797845899
ASSEOIR,50.14415907207954
ALKYLER,206.52029826014913
ARDENTS,40.01491300745651
ARCASSE,63.92543496271748
AIRAMES,34.42502071251035
AGREIEZ,74.18889809444904
AMURERA,108.48881524440762
ACCUSAI,86.06959403479702
AOUTEES,41.469759734879865
AFFREUX,258.5269262634631
ACCORNE,79.78458989229495
ARNACHE,75.97763048881525
ATTISAS,77.71665285832643
AMASSAS,238.97928748964375
AMODIAI,115.74150787075394
ALTEREZ,56.4009942004971
AGENDAT,93.23695111847556
AVERTIT,87.69262634631318
ASSEAUX,119.74813587406794
AGUICHE,100.84092792046395
ADIRANT,42.55592377796189
ATTARDE,70.45816072908036
ANHELAI,76.82684341342171
ABOYEES,83.87903893951948
APPOSAS,164.91549295774647
AMOUREZ,78.36868268434134
ANISIEZ,72.53272576636289
AXONAUX,178.9088649544325
ANEMIER,42.92460646230323
APOCOPE,280.8434134217067
ANISOLE,39.68682684341342
ALLURES,53.054681027340514
ABUSENT,64.66528583264292
AVACHIE,119.42170671085336
ASPIREE,35.03479701739851
AMBLIEZ,97.91963545981773
ACCORAI,82.72742336371168
ACCORDE,118.6023198011599
ATTIFEZ,128.976801988401
ADOUBEE,81.25932062966031
AMOLLIT,100.27754763877383
ACCLAME,134.19055509527755
ARROGEE,79.71665285832643
ASPIREZ,53.342999171499585
ALVINES,44.69759734879867
ANALITE,37.47638773819387
ABATTEE,82.27091963545982
ATTERRE,93.33222866611433
AFFRETE,104.50869925434962
APERCUS,68.5724937862469
ACHROME,105.6139188069594
ANNULEE,80.4208782104391
ACCOUES,90.17895608947805
AMINAIT,81.16238608119303
AMURAIT,43.4043082021541
ALLECHE,210.92626346313173
AVISAIS,134.11847555923777
AFFLOUE,167.6669428334714
ACCUSAS,142.5724937862469
ANCRURE,64.93123446561724
AXASSES,170.42833471416736
ACCOURU,254.89975144987574
ASEITES,44.25434962717481
ANXIEUX,153.12924606462303
AGRESSA,81.84258492129246
ASSUMAS,152.7489643744822
ANNONCA,218.8119304059652
AIDERAS,37.4159072079536
ABHORRA,157.9088649544325
ANHELAS,60.68516984258492
APTERYX,164.38359569179784
ALKYLAS,225.19055509527755
ACIDULA,80.67025683512841
ALUNERA,58.692626346313176
AUBERGE,78.70091135045567
AFFUBLA,254.17149958574979
ALTERNE,36.063794531897265
ALUNITE,36.23529411764706
AVERENT,74.36536868268435
AMIGNES,49.63794531897266
AVEIGNE,86.63628831814415
ARIDITE,55.93454846727423
AGNATHE,85.28914664457332
ARGENTE,50.927920463960234
ALAISES,46.96354598177299
ACTEURS,41.336371168185586
ABEQUAS,101.8036454018227
ALITIEZ,80.73073736536868
ANISENT,68.41425020712511
ANOURES,29.861640430820216
ACTIVAT,111.68185584092792
AFFIXEE,161.31565865782932
AMINCIE,89.07207953603977
ALUNIES,30.75476387738194
AFFILEZ,163.29163214581607
ADJUREE,88.88400994200497
ATTENTE,125.10936205468103
AFFUTER,97.0347970173985
AFFRETA,126.30985915492958
ALLENES,68.61971830985915
APPETAS,89.59320629660314
AGITAIS,67.06793703396852
AUDITEZ,67.3993371996686
AIGUADE,72.20878210439105
ABSOLUE,68.5791217895609
ARROBAS,67.58160729080365
ABONDES,67.00248550124275
ALBATRE,47.606462303231154
ARMERAS,59.34134217067108
AHANENT,144.92792046396022
ALEXINE,78.43744821872411
ATONIES,28.845070422535212
ABOTTES,74.4291632145816
ACCULAI,113.88069594034798
ACCORTE,76.70836785418393
ARAIRES,34.470588235294116
ATTISEZ,70.83678541839271
APEURES,48.531897265948636
ABRUPTO,107.2394366197183
ALLIAIS,93.24937862468931
AHEURTA,64.70505385252693
AVANCAI,139.076222038111
ARPIGNA,64.57995028997514
ARGOUSE,56.23363711681856
ARRETEE,82.07787903893951
ARISTOS,47.16735708367854
AVIDITE,111.07290803645402
AIMEREZ,71.22535211267606
ABOTAIT,84.15161557580778
ABOTTAT,171.96437448218725
AMPOULE,106.51449875724938
ANHELER,68.24192212096106
ANNEXAT,140.2361226180613
ABEILLE,96.82518641259321
AVACHIR,118.71996685998343
APPELEZ,213.06296603148303
ADISAIS,112.23529411764706
AILLIEZ,166.89809444904722
AUDITIF,146.16155758077878
ALOURDI,68.54681027340514
ANATASE,60.87572493786247
ACCRETE,85.28500414250207
AMASSER,63.225352112676056
ANNELES,68.30405965202982
AGARICS,45.173156586578294
AMODIAT,60.66694283347142
AGIOTEZ,63.71665285832643
ACCOLEZ,163.83512841756422
ABOULEZ,110.11930405965202
ACCOLEE,104.49461474730738
ARIARYS,66.12676056338029
ASSOIRA,51.886495443247725
AMUSERA,62.706710853355425
ASSIMES,105.10853355426677
AIGLONS,69.60977630488816
APYRENE,97.12676056338029
ABSTINS,71.91714995857498
AIDAMES,55.71748135874068
AICHANT,87.87738193869097
AJOUTEZ,113.49792874896437
ANGINES,64.13835956917978
ACHALES,78.96106048053024
ARQUAIS,49.22038111019056
AREOLES,33.09444904722452
ADOPTES,66.68931234465617
ADAPTEE,75.86743993371996
ABSURDE,64.33140016570009
AVIRONS,52.72990886495443
ABLATER,46.86578293289146
ARDOISE,42.351284175642085
ALARMES,37.69428334714167
AGRAFAT,136.73819386909693
ADORAIS,35.78044739022369
AULIQUE,130.06462303231152
ADJUGEE,147.31731565865783
ABYSSAL,164.23198011599007
ABUSIFS,140.37448218724109
ALPAGAS,134.3446561723281
AVANIES,47.43330571665286
AZULENE,86.25103562551782
ANTIQUE,58.18392709196355
AFFILES,84.92212096106049
APEPSIE,90.3943661971831
ACCOUAS,93.15575807787904
ARGILES,32.48301574150787
ANNELLE,164.4755592377796
ABOUCHE,147.5791217895609
AVENUES,60.75890637945319
AGONIRA,52.61309030654515
AMARILE,41.83264291632146
ATTENDS,83.72742336371168
ANIMIEZ,108.46727423363711
ARRIVAI,129.36039768019884
ASCALIN,48.95608947804474
ARGUAIS,38.36536868268434
ASSISTE,82.09859154929578
ABORDAT,64.87738193869097
AFFIDES,107.26346313173157
ACIERAS,29.15161557580779
AFFAMER,130.47970173985087
AUTRICE,35.64705882352941
AFGHANS,128.34879867439935
ANORDIT,50.12676056338028
ABOYAIS,74.90223695111848
ALLUMES,84.44490472245236
AMBLAIS,60.30240265120133
AVEINTE,55.71748135874068
AISANCE,42.908864954432474
ALLEGIT,97.83098591549296
AUSTRAL,39.43413421706711
ASSAGIS,131.1267605633803
AMUIRAI,69.72328086164043
ARRACHE,120.26677713338857
ABJURER,141.57083678541838
AMENDEE,122.65037282518641
ADERNES,42.66694283347142
AVARICE,58.50869925434963
AVERTIE,44.31151615575808
ASSOLEZ,106.35542667771334
ACTIVEE,59.96106048053024
AGNELAT,73.3545981772991
ADOUCIE,70.47555923777962
AICHIEZ,175.42584921292462
ACENSER,43.497100248550126
AMENDES,65.14167357083679
ALLIONS,72.11433305716653
AXERAIS,50.335542667771335
ABEQUER,105.05716652858327
AMEUTAS,47.45650372825187
AVORTON,134.1118475559238
ABOUTIS,49.936205468102735
ABUSERA,63.886495443247725
APPELES,104.83678541839271
AUBADES,65.65202982601491
ADJUGEA,140.63960231980116
APPUYAS,180.14084507042253
ALKYLAI,268.5807787903894
APITOYE,93.41922120961061
ABIMERA,70.87821043910522
ABLETTE,93.8202154101077
ABCEDEE,146.046396023198
ALCORAN,54.301574150787076
ALOUATE,44.28003314001657
AOUTAIS,36.21375310687655
ACETYLE,113.993371996686
ARGUENT,60.173985086992545
ARMIONS,42.217067108533556
AZEROLE,71.3877381938691
AVORTAT,85.11184755592377
ALLANTE,77.96437448218724
ANNEXEE,215.21872410936206
AMYLENE,118.91300745650373
AVALONS,70.72659486329744
AJOUREE,61.294117647058826
ALLUMAS,94.39188069594034
ATTACHA,297.2294946147473
ABECHES,102.56752278376139
ADIRONT,52.521126760563384
APHASIE,69.6321458160729
ATTELEZ,118.09362054681027
AHURIES,36.94780447390224
ALESAIT,40.816901408450704
AGENCAS,67.996685998343
AFFIXAL,220.013256006628
AVOUANT,74.03976801988401
ABRAXAS,111.84589892294946
APPUYER,166.9817729908865
ACCOURE,99.97183098591549
AZOIQUE,101.11599005799503
ADOUCIS,71.19469759734879
AFFOLER,115.6155758077879
APPARTS,80.18558409279204
AUTEURE,67.74647887323944
APATAMA,266.1897265948633
ABUSEUR,108.68102734051367
ADRESSE,76.07207953603977
ADJUGER,125.6056338028169
ACENSAI,51.55178127589064
ANONNAI,132.30903065451534
ADONNAT,107.13256006628004
APLANIE,53.29577464788732
ADOUBEZ,144.55260977630488
ACCLAMA,272.58989229494614
AZURAGE,73.67025683512841
AQUAGYM,307.3106876553438
ARROSEZ,80.64374482187242
ATTENTA,140.85584092792047
AMORTIT,70.93454846727424
ADVENUE,96.19055509527755
AVERSIF,79.46893123446561
AXERONT,84.6255178127589
ANNULES,63.173985086992545
AVIVEUR,121.14747307373653
AGGRAVE,130.78044739022369
ABLIERS,42.14498757249379
AIDASSE,74.84341342170671
ACHETES,69.14001657000829
ARSENIE,26.75807787903894
ASSEYES,180.986743993372
ADORNES,39.66694283347142
ABRUPTE,68.88898094449047
APPOSER,85.71665285832643
ACCUSAT,82.8318144159072
ARCHIVE,96.23363711681856
AMUSAIS,74.49958574979287
AJUSTES,95.11764705882354
AMINENT,98.65037282518641
ANORMAL,57.45153272576636
ABOMBES,119.023198011599
ASSAUTS,113.82684341342171
ABOUTIR,53.876553438276716
APSIDES,87.71499585749793
ASTRAUX,62.37282518641259
AVERAIS,46.68848384424192
ABESSIF,127.68185584092792
APHONIE,83.68268434134217
AFFERAS,84.28997514498758
ACETEUX,129.2609776304888
AMARRAT,115.58077879038939
ARRIERE,91.47804473902237
APOSTAT,86.50621375310688
ACCOSTE,88.70588235294117
AVIVERA,117.67688483844242
ATTARDA,142.6155758077879
AGRAINA,76.49958574979287
AGREGER,168.40347970173985
ANGENNE,208.22866611433307
AMBLEUR,100.41673570836785
ABEQUEE,174.20381110190556
ATELIER,34.96023198011599
AGENTES,46.56835128417564
AIMANTS,41.03148301574151
AUGURAS,79.60149130074565
ARROYOS,207.7887323943662
ADORNAT,48.8053024026512
AGRUMES,52.69594034797017
ANONYME,183.52526926263462
AULOFEE,75.74896437448218
ATONAUX,88.65700082850041
ABOYEUR,133.65285832642917
AMORPHE,108.76884838442419
ASSOLES,112.06130903065451
ANNELER,74.75393537696769
ASSECHE,145.8400994200497
AGENDES,71.05468102734051
ACHOPPA,308.70671085335545
AVERAIT,56.260149130074566
ABONDEZ,124.07953603976802
AMORAUX,105.35791217895608
ATTESTE,109.25103562551782
ACHOLIE,88.71748135874068
ABOUTAS,48.317315658657826
AMERRIE,65.74399337199668
AMUSONS,117.24772162386081
ARROSEE,49.733222866611435
ADHERES,64.85418392709197
APACHES,108.93371996685998
AFFOLEZ,211.90803645401823
AGITEES,41.131731565865785
ANCETRE,43.92377796188898
ACEREES,64.46727423363711
ADONNES,85.10273405136702
AVOCATS,69.39850869925435
ARPENTA,54.11599005799503
APATHIE,77.41756420878211
ACHALEE,106.7837613918807
AOUTANT,89.07125103562552
ATTENUA,79.30571665285832
AVATARS,81.51367025683513
ANTENNE,129.99420049710025
AVIAIRE,73.80530240265121
ABACULE,85.84921292460646
AMURONS,57.951946975973485
ABONNES,80.35542667771334
ALERTES,30.36536868268434
ABOTTAS,74.75062137531069
AUGURER,144.3579121789561
AZUREEN,67.6155758077879
ANTHRAX,92.19221209610605
ALCYONS,120.89560894780448
AFFUBLE,207.89726594863296
ALESOIR,38.299917149958574
ANURIES,24.183098591549296
ALEOUTE,49.64208782104391
ABASIES,60.349627174813584
AFFAITA,183.0182270091135
AMUIRAS,32.460646230323114
ANILINE,110.14498757249379
ASCIDIE,77.29246064623032
ALLIAGE,91.04308202154101
APPUYAI,209.93786246893123
AURIGES,35.63214581607291
ABAISSA,111.49627174813587
APPRETE,99.48384424192213
ADRESSA,76.19718309859155
ARQUIEZ,82.06710853355426
ASIALIE,51.97597348798674
ADMIREZ,73.04639602319801
ANIERES,23.95774647887324
ARTICHE,55.376967688483845
ALYSSES,180.35708367854184
AFFINER,77.33885666942834
ARISONS,55.453189726594864
ADIRENT,48.87903893951947
APAISEZ,62.070422535211264
ACTIVES,50.44821872410936
AGITATO,91.66445733222866
ALLUREE,67.64125932062966
AMENITE,48.09527754763877
AMBRIEZ,75.36702568351284
AGILITE,77.2212096106048
AGNELLE,139.50124275062137
ARDOISA,44.04142502071251
ABECQUE,157.25352112676057
ACENSEE,75.05219552609776
ARQUONS,77.5956917978459
AHURIRA,93.34962717481359
ALLIERA,74.75227837613919
ANNEXEZ,214.03314001657
AHANIEZ,84.45318972659486
AMODIES,53.43413421706711
AGGRAVA,277.7937033968517
AGNELER,64.48467274233637
AGIOTER,35.496271748135875
ANALYSA,139.52029826014913
ANNELAS,68.3893951946976
AQUILIN,154.95277547638773
ADOPTAS,67.64208782104392
ABRASAT,65.41590720795361
ASATRUS,52.25600662800331
ABRASER,64.52278376139188
APERCUE,79.86578293289146
ARCHIVA,117.4275062137531
AOUTAGE,66.35542667771334
ACIERER,58.27174813587407
ABONNAI,97.89146644573323
AFFUREZ,164.3910521955261
AJOURAI,69.11847555923778
ADORNAS,40.83181441590721
ACHOPPE,268.8119304059652
APPREND,161.21955260977631
ATTABLE,99.56420878210439
ATTEINS,49.60977630488815
APTIENS,47.76884838442419
ALIENES,31.967688483844242
ALPINES,39.105219552609775
ARPETTE,82.2410936205468
AMPUTAS,64.83678541839271
AGITANT,91.19055509527755
ARNAQUA,126.3943661971831
AUBAINE,45.21955260977631
AUBERES,43.42253521126761
ABREGEE,111.92212096106049
ATAXIES,48.85584092792046
AUGURAL,118.92294946147473
ANGEMME,152.7390223695112
ARGUERA,113.016570008285
AVOYIEZ,145.7274233637117
ANERGIE,47.31483015741508
APITOIE,83.76139188069594
ACCOTAT,159.71416735708368
ACCORER,125.82270091135045
ABSOLVE,92.52112676056338
ABREUVA,89.48301574150787
AUGUSTE,90.44656172328087
ABJUREE,85.86164043082022
AGITONS,52.03231151615576
ADELPHE,174.95857497928748
ARRIVEZ,103.33222866611433
AMUITES,34.76553438276719
ATTENDE,98.26760563380282
ARQUERA,145.3628831814416
ALENTIE,38.96934548467274
AFFADIS,127.31234465617233
ABOUTIE,50.37282518641259
ALARMEZ,70.25434962717482
AGATISE,44.861640430820216
APPATER,86.33471416735708
ALBINOS,55.09527754763877
AFFUTAS,100.28334714167357
ABOTONS,111.85335542667771
AMORTIR,68.88318144159072
ARKOSES,87.02402651201325
ADSCRIT,48.29826014913007
ATTELEE,117.38193869096935
AGREAIS,38.23777961888981
AUBURNS,91.28748964374482
AILLOLI,318.30571665285834
ATTABLA,196.50538525269263
AEROGEL,70.81772990886495
ABROGEA,70.61806130903065
ARCANES,35.39022369511185
ADEQUAT,122.23612261806132
AVINAIS,82.63545981772991
AZIMUTE,67.5907207953604
ABBESSE,149.956917978459
ARCONNE,80.62054681027341
ABERREZ,131.32808616404307
AGREENT,60.487986743993375
AICHEES,73.2178956089478
ANIMALE,53.251035625517815
ALIFERE,62.816901408450704
AMADOUS,82.28583264291632
ALTERAI,35.89975144987572
AJOURAS,58.52195526097763
AFFALER,113.68931234465617
ATTIGEE,72.02071251035626
ABJECTE,119.07456503728253
ACHIRAL,69.13670256835128
AVALEUR,83.7738193869097
ADMETTE,111.85832642916321
ALTEREE,55.7970173985087
ABLATAT,169.03231151615574
ABSOUTE,60.6023198011599
ARROCHE,127.1996685998343
AVOIENT,68.99005799502899
ATOPIES,41.15410107705054
ALLYLES,199.66280033140018
APPRETS,88.89063794531897
ATTIFAS,76.976801988401
AFFERAT,101.82352941176471
AZIMUTS,73.2046396023198
AMPLEUR,102.89312344656172
ACETALS,54.818558409279206
ACERIEZ,65.76470588235294
ARRIMAT,56.72328086164043
ACCOREE,76.33637116818558
ATTIREZ,63.35791217895609
AVERSES,79.54101077050538
ASEPSIE,81.11930405965202
ADHESIF,112.036454018227
ABCEDAS,78.23115161557581
AGENDAI,93.49792874896437
ARTIMON,51.1996685998343
AUGURES,72.43082021541011
ADOSSAT,76.3844241922121
ARDENTE,48.0082850041425
AFFAIRE,88.34217067108534
AGENCES,64.82435791217895
ANHYDRE,134.93123446561722
ABOUTEZ,90.26843413421707
ATTISES,71.46147473073736
ALITONS,40.497100248550126
ALLOUER,76.14333057166529
ABOTANT,105.87903893951948
ANOBLIS,56.32808616404308
APLATIE,52.04391052195526
AFFILAS,93.42667771333886
ABRUTIT,79.52609776304888
APPONSE,113.3695111847556
ARQUANT,66.09693454846727
ASSONEZ,96.64125932062966
ADISONS,96.72410936205468
ALEVINS,61.208782104391055
ACENSEZ,79.51781275890637
ABSOUTS,110.70836785418393
AVANCAT,144.78458989229495
APPATAT,329.5376967688484
ADONISA,53.062966031483015
AIMANTA,85.9850869925435
ADENOME,92.23115161557581
ATTIGER,59.73570836785419
ABDIQUE,121.2410936205468
ARASANT,51.98260149130075
APLANAT,112.49544324772162
ADMIRER,74.85335542667771
ABLEGAT,85.85501242750621
ADJOINT,111.05716652858327
ASSUMER,70.61971830985915
ARMURES,60.76056338028169
ARMOIRE,66.14664457332229
ADOPTIF,138.46893123446563
AILLADE,98.5559237779619
AGITENT,100.62054681027341
ACHETEZ,130.25849212924606
ABLATIR,45.27920463960232
ADMIRES,38.76056338028169
ARRIMER,96.80281690140845
ABATTUS,83.11681855840928
APPETEE,166.9751449875725
ACTIVAI,114.66777133388567
ACAUSAL,92.7920463960232
ACHARNA,131.59320629660314
AGRILES,34.13421706710854
ALCOYLE,198.88318144159072
ATROCES,36.45816072908036
ABOUTAT,100.66280033140016
ADDUITS,89.27009113504556
ADULENT,79.5708367854184
AMASSAI,126.24937862468931
ABONNER,81.05136702568352
ATTESTA,116.26512013256007
AICHERA,98.47224523612262
AGIOTES,34.54183927091964
AZURERA,118.76719138359569
ASSAGIT,70.02734051367025
ADMIRAS,42.098591549295776
AFFICHE,211.88152444076223
APLASIE,49.250207125103564
ALIGOTE,52.411764705882355
AVOUIEZ,91.53189726594863
ADULANT,69.28666114333058
ABELIEN,57.834299917149956
ATHYMIE,116.37531068765534
AMANDEE,78.87903893951948
ABROUTI,60.72742336371168
ABOMBAS,124.15907207953605
ALEVINE,72.14498757249379
ACCEPTA,157.4192212096106
APOSTER,43.49295774647887
AMBRANT,63.88069594034797
ANALYTE,74.8119304059652
ALLUMEE,108.56338028169014
ARQUEES,60.29743164871582
ANNEXES,107.88980944490473
ASSUREZ,84.07870753935377
AZIMUTA,79.77961888980944
ACCUSER,71.41507870753935
ALLEGUE,139.9884009942005
ANNULAI,82.63628831814415
ANCRAIS,32.13753106876553
APEURAI,59.027340513670254
ARPEGES,65.05219552609776
AVINONS,114.34465617232809
ARABISA,66.66528583264292
ASHRAMS,106.60314830157415
ANCRENT,90.15244407622204
ABORNER,70.57995028997514
ALEXIES,57.23612261806131
ABRASIF,62.868268434134215
ANNELAI,85.75227837613919
AFFALAI,239.1151615575808
ANEMIEE,75.08533554266778
AMBRONS,72.50621375310688
ATCHOUM,171.9917149958575
AVINANT,108.41839270919635
APEURAT,58.133388566694286
ALLEGIR,91.58326429163215
AILLAIS,106.48135874067937
ABOTIEZ,70.72908036454018
ALERION,49.95940347970174
ACCOUDE,165.90140845070422
AUNERAI,41.12841756420878
ADORONS,99.57332228666114
ANALGIE,55.597348798674396
ALPISTE,44.56586578293289
AICHENT,98.96023198011599
ADIQUES,72.73322286661143
ASSIEDS,144.0447390223695
ARNACHA,148.04059652029827
AMARILS,37.85418392709197
ALITAIS,52.37199668599834
ADISENT,53.7870753935377
AFFERMA,153.07705053852527
ANCOLIE,53.52029826014913
ATTITRE,80.09776304888152
ABONNAS,82.38028169014085
ACIDITE,85.49710024855013
AUTEURS,58.49875724937863
AGREGEZ,166.21955260977631
AUDITER,37.12924606462303
ALLOTIT,130.89478044739022
AUREOLE,44.23032311516156
AIGUISA,86.48135874067937
ATTIRES,35.29826014913007
AFFERES,87.63131731565866
ANISEES,51.2212096106048
ARRETAI,52.454846727423366
AGREERA,116.69179784589892
ASSEYEZ,179.04888152444076
ATTITRA,100.11599005799503
ALARMER,70.14001657000829
ASSOCIA,73.8202154101077
AGIRIEZ,89.12013256006628
ALTHEES,59.05716652858327
AFFLUAS,129.0182270091135
AVERTIR,78.47970173985087
ANEMIAI,100.55260977630489
ATTAQUE,124.48798674399337
ABOTENT,126.89229494614747
AFFLUES,116.28666114333058
ATTIRAS,38.191383595691796
ARRONDI,95.85915492957747
ANOMAUX,130.9386909693455
AEREREZ,180.73322286661144
APPOSAT,94.63794531897265
AIREREZ,89.74399337199668
ACHALAI,168.8185584092792
AMOURES,41.294117647058826
ASSONES,104.30323115161558
APPLETS,118.2079536039768
ASCETES,63.85584092792046
AMOLLIR,101.93869096934549
AFFIRMA,131.6089478044739
ABRITAT,60.69428334714167
ALLUMER,90.77216238608119
APEUREZ,95.67108533554267
APERCUT,81.27754763877383
APARTES,39.68765534382767
ARRACHA,244.71002485501242
ALPAGUE,102.4440762220381
ADVIENT,91.39022369511184
AVARIAT,75.2162386081193
ANCRAGE,58.740679370339684
ACHALAS,140.31565865782932
ABREGER,118.44656172328087
AUTISTE,49.95111847555924
ANNUELS,85.86743993371996
ATTIFES,70.33885666942834
AMURENT,60.44904722452361
ALLIENT,79.12758906379453
AMANTES,40.87075393537697
APPELEE,208.039768019884
ACCEDEZ,219.8516984258492
ABSIDES,79.08533554266778
ANOXIES,51.275062137531066
APIQUEZ,145.87158243579123
AQUAVIT,106.63711681855841
ALBEDOS,80.15492957746478
ALLASSE,115.99420049710025
ABCEDAI,97.77961888980944
ADVENIR,71.36619718309859
ANNULAT,82.1880695940348
ADOSSES,147.3827671913836
AFFALAS,197.39022369511184
ARPEGEZ,128.30985915492957
ADHERAS,62.469759734879865
ACHEVAI,144.70505385252693
ARMERAI,73.57332228666114
ALARMAT,80.17564208782105
ASSISES,145.44821872410935
ACQUISE,76.92957746478874
ASPIRAI,62.40347970173985
AVEUGLE,124.49544324772162
ANONNEZ,200.07787903893953
AHANAIS,78.02485501242751
ALLOUEZ,141.31400165700083
AGACENT,91.61971830985915
ACCRUES,65.91632145816072
ATONALS,39.826843413421706
AUGURAI,95.7622203811102
AXERAIT,60.76222038111019
ABOYIEZ,127.90057995028998
AMBIFIA,171.41673570836787
ABONDAI,81.48053024026513
AGNELIN,113.15990057995029
AZURENT,66.25849212924606
AMARREE,71.73156586578293
AFFINAI,179.49047224523613
AVOUONS,140.23363711681856
AMBIGUS,92.04639602319801
ASSERVI,77.97514498757249
APPELAI,124.92709196354598
ACCABLE,144.80115990057996
AMARRES,55.57083678541839
AZULEJO,204.04971002485502
ACCEDER,119.63794531897265
AGITAIT,140.29908864954433
AGONISE,49.971002485501245
APPETEZ,167.4109362054681
AUDITAS,37.79950289975145
ATTIGEZ,108.24937862468931
ARRIMAI,107.20878210439105
AMENAIT,60.444904722452364
ARPETES,42.1980115990058
AZOLLAS,101.32808616404309
ANATIFE,52.03645401822701
AVORTER,75.74896437448218
AGENCEZ,131.15575807787903
AVEULIR,68.62303231151616
ALLIEES,55.13670256835128
ADOSSEZ,133.72908036454018
ADAPTAI,128.3811101905551
AMINCIR,101.42004971002486
AGIRONT,51.03562551781276
AMENDEZ,129.8119304059652
AMOCHAI,119.25517812758906
ADONNAI,104.98757249378625
AHANONS,110.11350455675228
APPUYEZ,309.7522783761392
ALIGNAS,44.66280033140016
AOUTERA,59.748135874067934
ABRIVER,88.33471416735708
ANTIQUA,67.75559237779619
ANONNER,107.71333885666942
ABREYER,139.3628831814416
AUBINEZ,68.7622203811102
ACEDIES,54.14415907207954
AXERENT,80.58823529411765
AMATIRA,76.33140016570009
AJOUTAT,129.15410107705054
ANIMERA,56.22949461474731
ACCULAT,109.15410107705054
ARMORIE,61.978458989229495
AMIANTE,42.30571665285833
ABAJOUE,120.62800331400166
ABRUTIR,80.43827671913836
ABRASES,60.85666942833471
AVODIRE,71.84672742336372
ANDALOU,87.86246893123446
ASCESES,131.37116818558408
AVARIAI,136.45318972659487
ACHALER,82.18061309030655
AMOUREE,44.91466445733223
AIRELLE,70.36122618061309
ANGEVIN,161.84258492129246
APATAME,125.40513670256836
ATTERRI,91.33222866611433
AFFERAI,103.95360397680199
ABORTIF,74.14001657000829
ATTIEDI,156.04722452361227
ATTAQUA,250.90637945318971
ABEQUAT,122.58989229494615
ARPENTS,42.84589892294946
ACCROCS,175.06710853355426
AUNATES,34.03065451532726
ALPAGUA,203.97597348798675
AMENENT,118.74233637116818
AUTISME,39.903893951946976
ARBORES,64.39353769676885
AMIMIES,102.99751449875725
AFFEAGE,176.0447390223695
ALLATES,61.55343827671914
ABRASEZ,62.43082021541011
ALIZEEN,70.35874067937034
ADMIMES,86.75227837613919
ANNOTAI,68.15658657829329
ABECHAI,133.61474730737365
ABLATEE,55.36785418392709
AVISEUR,57.90057995028997
AVISONS,107.62220381110191
APPETES,89.19221209610605
ALLIACE,79.11019055509527
ABSORBA,96.09444904722453
ASTIQUA,63.90555095277548
AOUTENT,106.67108533554267
ASTATES,85.22866611433305
ARABITE,34.816901408450704
AMUSANT,54.50787075393538
AMOURAT,47.09527754763877
ARASEES,53.5940347970174
ALITENT,79.51118475559238
ANISAIT,54.055509527754765
ABEQUAI,123.22203811101906
AJOURER,108.23695111847556
AFFLUER,124.07787903893951
ANNELEZ,138.05550952775477
AFFILER,88.3711681855841
APPUYEE,198.2212096106048
ACTIVAS,53.38856669428335
ANISONS,119.40513670256836
AGIOTAT,70.19386909693455
AVOUENT,91.15161557580778
AOUTIEN,41.65368682684341
ADORENT,62.88898094449047
ARDEREZ,135.16404308202155
ATTIRER,65.10107705053852
ARILLES,41.33802816901409
AVISIEZ,114.08782104391052
ALERTEE,54.40679370339685
ADJOINS,97.79287489643745
ARTISTE,40.17149958574979
ADAPTER,63.699254349627175
AROBASE,48.342170671085334
AGAMIES,51.573322286661146
AMERRIR,132.69842584921292
AGRAFES,64.65534382767191
ACCOURT,112.42170671085336
AGRIFFA,152.13753106876553
ACCEPTE,149.54183927091964
APODOSE,161.5824357912179
ALFANGE,108.06959403479702
ABORALE,53.834299917149956
AUBINES,36.85501242750621
AUTOCAR,49.0115990057995
AGIRENT,49.13587406793703
AUVENTS,55.43744821872411
AMNESIE,39.30405965202983
APHAKIE,140.93620546810274
ABATTES,69.89643744821872
AMASSAT,122.82187241093621
AMIBIEN,93.83927091963545
ACCOUEE,99.91383595691798
AMASSEZ,114.39850869925435
AVIVAIS,148.67191383595693
ANEANTI,79.35708367854184
AMBLAIT,70.8318144159072
AVISENT,63.4076222038111
ATTIFAT,172.69676884838444
ADONISE,50.97680198840099
ARCSINH,71.96851698425849
ADULONS,79.53935376967688
ANHELES,61.06545153272577
AGREONS,47.58989229494615
APICAUX,137.6039768019884
AOUTAIT,72.93951946975973
ABOTAIS,42.106048053024026
AOUTATS,67.09279204639603
APPETER,92.32477216238608
APIQUEE,93.6255178127589
AFFILAI,209.6702568351284
ACTIONS,42.495443247721624
AJOUTAI,72.99254349627175
ARROSAS,78.38690969345485
ALOYAUX,180.34548467274234
ACOMATS,55.87986743993372
AMARREZ,103.97763048881525
ADVERBE,102.04722452361226
AZOTURE,58.89643744821873
ABJURAS,78.15907207953605
AGREGEE,160.55923777961888
APURAIT,48.656172328086164
ARBUSTE,42.385252692626345
ANOSMIE,43.742336371168186
ACHETEE,131.960231980116
AZURAIT,47.84838442419221
ACHALAT,170.54515327257664
AFFLIGE,167.83429991714996
ADONNER,84.73985086992543
ALARMEE,48.71002485501243
AIGRIRA,132.93454846727423
AFFOLAI,139.6238608119304
ANIMATO,55.38028169014085
ACQUITS,78.27009113504556
ARTERES,46.614747307373655
ALIENER,34.505385252692626
AMOCHEZ,177.91300745650372
AFFIRME,107.86743993371996
ABOUTIT,100.25434962717482
ANNULAS,67.53935376967688
ABOTEAU,78.91466445733222
APPENDU,194.5973487986744
ALEPINE,63.79950289975145
ARISERA,53.818558409279206
ADJURAT,90.86909693454847
ARDERAI,77.56586578293289
ADONNAS,88.63628831814415
APOGEES,70.69842584921292
APLANIR,52.4175642087821
AVIVEES,88.17232808616404
ADOUBER,78.86412593206296
ARSINES,36.616404308202156
ANOBLIE,57.207125103562554
ARPENTE,51.31400165700083
ALTERAS,29.470588235294116
AVEULIE,70.07622203811101
APETALE,71.51035625517812
ARIOSOS,95.87986743993372
ATOMISE,44.2062966031483
AGENCAI,84.68682684341343
ADAPTES,63.790389395194694
ADORANT,53.16901408450704
AMPHORE,118.35874067937034
APURIEZ,66.77630488815244
AMPHETE,133.59320629660314
ABORDAS,56.7986743993372
AUGITES,37.132560066280035
ACTASSE,70.46478873239437
AUBERON,69.74730737365368
ABROGER,109.89809444904722
AIDERAI,78.37779618889809
APPATEE,104.72493786246893
ABOMBAI,143.51284175642087
ACCEDEE,214.52858326429163
AMBIFIE,148.10024855012426
APAISEE,42.36039768019884
APPARAT,155.80613090306545
ARRIERA,102.78458989229495
ARDASSE,69.05468102734051
ATTIEKE,104.56752278376139
AMARRAS,97.4241922120961
AVERTIS,41.37199668599834
ANOBLIR,62.77961888980944
ALLEGEE,201.42916321458162
AGIRAIT,66.31565865782933
AVOYONS,240.87489643744823
AIMIONS,83.3993371996686
ACCEDES,109.92460646230323
AGAMETE,77.26677713338857
APPORTE,91.50289975144987
ARRANGE,77.54432477216238
ABZYMES,158.3214581607291
ANGELOT,75.5890637945319
ACCOUAI,110.64954432477217
AMEUTAT,103.01242750621375
ADULIEZ,84.32725766362883
AFFILIA,208.92874896437448
AMBRENT,71.61888980944491
AMBRIEN,50.336371168185586
ALLEGUA,144.66859983429993
APRIORI,146.99917149958574
ACCOLER,89.90389395194697
ASSORTI,53.10356255178127
ARRIVER,116.3877381938691
ALLIIEZ,148.29908864954433
ATHENEE,105.10190555095278
AVOINEZ,80.14498757249379
ABONNEZ,148.7456503728252
ABUSONS,119.32974316487159
ADVENUS,80.47970173985087
APPATAI,175.6006628003314
ABOUGRI,95.87489643744821
ADJURES,73.44324772162386
ALKYLES,198.67274233637116
ADORNER,71.8169014084507
ADOUBAT,86.81275890637946
ACETATE,89.24855012427506
ADAMITE,57.81441590720795
AUTOMNE,57.96685998342999
AZOTITE,83.93454846727424
ACCOUER,91.45650372825186
AGACERA,145.05302402651202
AMANDON,183.1913835956918
ASSIEGE,75.05799502899751
AUBINAT,45.859154929577464
AJOURAT,64.91052195526098
ABSORBE,86.13090306545153
ARTISON,34.38193869096934
ADHERER,132.49792874896437
AMOURER,79.71996685998343
AVARIEE,47.35542667771334
ALCOVES,72.84009942004971
ACHETER,72.17729908864955
ASSOMMA,177.36536868268433
ACTUELS,57.19718309859155
AGAROSE,49.86246893123447
AMEUTEZ,85.66528583264292
AILLANT,81.66197183098592
ACONIER,37.67191383595692
AFFINEZ,142.3512841756421
ARBORAS,65.56586578293289
ACARIDE,49.589063794531896
ABECHAS,110.47970173985087
ALIENAS,31.993371996685998
ASSISTA,92.06545153272576
ARRIVEE,69.48881524440762
ARIETTE,43.08616404308202
APPARUS,93.5907207953604
AGNELAI,71.6106048053024
AUTOBUS,119.24606462303231
ARABICA,93.72825186412594
AMINAIS,67.80530240265121
ALESAGE,62.97597348798674
AGLYPHE,272.7622203811102
ACUMINE,59.16072908036454
ABSOLUT,74.23860811930406
AMOCHEE,108.27340513670256
AFOCALE,98.13835956917978
APPOINT,116.55095277547639
AVACHIT,128.023198011599
AMBRAIT,53.35376967688484
AINESSE,59.76139188069594
ALEZANS,64.13256006628004
ABRITAI,60.384424192212094
APICOLE,77.90389395194697
APATAMS,117.30903065451533
AVERANT,71.42999171499586
AMUISSE,68.73239436619718
ARIENNE,52.50207125103562
AMEUTES,44.28666114333057
AGRIPPE,108.67191383595691
ABSENTE,48.61723280861641
ABORDAI,67.09030654515327
ANSPECT,79.97763048881525
AIEULES,39.82021541010771
ATTIREE,41.96437448218724
AMOURAS,42.58326429163215
ACCOUAT,103.39188069594034
AGENDAS,74.81110190555096
ABOIERA,53.82932891466446
AVINAIT,100.43993371996686
ALARMAI,80.68848384424192
ADJURAI,94.7622203811102
ABREGES,57.945318972659486
ADORIEZ,62.84755592377796
ANCREES,38.062137531068764
APUREES,48.32228666114333
ACHETAS,70.49875724937863
ACATENE,58.37531068765534
AUGUREZ,140.5658657829329
ACISELA,54.72908036454018
ACCULES,83.29246064623032
APIQUER,78.02402651201325
AUDITAT,79.8152444076222
ALUCITE,46.181441590720794
ABREGEZ,115.60646230323115
AFFIXES,134.40845070422534
AVANCER,70.63960231980116
ARCHERE,149.63960231980116
AMORCEZ,87.84755592377796
AMODIEE,61.902236951118475
APURERA,115.34879867439933
ANOMALE,65.62468931234466
ARRENTA,59.61309030654515
AFFINEE,92.30571665285832
ASSOLER,57.983429991715
AFFURES,86.01242750621375
ASPECTE,75.33719966859984
AVEINTS,51.851698425849214
AVEUGLA,135.26346313173156
ARASENT,38.95940347970174
ATTELAI,77.93123446561724
ALIGNEZ,80.85915492957747
ANCRANT,80.39188069594034
ANNONES,110.21375310687655
ABREVIE,61.36205468102734
ARMOISE,40.309030654515325
ACCULEZ,163.8053024026512
ANEMIAS,45.4159072079536
ALLOUAS,76.11350455675228
APPOSEE,94.01905550952776
AVANCEZ,123.89726594863298
AGONIES,39.83264291632146
AIRASSE,46.76636288318144
ATTRAIT,93.38359569179785
AILLENT,91.62303231151616
ATTIFEE,82.33140016570009
ASSURES,86.52278376139188
AFFINAS,80.64291632145816
ALLOTIR,69.5907207953604
AQUILON,109.10356255178128
ADVERSE,75.95028997514498
ABHORRE,129.10190555095278
ADIANTE,44.28666114333057
AJOINTE,58.08119304059652
ASTERIE,25.728251864125934
APPENDE,169.67771333885668
ACERBES,50.99751449875725
ABKHAZE,220.1814415907208
ALIZEES,54.3976801988401
ARMEUSE,49.893123446561724
AVANCES,68.67274233637117
ASSISSE,158.87241093620545
ANONNES,108.07622203811101
AVIVANT,114.36536868268435
ALCENES,48.32974316487158
ASTICOT,77.29246064623032
ALTIERS,32.1864125932063
AILLERA,89.10936205468103
ADAPTEZ,109.77050538525269
AHANANT,201.91135045567523
AGISSES,111.20049710024855
AUBETTE,91.62966031483016
AFFUTAI,121.58574979287489
ANONNEE,125.71665285832643
ANHELEZ,124.54266777133388
ADROITS,39.67605633802817
ARMORIA,70.42170671085336
ACERAIS,36.93951946975974
ALLOTIE,65.37199668599834
ARCCOSH,192.12924606462303
ABRASEE,42.60977630488815
ANORDIS,43.173156586578294
ADROITE,38.85418392709197
ALUNENT,101.30903065451533
APPETIT,167.996685998343
AMBLENT,91.65865782932892
ANOBLIT,64.73487986743993
ADOPTEZ,118.88152444076222
ALCOOLE,201.53852526926264
AMARRAI,118.43579121789561
AVOYAIT,97.77050538525269
AURIFIA,89.48632974316487
ANNEAUX,151.56006628003314
ASSUREE,52.01077050538525
ALESANT,50.47721623860812
ANISANT,59.2046396023198
ASSOCIE,70.59486329743164
ALAMBIC,97.52444076222038
ALLUMEZ,169.75890637945318
AFFRITE,77.03396851698426
AGIOTAI,71.6454018227009
ANNOTEZ,101.41590720795361
AMUREES,42.951946975973485
ASSONAI,59.92377796188898
APPENDS,138.3545981772991
ALBERGE,76.41010770505385
ABETIRA,50.260149130074566
ADOPTER,66.9652029826015
ALKAEST,89.64871582435791
ANATIDE,45.65285832642916
APPOSEZ,157.01077050538524
AVEULIT,73.91632145816072
ARRISES,58.08699254349627
ABLOQUA,159.82932891466444
ATTIGES,58.782932891466444
AMYLOSE,109.63877381938691
AVERERA,128.71416735708368
APPARIE,71.01408450704226
ARROSAI,48.11599005799503
ASTHMES,99.20381110190556
ABORNES,38.63628831814416
AVOUAIT,58.7953603976802
AFFILAT,112.76139188069594
AGENAIS,50.9917149958575
ACCORDS,131.14664457332228
ALISIER,41.87572493786247
ALLUSIF,134.06793703396852
ARRIMAS,49.23446561723281
AZOTATE,94.2096106048053
ADJURAS,80.23115161557581
ALIZARI,96.83844241922121
ASPERGE,73.73322286661143
APIQUAI,175.38193869096935
ACCULER,89.00745650372825
ABSURDO,103.49958574979287
ADISIEZ,99.7821043910522
ARROGER,137.29577464788733
APATITE,80.6122618061309
ATTIRAT,82.38359569179785
ABRUTIS,39.18558409279205
AVIVIEZ,231.46561723280863
AMITOSE,45.76636288318144
ATTELAT,144.49875724937863
ALIGNER,44.623032311516155
ABLATES,45.445733222866615
AIMASSE,71.92626346313173
AFFILIE,176.4208782104391
ADOSSAI,81.30654515327258
ATRIERE,49.574150787075396
AILLAIT,126.04142502071251
ALKYLAT,265.1201325600663
ALIGNEE,56.50621375310688
AMEUBLI,104.15824357912179
ABONDAT,82.49212924606462
ALCYNES,74.40016570008285
ADAPTAS,108.5758077879039
ADHEREZ,130.59983429991715
ASPECTS,108.47141673570837
AUNERAS,32.34134217067108
AIXOISE,99.29743164871583
AXOPODE,294.089478044739
AERERAS,59.24772162386081
AICHAIS,111.86661143330572
ARPEGEE,125.2013256006628
AMORALE,50.09527754763877
ACERONS,49.6106048053024
ABOMINE,68.6056338028169
AGREGEA,101.33305716652859
AVISANT,54.93040596520298
ARVINES,35.537696768848384
ANGEITE,50.42253521126761
ASPIRES,50.78624689312345
APURAIS,41.013256006628005
AGRESTE,48.60149130074565
AGIOTAS,33.43164871582436
ALLOUAI,91.71499585749793
ADEPTES,69.73487986743993
AJOUTAS,61.4043082021541
ARROBES,67.10936205468103
AURIFIE,75.35791217895608
AGRICHE,84.31731565865783
ARDERAS,63.15078707539354
ABEQUES,97.20546810273405
ALBITES,34.792874896437446
AIRATES,25.383595691797847
ALTISES,44.34797017398509
ATTELER,64.72908036454018
ARRENTE,54.26346313173156
AUXINES,49.34548467274234
ATTACHE,149.05550952775477
ARDIONS,45.35459817729909
AUMONES,50.25517812758906
ABOULAI,70.26346313173157
ARBOREZ,118.59817729908865
ACTERAI,43.58492129246065
AFFAMAT,281.03396851698426
ACCUSES,127.73736536868269
AFFURAS,94.27340513670256
AGIRAIS,56.66114333057167
ARAINES,23.343827671913836
APPELAT,125.69428334714168
ANONNAS,111.93869096934549
ACCOURS,106.76719138359569
APOSTAS,78.51781275890637
AVOUEES,58.53272576636288
ABREGEA,72.1830985915493
ACHEVES,118.65037282518641
APLANIT,58.739850869925434
AGRAFER,126.45236122618061
AQUIGER,74.23612261806132
AFFABLE,189.67357083678542
ADDENDA,223.09279204639603
AVEULIS,62.538525269262635
ANORDIR,84.16901408450704
APPETAI,107.67605633802818
ABDIQUA,142.1764705882353
ASSIGNA,76.79453189726595
AFFIDEE,127.48218724109363
ASSURAI,53.369511184755595
APAISER,35.071251035625515
ACOLYTE,101.86826843413422
ABROGES,56.970173985086994
ABSTENU,68.52112676056338
ALUNIRA,42.173156586578294
ALTERER,55.647887323943664
ALGINES,39.24440762220381
ASSAGIR,65.81110190555096
ABJURAI,93.69428334714168
ABORDEE,62.267605633802816
ALLONGE,128.12593206296603
ARMASSE,66.47473073736536
ABATTEZ,123.15492957746478
ASSAINI,87.34299917149959
AFFUTEZ,175.2758906379453
ARCHURE,128.89726594863296
ACHEVER,131.7821043910522
AMOROSO,202.76304888152444
AVOIERA,62.07953603976802
ABIMENT,72.07870753935377
AGRIPPA,132.74979287489643
AMOCHAS,100.85501242750621
AIRAINS,41.370339685169846
AUCUNES,73.18227009113505
AERIONS,38.46478873239437
AGRIONS,45.64043082021541
ANNONCE,188.71913835956917
AEROSOL,104.48715824357912
AFFADIE,135.41673570836787
AMORTIE,35.257663628831814
ALLAMES,83.49295774647888
ALTERAT,61.47721623860812
AVIENNE,103.20215410107706
AMBITUS,58.67191383595692
ATTRAPE,79.3744821872411
AMBIGUE,86.9784589892295
ANODINE,94.33885666942834
ACHIGAN,107.28086164043081
ANOMERE,56.06959403479702
AERAMES,46.29494614747308
AVORTAS,40.02319801159901
AMENIEZ,80.30903065451533
ABOTEES,47.251035625517815
AMINANT,87.66694283347141
ARABISE,37.36785418392709
AGISMES,79.3744821872411
ALAIRES,22.569179784589892
AFFERME,143.74813587406794
ACISELE,49.23446561723281
ALTERES,30.566694283347143
AJUSTEZ,101.19469759734879
ABONDAS,68.91797845898923
AUSTERE,41.062966031483015
AVALERA,143.58989229494614
AERAGES,52.57000828500414
ARBOUSE,58.2062966031483
AXOLOTL,335.70008285004144
ABOUTER,50.78790389395195
AIDANTE,48.77381938690969
ACHALEZ,145.90472245236123
AZURIEZ,84.92626346313173
AMICALE,63.21955260977631
AMNIOTE,45.85832642916321
AFFICHA,254.28334714167357
AUROCHS,93.57829328914664
ACCEDAT,132.17232808616404
AFGHANE,142.91300745650372
AMERRIS,57.78790389395195
ADULEES,56.3910521955261
AVEREES,81.43827671913836
ALITANT,70.15244407622204
ARANAIS,41.36785418392709
ABECHEE,194.16570008285004
AMENDAS,74.01739850869926
ACCOTER,73.95028997514498
ANTIGEL,48.690969345484675
AGAPETE,90.7837613918807
AGROTIS,38.335542667771335
AJUSTAT,116.88980944490473
APPONTA,126.90720795360397
ACTINES,31.533554266777134
ANDAINS,74.66942833471417
ARETIER,46.444904722452364
APPETAT,195.90720795360397
APPATEZ,149.60646230323115
ALITERA,44.511184755592375
ARASAIS,68.15990057995029
ACHETAI,87.28417564208782
ABLATAI,91.68682684341343
ADULERA,78.33471416735708
ADAGIOS,64.33222866611433
ANIMAUX,103.55426677713339
AUGETTE,97.87738193869097
ATHLETE,130.71748135874068
ALENTIR,38.868268434134215
AURELIE,35.54432477216238
ABERRES,65.86081193040596
AVINIEZ,130.9751449875725
AUMUSSE,153.08533554266776
ALESIEZ,58.971830985915496
ALLOTIS,62.666114333057166
ALUNIEZ,59.191383595691796
ACUITES,32.68931234465617
ARCHEEN,86.48964374482188
AEROBIC,90.56669428334715
ACANTHE,82.03976801988401
ALLIANT,69.85915492957747
AGRESSE,82.06545153272576
AGRAFAI,139.27423363711682
ADIRONS,45.995857497928746
ADJUGEZ,229.50869925434964
ACTEONS,48.42253521126761
AMASSES,131.24192212096105
ACCUSEE,81.84341342170671
ABRUTIE,36.10107705053853
ACEROLA,70.2212096106048
ANNALES,66.84092792046395
ARGUONS,59.191383595691796
AFFUTEE,109.5575807787904
AVOCATE,81.42833471416736
ACCEDAI,134.6520298260149
ABORDEZ,104.006628003314
AZTEQUE,119.65948632974316
ALLEGIS,82.86329743164872
AVARIES,37.972659486329746
ACTORAT,71.016570008285
ABJECTS,98.31980115990058
AMANDES,62.835128417564206
ARBORAI,77.963545981773
ASSOMME,161.53686826843415
ABRASAI,66.19718309859155
AMOCHES,94.29246064623032
ANIMAIS,68.1963545981773
ARBITRE,50.19552609776305
AMOCHER,96.44076222038112
ALLEGEZ,205.69925434962718
ARDAMES,49.861640430820216
AGAMIDE,86.6255178127589
APPAIRA,155.2278376139188
ABATTRA,149.52858326429163
AGITERA,55.89726594863298
ALACHIR,82.02816901408451
ALTHEAS,62.6006628003314
AUBINER,37.95111847555924
ARAMONS,45.55592377796189
ABUSIEZ,68.77299088649545
ALLIAIT,111.33802816901408
AVORTEZ,73.14498757249379
ABYSSIN,149.89892294946148
AMEUTER,46.327257663628835
AMBRAIS,45.536868268434134
ACCORTS,80.34299917149959
AFFALEZ,204.08202154101076
ACHEVEZ,239.7539353769677
ACHETAT,158.50538525269263
AERERAI,73.84921292460646
ADEPTAT,155.65782932891466
ANIMONS,96.96023198011599
AEROBIE,54.70339685169843
AVARIAS,62.04391052195526
AUXDITS,88.94697597348798
AGASSES,137.30323115161556
AUDITAI,79.52775476387738
APLITES,40.792874896437446
ANESSES,108.59154929577464
AMOLLIE,94.00082850041424
ANXIETE,59.39519469759735
ARROGEA,82.30571665285832
AVINENT,123.47390223695112
ABJURES,72.57663628831814
ANGLETS,59.91714995857498
AILLONS,88.23612261806132
ASEXUES,114.93786246893123
AFFAMEE,156.51449875724938
ADORERA,107.28334714167357
ALITEES,32.123446561723284
AFFETEE,173.13173156586578
ANTIVOL,82.53852526926264
ACENSAS,82.70091135045567
ABONDER,68.30654515327258
ANTHESE,66.64457332228666
ARRETAS,42.64623032311516
ABOMBEZ,222.44407622203812
ASSIDUS,169.0215410107705
ALIENAT,41.02651201325601
ASSURER,82.67522783761392
ATYPIES,69.11847555923778
AUDITES,36.983429991715
ACTANTS,70.1847555923778
ARASIEZ,39.70173985086993
APURONS,62.496271748135875
AORTITE,50.17232808616404
ABAISSE,60.952775476387735
ALANINE,66.69676884838442
AFFERER,177.08036454018227
ABOTTEE,80.75807787903894
ALLOUES,73.18227009113505
ARISAIS,67.65202982601491
AXIALES,52.15824357912179
ATRIERS,45.28831814415907
AFFILEE,105.84341342170671
AMIRAUX,83.86909693454847
ASPIRER,53.11681855840928
ALBUMEN,81.95526097763049
APIQUES,77.12178956089478
AGACONS,69.96023198011599
AVINEES,50.309030654515325
ACCOTAS,75.59652029826015
ACIERAI,63.70422535211268
ANEMIAT,56.89975144987572
ABATTUE,88.41176470588235
AMPUTES,60.93454846727423
AGRAIRE,67.61474730737365
ABOULIE,60.81275890637945
ASSOLAS,118.9950289975145
ADMIREE,47.028997514498755
AMIRALE,40.7870753935377
APHYLLE,347.4308202154101
ABOUTAI,57.74482187241094
AMENDAT,90.13421706710854
APHEMIE,107.27920463960233
AMPUTEE,71.60977630488816
ATTIFER,70.41425020712511
ALKYLEZ,387.69511184755595
AMATEUR,60.53603976801988
AJOUREZ,105.67605633802818
ASSUMES,136.70173985086993
ASSIDUE,73.44987572493787
ABOMBAT,139.92874896437448
AIMANTE,46.64125932062966
AFFADIR,138.03562551781275
ACCULAS,92.25683512841756
AGREANT,56.22949461474731
ALDINES,38.4043082021541
ATTELLE,141.2311516155758
ALEZANE,78.35376967688484
AUDIMAT,63.927920463960234
AREAGES,45.352112676056336
AMABILE,68.2410936205468
ASSERTE,52.36371168185584
ARPEGEA,78.88318144159072
AFFOLAT,133.7423363711682
ASSURAT,50.970173985086994
ADHERAI,77.41425020712511
ARQUENT,78.99751449875725
AVOINEE,50.24689312344656
ANERIES,26.80447390223695
AIMATES,38.63214581607291
ABATTRE,73.42999171499586
AMURAIS,37.36371168185584
AULNAIE,41.63628831814416
AJUSTAI,65.74647887323944
ANODISA,53.17895608947804
AMORCAS,48.23115161557581
APLOMBE,127.73156586578293
ADORNEZ,73.31317315658657
AMOURAI,50.579950289975145
APPARIA,141.84258492129246
ANGELUS,58.32394366197183
ACTIVER,49.7887323943662
ABRITER,51.647887323943664
AMBREES,52.30405965202983
AFFLUAT,153.9453189726595
ADENINE,97.24440762220381
AVILIRA,105.4424192212096
ALUMINA,60.43827671913836
AJOINTA,62.70422535211268
ARGENTA,55.35708367854184
ADOREES,41.81441590720795
ALCANES,46.4175642087821
ABOYONS,208.98094449047224
ACCORAT,77.4109362054681
ACADIEN,65.42667771333886
AMUSAIT,46.51615575807788
ALLECHA,215.8334714167357
AMARRER,120.6454018227009
AGENCEE,129.993371996686
APPONTE,116.58077879038939
ARRIMES,46.41010770505385
ALLEGER,109.91797845898923
ABLATIF,87.63628831814415
AFFALEE,143.95774647887325
ABOTTAI,88.82518641259321
AQUEUSE,142.12344656172328
AIGUAIL,115.63463131731565
ABOUTES,49.87158243579122
ALIENEZ,63.66114333057167
APPELER,114.38690969345485
ARCHERS,121.7821043910522
ACCOLAT,104.26843413421707
