DECATIR,29.43106796116505
DUPATES,46.662135922330094
DRAYONS,71.72815533980582
DEPARIE,33.23300970873787
DANOISE,46.6873786407767
DAIGNEE,65.15825242718446
DROGUEZ,125.23106796116505
DECATIS,29.794174757281553
DOLATES,31.645631067961165
DESERTS,49.12815533980582
DEMISES,62.737864077669904
DERODER,82.06699029126213
DAMEREZ,84.2368932038835
DORMANT,58.97961165048544
DANSEUR,68.4242718446602
DIGERAI,75.40873786407766
DELIAIS,58.8252427184466
DETELAI,41.45631067961165
DETIRAT,43.20485436893204
DECLORE,45.04563106796117
DOGUIEZ,102.9116504854369
DEFRAIE,50.12233009708738
DOSERAI,35.00388349514563
DEVINAT,55.8126213592233
DISCORD,62.79514563106796
DEBORDS,92.77864077669904
DETIENS,44.748543689320385
DECILES,32.352427184466016
DEMINAT,55.95145631067961
DJIBSAS,131.10873786407768
DETENDE,78.2631067961165
DESAPAI,60.87087378640777
DEBECTA,69.89320388349515
DEMENES,67.33300970873786
DRISSES,100.26019417475729
DUVETAI,76.11844660194174
DECROIT,48.015533980582525
DEFENDE,127.76699029126213
DEPECES,66.15825242718446
DETRUIS,39.62815533980582
DJIBSEZ,164.91456310679612
DIXIEME,132.3495145631068
DELAVAI,77.15533980582525
DEFILEE,64.05728155339806
DEJETES,66.09805825242718
DEHOTTE,100.72621359223301
DEFAIRE,40.19126213592233
DECIMAI,84.78446601941748
DILUAIS,60.810679611650485
DECLARA,70.24077669902913
DENCHEE,109.6747572815534
DUPIONS,61.23592233009709
DOMPTES,71.70485436893203
DETONAS,41.65145631067961
DELECTA,51.5873786407767
DOUTERA,62.29029126213592
DILOGIE,109.08640776699029
DESAVEU,47.13980582524272
DOLERAS,35.02718446601942
DRILLAS,49.75048543689321
DELOYAL,139.4
DEMONES,55.71941747572816
DEROUTA,43.42330097087379
DECUVAI,67.38155339805826
DEPHASE,79.63203883495146
DRIBBLE,132.40776699029126
DELOGEE,75.08058252427185
DIFFERE,98.76116504854369
DOTASSE,53.925242718446604
DAMNENT,185.98640776699028
DECOULE,65.58446601941748
DECELEZ,101.1514563106796
DEPLUMA,101.90679611650485
DECONNA,107.20388349514563
DEGOUTA,73.35533980582524
DETIRES,21.132038834951455
DEPILAT,46.96116504854369
DEDORAT,46.50485436893204
DONNANT,167.69126213592233
DUNETTE,96.3126213592233
DESISTA,46.28834951456311
DECHOIS,86.18640776699029
DEVOYEE,108.90388349514564
DECHETS,79.88058252427184
DEBOULA,96.05631067961166
DIGEREE,56.52233009708738
DELITAS,30.376699029126215
DOUCETS,82.39126213592233
DECUVEZ,103.8495145631068
DEBOURS,81.51941747572816
DEPLUME,90.55922330097087
DENUTRI,51.90194174757281
DECHAPA,170.27184466019418
DECHAIT,76.73592233009708
DECORAT,36.73592233009709
DEMENAS,55.83495145631068
DENANTI,67.33106796116505
DEMURAT,47.640776699029125
DEDOREZ,73.95436893203883
DEJOUEZ,119.5135922330097
DEROULA,52.0252427184466
DEGUEUX,256.18252427184467
DEPOTER,42.571844660194174
DEBOUTA,79.1747572815534
DERAMES,36.17864077669903
DOGUEES,62.05145631067961
DESUNIT,56.036893203883494
DECALAS,57.592233009708735
DANDINS,98.1514563106796
DEPIQUE,82.99514563106796
DUOLETS,76.68058252427184
DETALES,30.923300970873786
DOMPTAI,67.67087378640777
DESIREZ,35.21941747572816
DEMODAT,78.47766990291262
DIGAMMA,152.39223300970875
DISSIPA,105.74077669902913
DEFOLIE,60.8368932038835
DILUANT,49.7631067961165
DOSAMES,75.01650485436893
DEBLAYA,180.80485436893204
DECELAI,48.949514563106796
DECENCE,119.03398058252426
DIVISEE,61.94368932038835
DATIVES,40.1378640776699
DEGRISE,40.429126213592234
DOREREZ,91.13300970873786
DROIDES,43.27378640776699
DEPECHE,141.3485436893204
DEGREEE,107.06796116504854
DROGUET,67.83592233009709
DOLENTS,65.01456310679612
DORSAUX,72.27475728155339
DUVETAS,63.355339805825245
DATERIE,30.148543689320388
DIEDRAL,66.92912621359223
DECUPLA,91.0631067961165
DEPAREE,49.1495145631068
DEGIVRE,51.49708737864078
DECIDEZ,75.48834951456311
DETONAI,50.366990291262134
DEPOLIS,65.01553398058252
DECONNE,92.53009708737864
DEPETRE,54.11844660194175
DERASEE,34.59320388349514
DEFRIPA,67.52330097087379
DEVOYER,80.08932038834952
DELAVER,43.786407766990294
DELITAT,57.43689320388349
DETOURE,39.58932038834951
DESAXEZ,78.06407766990291
DELAYER,53.34466019417476
DOPANTE,56.574757281553396
DEPAREZ,57.768932038834954
DELOVEZ,89.85048543689321
DEMOLIT,71.2242718446602
DEVOREE,57.189320388349515
DEBOISA,53.14563106796116
DAMERAI,74.91067961165048
DOSABLE,60.271844660194176
DEPERIT,42.54174757281553
DEPRAVA,99.32038834951456
DUNDEES,70.65242718446602
DERATES,23.75145631067961
DESAMAI,60.5495145631068
DEJUCHA,171.79514563106795
DETAXES,48.94077669902913
DAMATES,60.988349514563104
DEVERSA,42.75922330097087
DEPECAI,59.206796116504854
DIOXINE,144.9126213592233
DIGERES,34.90194174757281
DEROUGI,77.14174757281553
DEVIRES,31.432038834951456
DRAGAGE,143.05339805825244
DELACAT,67.43398058252427
DRIBLEE,51.23009708737864
DIAMANT,82.60194174757281
DETALAI,53.445631067961166
DATERAI,55.27087378640777
DEBRIDE,65.94466019417476
DOPERAI,56.16116504854369
DERAMAT,60.197087378640774
DEPASSE,70.86601941747573
DICKITE,139.98252427184465
DEMUREZ,75.8485436893204
DIGERAT,46.33883495145631
DACTYLO,118.20873786407768
DECIDUE,57.75242718446602
DORATES,25.30388349514563
DESAXAT,79.51844660194175
DEMORDU,130.53883495145632
DURATIF,48.25436893203884
DECHOIE,70.2990291262136
DEGAGEA,109.88058252427184
DANDINA,143.39611650485438
DECORAS,32.6252427184466
DELECTE,63.08252427184466
DESAXEE,65.24368932038836
DEHALAT,93.20388349514563
DEGANTA,81.21650485436894
DRAGEON,114.79611650485437
DEFARDE,63.2631067961165
DEJOUAS,73.97669902912621
DECRIER,52.595145631067965
DECIDEE,61.112621359223304
DEGOTER,44.29611650485437
DROSSAI,49.584466019417476
DINAMES,43.213592233009706
DRIBLEZ,105.17184466019417
DEBATTU,110.57961165048543
DEMIARD,68.78349514563106
DEVISAT,44.79126213592233
DEGITEE,47.37378640776699
DEVORAI,46.37766990291262
DELUREZ,57.167961165048546
DRAINEZ,59.24660194174757
DEMURAI,48.25048543689321
DESUNIS,94.82330097087379
DECALES,37.31165048543689
DERANGE,43.70776699029126
DETAXAI,82.38446601941747
DETESTA,60.55922330097087
DATCHAS,97.12135922330097
DEMOULA,84.71941747572815
DEFEQUA,127.66990291262135
DENTELE,63.95728155339806
DETACHA,105.71165048543689
DEVRAIS,44.12135922330097
DEFINIE,92.86019417475728
DISCRET,29.597087378640776
DEGLUAS,60.19805825242718
DEMEURE,71.53786407766991
DENERVA,50.93009708737864
DEBANDE,76.32135922330097
DELICAT,39.89708737864078
DRUPACE,79.75728155339806
DEFERLE,75.92621359223301
DECANAT,65.42233009708738
DEFICHA,104.8621359223301
DORURES,62.803883495145634
DEROCHE,69.21553398058252
DESDITS,88.42135922330097
DEPAVAT,96.58640776699029
DEHALAS,81.4009708737864
DEPUREE,62.355339805825245
DESAXAS,130.84368932038834
DEPOTEE,58.12912621359223
DARDONS,58.79514563106796
DEBITAI,80.21067961165049
DETIRAI,43.57961165048544
DEHONTE,72.81067961165049
DELURAI,37.15339805825243
DECROIS,44.19514563106796
DRAVEES,53.83106796116505
DEBACLE,69.17087378640777
DELITES,27.09223300970874
DUPLEXA,178.2873786407767
DEFILES,45.20873786407767
DETERRE,65.53883495145631
DECRITE,32.39902912621359
DONNENT,273.91553398058255
DECATIE,30.86116504854369
DENTUES,44.105825242718446
DEBARRA,113.83980582524272
DENOMME,117.80582524271844
DIAZENE,78.40291262135922
DETIRER,38.429126213592234
DELIIEZ,78.2242718446602
DATEUSE,45.523300970873784
DEBOITA,54.60097087378641
DARDEES,52.02233009708738
DAUBERA,131.4019417475728
DEVALES,43.855339805825245
DEPOCHA,126.33106796116505
DESSALA,100.07961165048543
DESAPAT,64.19029126213593
DECLORA,52.74077669902913
DELACER,38.39126213592233
DRAPAIT,68.51747572815535
DEBOISE,50.279611650485435
DEDITES,34.853398058252424
DEFIGER,59.349514563106794
DEPLORA,60.91747572815534
DORMONS,111.3252427184466
DECRUAT,42.758252427184466
DROPAIT,49.55339805825243
DISPARU,45.02233009708738
DROSERA,80.25533980582524
DOUANES,42.87184466019418
DEJAUGE,91.91844660194175
DEJANTE,59.24757281553398
DERATAI,39.158252427184465
DECERNA,43.793203883495146
DENICHE,69.45631067961165
DILUENT,81.55825242718447
DECHIRE,56.76796116504855
DEPANNA,139.2135922330097
DEVIENS,62.61067961165048
DEMENTE,78.62815533980583
DEPORTS,51.56601941747573
DEPARTI,36.01359223300971
DATERAS,46.9504854368932
DRACHER,139.4281553398058
DEZIPPA,113.12330097087379
DJEBELS,164.01553398058252
DERIVEE,44.29514563106796
DEGRISA,40.4504854368932
DEDUIRA,51.75048543689321
DICTAIT,118.826213592233
DALMATE,96.43495145631069
DEPOTEZ,71.8757281553398
DURABLE,65.473786407767
DIRIGES,61.88543689320388
DRONTES,41.75048543689321
DRAGONS,59.90194174757281
DASYURE,68.57864077669903
DEWATTE,88.13980582524272
DUALITE,49.34854368932039
DENATTE,58.1
DEGAGEZ,123.70485436893203
DECAVER,47.58932038834951
DRIVEES,45.8252427184466
DECLAME,69.59417475728155
DEDISSE,67.8
DERATEE,33.38640776699029
DEPITAS,39.24563106796116
DEMEURA,57.35631067961165
DIRIMAI,100.60388349514564
DICTONS,50.30194174757282
DEVORES,39.60873786407767
DERIVAS,34.83300970873786
DEMATES,37.789320388349516
DEPILER,37.73883495145631
DELIVRA,44.36116504854369
DAIGNES,56.79514563106796
DUCASSE,76.14951456310679
DEGUSTE,53.55533980582524
DEJEUNE,114.90388349514564
DEFINIR,119.31067961165049
DECOTER,35.91941747572815
DEFIBRE,65.71747572815534
DECAVAT,80.44854368932039
DYTIQUE,126.46116504854369
DEDIANT,62.68834951456311
DEMENAT,66.82815533980583
DJEMBES,154.6757281553398
DARDANT,84.62330097087379
DEPOLIR,64.06601941747573
DEMINER,43.43883495145631
DEMATEE,53.353398058252424
DERAYAI,69.87184466019417
DEMODEX,132.59514563106796
DELACAS,57.98155339805825
DEPOSAS,82.35242718446602
DEPREND,95.80776699029126
DETESTE,70.4864077669903
DECUITE,41.033009708737865
DELACEZ,66.27669902912622
DATEURS,44.78155339805825
DECAOHM,116.23106796116505
DERAMEE,52.627184466019415
DIVERSE,40.681553398058256
DERIVEZ,55.863106796116504
DRESSES,114.60970873786408
DOGONNE,291.052427184466
DEPIQUA,90.94757281553397
DEMELAS,51.6378640776699
DEPAVAS,85.45242718446602
DOSIONS,116.84368932038835
DECITEX,55.96116504854369
DEPEINT,59.54757281553398
DENOUEZ,80.57184466019417
DEGOISA,49.3504854368932
DOGGERS,136.54368932038835
DECRUES,37.48543689320388
DISCUTA,39.884466019417474
DAUBANT,127.50776699029126
DEPARAT,57.89902912621359
DECUVAS,58.90582524271845
DECAVEE,69.06504854368931
DEFIMES,58.60097087378641
DINIONS,112.5135922330097
DECIDER,44.23009708737864
DRAPIEZ,73.97281553398058
DELACEE,57.158252427184465
DEIFIAS,79.87378640776699
DEPLANA,100.97766990291262
DEMARIA,53.876699029126215
DOCILES,39.38543689320388
DELACES,37.40291262135922
DISPUTE,57.1873786407767
DIDYMES,116.06893203883494
DUVETEE,77.95339805825243
DEGELEZ,122.61456310679611
DECRIES,28.657281553398057
DEPOTAS,45.702912621359225
DENEIGE,68.58252427184466
DENIERS,37.54757281553398
DEPECER,70.4864077669903
DENOTES,37.25631067961165
DEDUISE,50.06699029126214
DEPRIME,55.05922330097087
DEZOOMA,161.59223300970874
DESIGNA,47.429126213592234
DURASSE,54.084466019417476
DIPHASE,84.20485436893203
DEMOLIE,53.6
DEPILEE,53.2873786407767
DESOSSE,104.8621359223301
DROGUAI,56.75631067961165
DORIONS,55.96116504854369
DEBUTEE,75.85533980582524
DELIAIT,63.29611650485437
DEBATAT,132.6155339805825
DERNIER,51.45631067961165
DINGUAI,95.01650485436893
DRAGEES,55.601941747572816
DECENTE,64.73009708737864
DOUCHER,106.11359223300971
DEXTRES,45.400970873786406
DERIVAT,37.99902912621359
DEROBER,84.50970873786407
DROSSEE,52.54174757281553
DENOYEE,93.4126213592233
DEGRENE,77.24368932038836
DEFERRE,113.16796116504854
DEPURES,42.12427184466019
DEDIAIS,77.14368932038835
DRAGUES,57.99320388349515
DEGITES,33.94854368932039
DATAIRE,37.50388349514563
DEIFIES,72.15242718446602
DENREES,44.36893203883495
DEPARTE,34.994174757281556
DOMINEE,51.03106796116505
DENTALE,46.3747572815534
DENUDER,61.27378640776699
DEBRAYE,85.27378640776699
DEMINES,44.40873786407767
DECHOIR,86.56407766990291
DECORES,31.610679611650486
DESALPA,77.1242718446602
DHARMAS,92.50097087378641
DEGRENA,66.49708737864077
DEVIAIS,76.99223300970874
DEGREVA,78.97864077669902
DESAMER,37.49320388349515
DEBARDE,60.415533980582524
DOLINES,37.20388349514563
DEVRONT,75.38349514563107
DEGREAS,47.953398058252425
DEREGLE,66.72524271844661
DIFFUSE,133.02912621359224
DOUANCE,63.69417475728155
DILUEES,38.144660194174755
DETAXEE,68.39902912621359
DEVIONS,67.41359223300971
DELIRAT,27.711650485436895
DEBOUDE,107.29611650485437
DELOGER,52.615533980582526
DECODEE,82.12621359223301
DECARRE,54.54368932038835
DOSERAS,54.136893203883496
DEFACES,52.79514563106796
DEGELAS,51.4378640776699
DUCALES,46.29417475728155
DIRIMES,61.199029126213595
DEBUCHE,137.62038834951457
DICTIEZ,108.20194174757282
DENIIEZ,85.0757281553398
DERIDEE,46.78155339805825
DONNAIS,71.60097087378641
DENUEES,57.13495145631068
DOUILLA,77.05825242718447
DEVASAI,62.24563106796116
DETELER,44.167961165048546
DERIDAI,67.42135922330097
DOIGTEE,46.07961165048544
DECRUEE,59.29223300970874
DAHLIAS,70.5873786407767
DEPLACA,116.62038834951456
DIAPRER,71.63592233009709
DEPOTAI,52.86116504854369
DENUDEE,87.77087378640776
DAVIERS,50.283495145631065
DEBRAIE,47.43009708737864
DEVIANT,60.133009708737866
DEGLUAI,67.05436893203884
DECEDER,76.31747572815534
DEVOLTA,61.0126213592233
DEBATEE,57.91650485436893
DARDAIS,55.523300970873784
DROSSES,116.55436893203884
DENTELA,57.314563106796115
DENOYES,65.06504854368931
DECRUAI,42.85728155339806
DEPRAVE,62.762135922330096
DUSSENT,138.8844660194175
DRAYANT,104.73203883495145
DRAILLE,64.94466019417476
DEVISER,34.90679611650486
DIAPRES,37.345631067961165
DEPOLIE,52.34757281553398
DEDORES,41.43495145631068
DETALLE,59.73495145631068
DECORAI,37.94077669902913
DROGUER,129.46893203883496
DECOTAS,37.88834951456311
DEPITEZ,56.501941747572815
DECAPEZ,80.44854368932039
DISERTE,26.158252427184465
DEFIONS,74.72815533980582
DOTAMES,41.61359223300971
DIPLOME,102.2504854368932
DESPOTE,46.428155339805826
DAPHNES,94.7242718446602
DECALEZ,66.16601941747572
DEPILEZ,66.59223300970874
DEGOTES,43.17281553398058
DROGUAT,56.036893203883494
DESAXER,45.835922330097084
DIESAIS,139.0378640776699
DEPLOYA,116.71165048543689
DEBALLE,98.88446601941747
DECORDA,65.37281553398059
DARDENT,86.45631067961165
DEJOUEE,95.35436893203884
DEFACAI,88.6
DEGAGER,72.73495145631068
DERODAS,44.92135922330097
DIESEES,77.62038834951456
DERAYEE,60.97572815533981
DELABRE,49.63592233009709
DENOUAI,59.36893203883495
DEPARAI,56.00097087378641
DEMUNIT,91.70873786407768
DROGMAN,84.07669902912622
DETAXAT,150.52815533980583
DATASSE,82.42718446601941
DEHALER,50.89126213592233
DEPOTES,42.630097087378644
DACTYLE,103.68640776699029
DILATAT,78.11067961165048
DELIENT,51.040776699029124
DYSPNEE,83.86310679611651
DOGUAIT,67.5126213592233
DUPASSE,90.30582524271844
DECIBEL,60.63592233009709
DURAMEN,58.953398058252425
DESERTA,30.337864077669902
DERIDER,62.68058252427184
DESIGNE,44.623300970873785
DEPRISA,39.585436893203884
DILATEZ,46.713592233009706
DEALEES,53.98155339805825
DIZAINE,81.40291262135922
DOLLARS,60.19805825242718
DICTEES,36.54466019417476
DOREUSE,39.189320388349515
DEMURES,42.318446601941744
DESAERA,52.54563106796117
DOIGTEZ,91.13300970873786
DOIGTES,47.44757281553398
DEBITER,37.675728155339804
DAMNANT,185.90970873786407
DENUAIT,56.89514563106796
DEVETIT,86.9864077669903
DOMMAGE,175.7883495145631
DEBECTE,86.04174757281554
DEGRAFA,116.20582524271845
DESERTE,36.35825242718447
DIVERGE,60.4126213592233
DUUMVIR,161.9009708737864
DOGUENT,146.25631067961166
DECAPES,46.68834951456311
DECUVAT,67.93009708737864
DECHIEZ,95.76796116504855
DINGHYS,161.79805825242718
DOPEREZ,76.66310679611651
DETELLE,91.72524271844661
DEBOTTA,107.39223300970873
DEMONTA,71.65533980582525
DEVOISA,48.64854368932039
DOTALES,32.54854368932039
DOSAGES,74.34077669902912
DENIAIT,73.50291262135923
DELAVAT,78.68932038834951
DISTYLE,71.33980582524272
DRAPENT,87.05728155339806
DETIREE,29.66990291262136
DIAMINE,109.75631067961164
DENTURE,44.101941747572816
DEMELAT,57.727184466019416
DELOGEA,57.064077669902915
DEFACEZ,92.7631067961165
DRIVANT,54.728155339805824
DOUDOUS,260.11941747572814
DIESTER,31.819417475728155
DIVISAT,64.50873786407767
DELIANT,44.80582524271845
DEPARES,34.02815533980583
DURIONS,36.83009708737864
DECABLE,68.78058252427185
DEGAZEE,92.4864077669903
DEVRIEZ,61.355339805825245
DISSENT,102.19126213592233
DEFERAT,49.43398058252427
DEDIRAS,34.20097087378641
DETISSA,47.1631067961165
DEMANGE,73.55339805825243
DISIONS,107.97766990291262
DOUBLET,95.62038834951456
DORLOTA,65.6242718446602
DEPLOIE,52.87184466019418
DELUTER,37.14854368932039
DOUTEES,44.7
DEPURAT,46.7631067961165
DISSIPE,143.04757281553398
DEPANNE,82.09029126213592
DEBOUTE,71.37184466019417
DURERAS,56.88834951456311
DEVIAIT,81.14854368932039
DEALONS,57.853398058252424
DOUBLER,89.25631067961164
DEHALEZ,88.50970873786407
DECAVEZ,80.46213592233009
DELURER,61.29417475728155
DESUETE,49.99514563106796
DEIFIAI,152.35242718446602
DERADES,36.80582524271845
DOUCHEZ,192.60388349514562
DANSAIT,57.83398058252427
DEVOUAT,65.20291262135922
DISEUSE,60.45145631067961
DELIEES,36.755339805825244
DEFACER,54.77864077669903
DELUREE,49.01456310679612
DOLENTE,52.9621359223301
DESSERS,110.94466019417476
DURITES,28.056310679611652
DUCTILE,69.83009708737865
DAUBENT,134.8873786407767
DEFERES,57.30485436893204
DAMNAIT,93.53786407766991
DEFIENT,79.32815533980583
DEVIDAS,57.3504854368932
DEVERDI,67.74757281553399
DIEGESE,77.81456310679611
DEBITEE,51.23300970873787
DECLOSE,48.976699029126216
DEVOUEZ,95.37669902912621
DEPLIEE,58.41650485436893
DEFUNTS,91.81456310679611
DEMELER,64.8621359223301
DOLOMIE,128.79029126213592
DECRUEZ,67.60873786407767
DOGUAIS,57.584466019417476
DINASSE,54.92718446601942
DIANTRE,38.91067961165049
DRAVIEZ,77.89126213592233
DEVRONS,69.4504854368932
DUPERAS,51.16990291262136
DIVETTE,79.91650485436894
DRIVONS,58.98155339805825
DONACIE,49.62233009708738
DEJUGEZ,166.45436893203885
DEMETTE,105.98834951456311
DENGUES,61.400970873786406
DEDIONS,70.6
DIRIMEE,55.140776699029125
DEGENRE,71.5990291262136
DEVENUS,67.89223300970873
DEDIREZ,56.62815533980582
DENOIES,34.4873786407767
DEESSES,138.07864077669902
DETIENT,85.57669902912622
DEVETIS,43.95145631067961
DEFRISE,46.12427184466019
DERODEZ,76.47669902912621
DEGLACA,114.05825242718447
DISPUTA,44.21165048543689
DUNITES,38.69417475728155
DEFILEZ,78.87087378640777
DERIVER,59.675728155339804
DESAMAS,105.83300970873786
DECADRE,51.164077669902916
DENIENT,88.69029126213593
DERODEE,62.26796116504855
DEPUTER,47.06893203883495
DECREPI,63.73592233009709
DEMARRA,103.48932038834951
DEVETIR,41.95631067961165
DAGUONS,83.61359223300971
DECOUDS,100.93300970873787
DOPERAS,45.789320388349516
DRAYEES,64.02233009708738
DOUTENT,180.6601941747573
DIORITE,57.66116504854369
DROSSAT,51.55145631067961
DEVASTE,39.92330097087379
DIAZANE,89.73883495145631
DECELES,52.48155339805825
DEFIEES,54.11359223300971
DECLIVE,59.63398058252427
DOMINAS,42.476699029126216
DOUBLEZ,164.16504854368932
DEFASSE,79.63689320388349
DOMPTEE,65.77281553398058
DECURIE,36.40582524271845
DEGONDA,110.03009708737864
DEFIGES,57.77378640776699
DEBINES,46.654368932038835
DRIVAIT,75.27864077669904
DRECHES,77.21650485436894
DENATTA,98.16796116504854
DELICES,32.63398058252427
DEPILAI,80.33495145631068
DESSERT,63.20873786407767
DIESELS,94.18932038834951
DETISSE,45.63106796116505
DRILLER,120.63398058252427
DEGOUTE,64.98834951456311
DEGREVE,94.22815533980582
DISTALE,38.8252427184466
DEPLAIT,59.5873786407767
DELUTAT,79.5495145631068
DEBATAI,72.31359223300971
DEMELAI,56.233980582524275
DAIGNAS,63.880582524271844
DEBOGUE,107.51553398058252
DOLAMES,47.49320388349515
DIRIMAT,54.671844660194175
DARTRES,47.988349514563104
DAGUAIT,86.50291262135923
DEPULPE,117.32135922330097
DRAYOIR,106.6252427184466
DEPECHA,112.5873786407767
DAMIERS,49.529126213592235
DOMINEZ,95.62718446601941
DESARMA,54.65631067961165
DECOTEZ,61.644660194174755
DEFIANT,69.2631067961165
DEVASAT,63.74368932038835
DIESENT,65.32330097087379
DEMURGE,73.95533980582525
DRILLAI,97.61456310679611
DAGUENT,125.1
DINGUER,63.16893203883495
DEPRIMA,58.06504854368932
DOUCHAS,81.14660194174758
DOUTANT,110.29805825242718
DEFOULE,82.43203883495146
DELASSA,89.75436893203883
DIADEME,83.59514563106796
DALLONS,87.04466019417475
DECIDES,42.78446601941747
DELAYAT,98.18640776699029
DEJECTE,97.76796116504855
DIMINUE,122.97669902912621
DEVOYAS,84.11456310679611
DIVISEZ,129.79223300970872
DRIVERA,101.23300970873787
DEVALEE,63.837864077669906
DROMOIS,86.58058252427185
DEGOTEE,62.06019417475728
DESALPE,47.4126213592233
DEFONCE,84.1611650485437
DETOURA,45.404854368932035
DOTERAI,41.54368932038835
DEVIDES,52.59611650485437
DEFEQUE,160.43495145631067
DOUELLE,102.30388349514563
DECODES,55.28155339805825
DEBULLA,148.68349514563107
DEPARLE,43.158252427184465
DERAGES,36.20873786407767
DUVETER,54.45728155339806
DECAVAI,77.45436893203883
DELIRAI,47.202912621359225
DEVIIEZ,102.19223300970874
DEVINAS,47.63203883495146
DINEUSE,44.17864077669903
DEBITAS,43.30873786407767
DIGEREZ,66.55145631067961
DEPENSA,55.49611650485437
DEBATIE,40.332038834951454
DENUONS,126.85339805825242
DAMEURS,64.81456310679611
DEMORDS,88.71747572815534
DEFRISA,45.89223300970874
DECHERA,83.27378640776699
DOUBLAT,83.30776699029126
DEGAINE,44.06310679611651
DECODER,58.76504854368932
DEFILAI,94.82718446601942
DEGUSTA,57.56504854368932
DRIVERS,111.23980582524271
DENTEES,50.09417475728155
DEJETAT,109.55339805825243
DOUGLAS,61.255339805825244
DELUTAI,45.44077669902913
DENUERA,55.4378640776699
DESOBEI,45.728155339805824
DEGITAT,73.36310679611651
DOMPTAT,121.24368932038836
DANSONS,145.7233009708738
DEVALAS,69.44563106796116
DEVEINE,65.42718446601941
DRAYENT,108.1
DILUIEZ,114.08155339805825
DEPUTAI,55.935922330097085
DECUPLE,81.57864077669903
DESTINA,37.04466019417476
DEGIVRA,55.54563106796117
DEJAUNI,80.84174757281554
DEFRAYE,89.44368932038834
DEFIGEA,59.915533980582524
DOMPTAS,57.928155339805826
DEMERDA,70.55922330097087
DEGAGES,71.9378640776699
DENONCE,94.95339805825243
DEDORER,80.27766990291262
DEMERDE,91.40776699029126
DOLEREZ,59.53398058252427
DEPARIA,53.766019417475725
DRAINES,32.25728155339806
DEVENTE,74.61359223300971
DEMODES,67.25631067961164
DECOULA,74.44854368932039
DERADER,68.56504854368931
DANSEES,80.64174757281553
DRIVEUR,156.1155339805825
DERODAI,50.306796116504856
DANSOTE,54.26699029126213
DECHENT,109.69902912621359
DEJETEZ,118.91456310679612
DIFFUSA,100.76893203883495
DEJOUAI,85.37864077669903
DAUBONS,88.4
DEVANCA,92.87864077669903
DANSANT,115.34077669902912
DURIANS,30.40485436893204
DEDIMES,53.09708737864078
DJIHADS,138.30388349514564
DECOTAI,45.25922330097087
DOSEREZ,49.03592233009709
DEVOUES,54.898058252427184
DEMISSE,66.28349514563106
DUEGNES,79.47669902912621
DEBLAIS,59.38834951456311
DEMENAI,61.728155339805824
DAGUIEZ,97.82718446601942
DETAXAS,76.19029126213593
DECIMAL,57.17864077669903
DESAXES,84.39417475728155
DANSIEZ,64.14271844660195
DEVIRAT,36.63592233009709
DRAYAIT,81.40776699029126
DEVINEE,60.41747572815534
DEFEREE,112.13300970873786
DEPOSES,76.83980582524272
DOGUERA,92.0359223300971
DONNIEZ,127.15436893203884
DINEURS,47.99223300970874
DROGUES,65.1
DECIMAS,43.7126213592233
DOCTEUR,86.53300970873786
DROPAIS,43.08349514563107
DEVOYAI,92.69902912621359
DEPOSER,41.84854368932039
DELABRA,84.6611650485437
DESORBA,49.82718446601942
DESSEIN,84.79223300970874
DOMINER,52.185436893203885
DEBROLE,60.85728155339806
DUOPOLE,193.1621359223301
DEROBAI,52.01456310679612
DEDIAIT,81.83106796116505
DEUTERE,54.25339805825243
DOUCINS,60.63398058252427
DOPAMES,60.42038834951456
DALLIEZ,109.60388349514564
DEFACAT,92.01650485436893
DESISTE,44.52815533980583
DENOTAI,49.372815533980585
DEFACEE,80.64951456310679
DEVOREZ,70.13398058252427
DORASSE,48.96407766990291
DRAYIEZ,89.57184466019417
DEVIRAS,33.1378640776699
DESARME,37.185436893203885
DECUIRE,38.088349514563106
DERMATO,55.91359223300971
DETONNE,78.59611650485436
DEGOMME,140.81747572815533
DEVALER,43.706796116504854
DULCITE,66.61941747572816
DELOGES,50.570873786407766
DEGAZES,62.60485436893204
DENOUES,47.00970873786408
DERAPAS,53.7631067961165
DETELAT,71.70873786407768
DICTENT,140.02330097087378
DENOYAS,67.90776699029126
DOTERAS,33.47961165048544
DECLINA,51.029126213592235
DEVINER,42.20776699029126
DEFACAS,79.51165048543689
DIVORCE,60.01067961165049
DJIBSES,163.21747572815534
DEPENDE,104.7009708737864
DETOURS,49.64271844660194
DALEAUX,176.4728155339806
DRAINAI,70.64854368932039
DROITES,26.867961165048545
DEVOLTE,55.17378640776699
DIAZINE,114.84174757281554
DEDUIRE,47.29805825242718
DOUCEUR,162.34174757281554
DEPLIEZ,71.95533980582525
DESSAPA,122.63689320388349
DECIOHM,130.11067961165048
DECRIVE,48.494174757281556
DISTAUX,66.15728155339806
DEPAVEE,76.56407766990291
DRAGUER,114.53495145631068
DECOTES,35.43495145631068
DILUONS,52.105825242718446
DECORUM,98.0990291262136
DEVOTES,42.89708737864078
DRAPAIS,58.05533980582524
DESOLAT,39.40873786407767
DRENNES,75.02815533980582
DERATAS,35.557281553398056
DORMIEZ,76.73883495145631
DEDIENT,72.06893203883494
DERAGEA,55.23883495145631
DESSINE,58.341747572815535
DENIONS,83.85825242718447
DILATER,26.25631067961165
DESOLER,32.16893203883495
DEGLUEE,87.83689320388349
DELAVAS,69.76116504854369
DOPINGS,70.47572815533981
DESSINA,60.95728155339806
DEGANTE,49.40873786407767
DELIERA,36.83495145631068
DEVORER,75.53786407766991
DIONEES,41.646601941747576
DEVASAS,104.80291262135923
DURCIES,37.810679611650485
DOMINAT,54.136893203883496
DEMAINS,45.18834951456311
DOUTAIT,84.56796116504854
DENOYER,65.8621359223301
DATTIER,49.696116504854366
DOUBLEE,78.42912621359223
DELISSA,53.623300970873785
DARIQUE,61.34077669902913
DINERAS,30.89611650485437
DEPARTS,33.51359223300971
DAGUEES,67.41941747572815
DUMDUMS,349.42038834951455
DEREGLA,54.56893203883495
DEPAVAI,92.40485436893204
DAGUERA,119.78446601941748
DEVOUER,55.960194174757284
DROGUEE,59.07961165048544
DECEDAI,62.05533980582524
DROPONS,112.75339805825243
DEVIDEZ,91.43398058252427
DEVISAI,73.5631067961165
DEJOUAT,84.25242718446601
DOMPTER,75.36407766990291
DECOLLA,106.15339805825242
DECAVES,45.99611650485437
DEMATAI,63.59708737864078
DRACHME,126.06796116504854
DETENDS,61.30582524271845
DETECTA,77.66310679611651
DEPLAIS,54.74077669902913
DOUILLE,93.87669902912621
DEBILES,43.268932038834954
DEFITES,39.86893203883495
DEFENSE,82.53786407766991
DELATTE,55.10485436893204
DETENTE,93.56504854368931
DELAITE,28.49611650485437
DEDIIEZ,103.06990291262136
DERAYES,42.50970873786408
DESSOLE,66.33689320388349
DROPANT,61.56990291262136
DOUCIES,46.92135922330097
DEGITER,33.61456310679612
DISSOUS,137.04854368932038
DOUTEUR,132.63009708737863
DEMENTS,62.76796116504855
DOUTEUX,279.0155339805825
DECALER,38.25048543689321
DOUTAIS,41.84368932038835
DJIBSAT,84.37087378640777
DOLEAUX,134.25339805825243
DRESSAT,76.57087378640777
DEDOREE,61.20873786407767
DEPURER,80.03495145631068
DEFIGEZ,102.51456310679612
DRYADES,66.37961165048544
DEGOMMA,159.38932038834952
DEVENIR,50.86893203883495
DORMAIS,39.84466019417476
DEMERGE,87.5252427184466
DECATIT,60.7368932038835
DEPAVEZ,91.37766990291261
DRAGUAI,74.81650485436893
DIOXYDE,200.05436893203884
DELOVEE,71.93495145631069
DECOUSU,137.47766990291262
DIALYSA,85.973786407767
DOULEUR,148.48543689320388
DERASAT,39.18058252427184
DEALAIS,57.73203883495145
DETIREZ,35.40970873786408
DONNEES,78.73980582524271
DORAMES,38.50776699029126
DOPATES,40.43106796116505
DONNEUR,157.90776699029126
DRILLEE,58.00776699029126
DETERGE,58.06019417475728
DETENIR,38.15339805825243
DILEMME,101.63009708737864
DIABLES,53.14271844660194
DETAXEZ,79.75728155339806
DORERAI,63.835922330097084
DECHANT,100.60582524271845
DEFERAS,43.832038834951454
DISEURS,70.73495145631068
DEFAUTS,52.39320388349515
DORIQUE,67.98349514563107
DEFIAIS,87.23980582524271
DAMAGES,92.57281553398059
DEGITAI,72.04563106796117
DEMARRE,64.49514563106796
DIVORCA,47.93009708737864
DEVENUE,89.99805825242719
DETONAT,81.42621359223301
DALLAIT,110.50873786407767
DEFARDA,99.05145631067961
DEBINEE,64.36116504854368
DOSEURS,88.66699029126214
DEGELAI,56.84466019417476
DECILLA,74.56990291262136
DELINEE,46.19126213592233
DIRHEMS,96.31650485436893
DOSETTE,60.369902912621356
DEPAVER,53.70097087378641
DAUBEUR,174.60194174757282
DEBATTE,76.24854368932039
DOMINOS,101.15242718446602
DEMATAS,57.84660194174757
DECORCA,77.95728155339806
DALLERA,144.94368932038836
DERADAS,54.384466019417474
DECRUSE,44.01456310679612
DOURINE,55.02135922330097
DISSONA,61.60776699029126
DOUCINE,78.17184466019417
DEPECAT,62.28155339805825
DESAPEZ,62.428155339805826
DELARDE,42.35436893203884
DEPORTE,42.11165048543689
DAMIONS,53.89320388349515
DARDIEZ,73.71650485436894
DEPLANE,62.75922330097087
DEVISSE,68.19223300970874
DENIAIS,65.4242718446602
DRIVAIS,65.79708737864078
DEJOUER,70.33203883495146
DECAUSE,41.693203883495144
DIOCESE,46.76796116504855
DECRIEE,43.251456310679615
DEPAYSA,116.36504854368933
DECRUER,71.75922330097087
DECHOIT,94.1126213592233
DOSSIER,51.193203883495144
DROSSEZ,112.40194174757282
DUETTOS,144.373786407767
DEMENCE,96.46116504854369
DIPODES,65.15728155339806
DRIBLAI,87.10582524271845
DEJUGES,91.48446601941748
DEBACHE,101.07864077669903
DEBOIRE,46.68834951456311
DEALEUR,61.12038834951456
DEMUNIS,80.45339805825243
DECOCTE,79.69029126213593
DIABASE,76.90776699029126
DERODES,43.14174757281553
DEPLORE,51.345631067961165
DIPLOMA,78.26601941747573
DIESAIT,84.4116504854369
DILUERA,50.539805825242716
DECODAI,67.55631067961166
DEFERLA,59.9621359223301
DERASES,42.82135922330097
DROSSAS,88.80485436893204
DIGITAL,73.03786407766991
DECALAT,66.69708737864077
DRIBLAS,44.150485436893206
DEIFIEZ,123.15242718446602
DENOTEE,52.758252427184466
DENIANT,76.73300970873787
DEVIREE,44.127184466019415
DICTATS,59.146601941747576
DEHALAI,89.59029126213592
DENUDAT,71.33300970873786
DETORDU,82.6504854368932
DELIRER,43.154368932038835
DIAPREZ,68.45922330097088
DALLEUR,120.45145631067962
DESAMEZ,63.835922330097084
DONJONS,289.768932038835
DEFORCE,63.210679611650484
DEMAGOS,70.31359223300971
DOUTIEZ,69.48349514563107
DIMINUA,89.25728155339806
DOUBLON,253.7388349514563
DESIRES,36.89223300970874
DEPORTA,46.748543689320385
DENOYAT,80.26990291262136
DETENEZ,83.09805825242718
DERAGER,67.17087378640777
DEMENEE,133.8029126213592
DELAYAI,93.87184466019417
DECARRA,85.7757281553398
DIABOLO,131.85728155339805
DEPLOYE,101.65436893203884
DEMURER,82.10679611650485
DUNAIRE,36.67864077669903
DIPOLES,49.94466019417476
DERIDAT,39.064077669902915
DENUDAI,70.83980582524272
DEMODAI,81.76504854368932
DECODAT,65.83009708737865
DERAPER,64.56699029126213
DEROCHA,78.3621359223301
DATAGES,63.15631067961165
DEROGEZ,75.8116504854369
DELAYAS,86.27475728155339
DEMOLIR,66.35728155339805
DECAPAI,78.81650485436893
DEVOIES,40.74368932038835
DEGUISA,52.636893203883496
DENOYEZ,112.61941747572816
DEBATIR,40.10388349514563
DEMODEZ,118.98349514563107
DOSATES,48.95825242718447
DORMEUR,173.90582524271844
DEVALEZ,75.7621359223301
DOUCHES,101.1126213592233
DECRIRE,54.08252427184466
DETENDU,86.91456310679612
DEGREAI,52.10291262135922
DOIGTAI,77.00388349514563
DAGUANT,115.49029126213593
DEVOILA,58.849514563106794
DIGERER,68.55825242718447
DERAYEZ,72.5252427184466
DECUVER,59.3621359223301
DUVETTE,109.37281553398059
DEMATAT,117.21067961165049
DELAYEE,77.36796116504854
DECENTS,48.82621359223301
DOUCHAT,96.28446601941748
DEGOTAS,46.12135922330097
DETIRAS,23.579611650485436
DEPECAS,53.78155339805825
DECADES,47.47766990291262
DENUENT,120.42621359223301
DEVIDER,53.4378640776699
DIABETE,59.24077669902913
DERIDAS,35.616504854368934
DIFLUOR,81.40679611650485
DIRIGER,119.20776699029126
DRAIERA,88.55631067961166
DEBATIT,81.66990291262135
DUBNIUM,235.38058252427186
DIESERA,45.3368932038835
DEVIDAT,62.505825242718444
DEPILES,38.837864077669906
DEFEREZ,107.04077669902912
DERAYAS,64.9368932038835
DECERNE,54.33883495145631
DEBINEZ,79.18446601941747
DORAGES,38.57669902912621
DATURAS,39.48932038834951
DESIRAS,39.095145631067965
DEMELES,61.231067961165046
DISTANT,62.6378640776699
DEGREER,108.40194174757282
DERAPES,35.28155339805825
DAIGNAI,128.09126213592234
DEMANDA,120.97961165048544
DOREURS,82.7873786407767
DOMINES,51.293203883495146
DEVERNI,50.46407766990291
DIAZOTE,60.00388349514563
DEFERAI,49.414563106796116
DOCETES,38.06893203883495
DERATAT,71.16699029126214
DEROBAS,46.06990291262136
DIVAGUA,94.50873786407767
DIRCOMS,54.96990291262136
DRAPANT,85.25339805825243
DEGOTAT,92.11067961165048
DARDAIT,64.83009708737865
DEPERIS,37.697087378640774
DAMERAS,65.02912621359224
DRIBLER,107.04757281553398
DOMINAI,83.21165048543689
DECORDE,58.7747572815534
DECEDEZ,130.552427184466
DEROBEZ,78.36893203883496
DEGRADA,103.2135922330097
DRAVANT,86.31650485436893
DEMATEZ,62.56990291262136
DEMELEE,121.75825242718446
DEPASSA,112.16504854368932
DALLEES,76.27475728155339
DEFISSE,75.87378640776699
DISSOLU,91.08640776699029
DELAYEZ,92.32427184466019
DECAVAS,70.14951456310679
DELUTEE,54.001941747572815
DECIMEE,58.94077669902913
DEVALUA,95.00485436893204
DESAERE,37.75436893203884
DELARDA,67.83398058252428
DONNONS,302.8533980582524
DRAPEAU,109.50291262135923
DEVOUAI,67.85048543689321
DECEVEZ,127.45728155339806
DISCAUX,81.19126213592233
DEPURAI,47.13883495145631
DENSITE,35.286407766990294
DRESSEZ,107.67669902912621
DEPARLA,72.24563106796117
DEGELES,63.63883495145631
DIAULES,40.37184466019418
DIKTATS,90.34563106796116
DIAPRAI,89.16407766990291
DIGITES,64.82135922330097
DEPOSEE,56.69514563106796
DIVAGUE,71.45533980582525
DIGERAS,37.94368932038835
DECAPAT,83.7873786407767
DRAVERA,171.49320388349514
DONNAIT,87.32038834951456
DECAUSA,63.046601941747575
DYNASTE,62.42330097087379
DEPILAS,42.86116504854369
DEBRIDA,68.43495145631069
DRAPONS,58.18252427184466
DECRIAI,55.37766990291262
DOUTONS,111.69514563106796
DRAVAIS,58.70194174757282
DIODONS,116.90776699029126
DEMANDE,74.60194174757281
DEVISES,63.99708737864078
DEBOULE,85.19708737864077
DENOTAT,80.75533980582524
DORTOIR,108.59708737864078
DEMENER,69.84368932038835
DESIRAI,40.84368932038835
DEBACLA,116.75145631067961
DEPETRA,45.574757281553396
DETRONE,38.92718446601942
DECALEE,57.13398058252427
DINATES,29.132038834951455
DEJUGEE,138.4019417475728
DEGOTAI,55.06699029126214
DOUBLAI,81.86796116504854
DECANTE,40.58932038834951
DANSERA,76.71747572815534
DRAYERA,204.83203883495145
DOUZAIN,90.96699029126214
DILATAS,36.4504854368932
DEGELAT,58.70873786407767
DARDERA,170.25631067961166
DERADEZ,63.731067961165046
DEFOULA,93.52233009708738
DERODAT,48.40582524271845
DEMINEZ,75.48349514563107
DEVOILE,53.349514563106794
DECAPAS,72.17572815533981
DRIBLAT,53.515533980582525
DELOGEZ,93.95533980582525
DEMELEZ,116.25533980582524
DEJECTA,79.53398058252426
DEVIRAI,62.50485436893204
DETRUIT,76.50582524271844
DICTERA,46.63106796116505
DOIGTAT,83.83689320388349
DEJETAS,56.112621359223304
DORMAIT,45.04854368932039
DEVALUE,57.52233009708738
DEMUNIR,78.1514563106796
DECIMAT,49.224271844660194
DRESSAS,130.6359223300971
DEVOYES,78.4873786407767
DEGOISE,45.57961165048544
DIGESTE,44.112621359223304
DEGAGEE,104.06893203883494
DELITEZ,45.36601941747573
DISPOSE,95.95825242718446
DAPHNIE,105.50485436893204
DAUBAIT,97.47281553398058
DEDISEZ,60.064077669902915
DEPOCHE,112.64854368932039
DESIRER,36.70582524271845
DERASEZ,41.44757281553398
DECUITS,47.76504854368932
DERIVAI,64.74660194174757
DECIDAT,50.925242718446604
DEPUTES,47.432038834951456
DENTINE,66.21067961165049
DUELLES,94.93106796116506
DESAPER,36.57864077669903
DRAIENT,53.45728155339806
DIVISAI,115.17669902912621
DETALAS,48.279611650485435
DECALUX,103.27378640776699
DEGRAFE,77.26601941747573
DEGLUTI,79.43009708737864
DEVETEZ,95.95922330097088
DELOVAS,53.898058252427184
DIAZOLE,74.62815533980583
DEVIDAI,107.89514563106796
DECUISE,41.231067961165046
DECUMES,57.696116504854366
DERCHES,53.59417475728155
DROLETS,58.05242718446602
DERAPAT,60.810679611650485
DORERAS,50.9747572815534
DAMNIEZ,100.51941747572816
DICLINE,107.24368932038836
DRIBBLA,109.13398058252427
DROPEES,49.30485436893204
DENOTAS,40.540776699029124
DAUBIEZ,102.7631067961165
DEALERS,44.8252427184466
DEBLEUI,90.1242718446602
DEGLUEZ,105.96019417475728
DEBLAIE,59.01844660194175
DEVOLUS,91.25922330097087
DERRICK,138.4990291262136
DEFAITE,40.45631067961165
DECRETA,46.56699029126214
DYNAMOS,90.92621359223301
DEVISEZ,61.02135922330097
DEFILAS,48.92718446601942
DEVOLUE,71.67766990291263
DEBATIS,40.78155339805825
DEGREAT,52.970873786407765
DICTANT,85.11650485436893
DELUGES,56.89126213592233
DENERVE,65.38446601941747
DEBUCHA,152.04563106796115
DUPERIE,48.18446601941748
DEGAZAT,99.38058252427184
DRAVENT,89.83592233009709
DARKNET,71.13203883495146
DEGARNI,44.30194174757282
DELURAT,36.70970873786408
DEBARRE,68.68640776699029
DISTORD,49.29902912621359
DUMPING,157.25242718446603
DAGUAIS,69.43203883495146
DIEDRES,43.7747572815534
DJIBSER,88.98349514563107
DEBINAS,48.73300970873787
DRUMMER,205.2233009708738
DANAIDE,75.43592233009709
DECHEES,83.36407766990291
DELAVEE,63.73300970873787
DEGLUAT,67.75728155339806
DEVIEES,48.82330097087379
DISETTE,51.50388349514563
DESOSSA,113.91844660194175
DOUCIRA,48.771844660194176
DRAPIER,75.44466019417476
DENOUER,47.91650485436893
DERIDES,33.34854368932039
DELIRES,23.084466019417476
DECOURS,59.802912621359226
DANSENT,118.00873786407767
DENUIEZ,63.5621359223301
DORADES,40.00097087378641
DANSAIS,87.61650485436893
DEFILAT,54.50970873786408
DECILLE,68.78446601941748
DENUDEZ,104.04368932038835
DECHUES,71.3621359223301
DRIBLES,54.29805825242718
DIMERES,35.054368932038834
DEVASEZ,64.15533980582525
DEVIERA,46.93009708737864
DEVASTA,64.43495145631069
DESSOUS,189.77087378640778
DINDONS,116.64368932038835
DUVETEZ,96.44757281553397
DEMORDE,70.70485436893203
DECHONS,112.31650485436893
DEGERME,87.33398058252428
DEVISAS,70.2495145631068
DEGELER,67.24757281553399
DOLERAI,44.4126213592233
DIURNES,36.824271844660196
DONDONS,251.1873786407767
DETALER,30.10388349514563
DELIGNE,51.86504854368932
DECAPEE,68.59223300970874
DERMITE,35.55242718446602
DERIVES,32.31941747572816
DEFINIS,122.2757281553398
DEGENRA,57.47572815533981
DEVINEZ,74.67572815533981
DEMODEE,95.3621359223301
DEJUGEA,95.99223300970874
DESAMES,68.81456310679611
DENUDES,58.91941747572815
DERAIDI,65.43883495145631
DEGLUES,57.418446601941746
DESAMAT,63.07669902912621
DIRECTE,34.19223300970874
DORMENT,97.40485436893204
DELASSE,56.86601941747573
DANDIES,54.11067961165048
DELAIES,27.880582524271844
DONNERA,110.54368932038835
DERATEZ,38.953398058252425
DERAMAS,53.87378640776699
DERADAI,59.42621359223301
DELITAI,56.32912621359223
DOGCART,60.93689320388349
DECORNE,41.44660194174757
DENOTER,37.07378640776699
DECRIRA,58.49029126213592
DUPEUSE,110.5883495145631
DECESSE,86.0747572815534
DEFIIEZ,114.68252427184466
DEDIEES,48.20194174757282
DECUVES,56.925242718446604
DOSASSE,99.04563106796117
DIRIMAS,48.28543689320389
DERASER,42.9873786407767
DEBINER,45.74660194174757
DAMAMES,118.77961165048544
DENIERA,39.45242718446602
DIERESE,49.616504854368934
DEPULPA,131.6145631067961
DIRIGEZ,117.70970873786408
DESOLEZ,57.31359223300971
DINGUAT,61.44466019417476
DIQUATS,58.54757281553398
DEJANTA,98.71844660194175
DESOLES,59.8621359223301
DEVOYAT,92.18349514563107
DEMOLIS,66.54368932038835
DRIVENT,92.98155339805825
DEROBEE,62.762135922330096
DEPLIES,41.54271844660194
DESUNIR,47.24951456310679
DEPHASA,122.29223300970874
DECOCHE,146.06699029126213
DETISER,23.457281553398058
DEVORAT,44.60291262135922
DETEINS,39.49320388349515
DECOREE,48.3368932038835
DERAIES,22.506796116504855
DETELES,43.036893203883494
DEGAZEZ,123.79029126213592
DOSEUSE,73.5757281553398
DRILLAT,59.428155339805826
DESTINS,81.8873786407767
DEPUTEE,66.50485436893204
DEGERMA,67.88058252427184
DIZAINS,64.17281553398058
DEMINAS,47.18446601941748
DEVORAS,40.89902912621359
DEPOLIT,70.05728155339806
DECORCE,69.88058252427184
DEROGES,41.849514563106794
DAGORNE,65.49126213592233
DOGUANT,90.18252427184466
DAUBAIS,78.73495145631068
DEDISES,63.883495145631066
DEFERRA,89.07378640776699
DIFFERA,114.98446601941748
DOMPTEZ,133.60679611650485
DECLINE,46.20582524271845
DEVISSA,69.76019417475729
DEFIAIT,93.173786407767
DECLARE,44.63203883495146
DAURADE,89.47572815533981
DRAGUAS,63.7631067961165
DOGUONS,157.67087378640775
DEPERIR,70.98932038834951
DEFICHE,97.76407766990292
DISSOUT,70.39223300970873
DECLOUA,73.86407766990291
DEGONDE,94.52912621359224
DEVINES,43.9
DEVASES,67.58252427184466
DECLAMA,112.18543689320389
DIURNAL,39.50097087378641
DISCALE,48.28252427184466
DEPOSAT,49.303883495145634
DIACODE,80.45922330097088
DERAMEZ,62.306796116504856
DECOUPE,77.9631067961165
DENOUEE,66.60485436893204
DRUMLIN,82.86990291262136
DHIMMIS,261.9747572815534
DENITRE,29.06893203883495
DEJETTE,132.1378640776699
DEDAINS,45.93883495145631
DEGAZAS,86.88058252427184
DINGUEZ,116.44660194174757
DELOVAI,62.72135922330097
DISPOSA,72.92233009708738
DEJOUES,68.826213592233
DINEREZ,49.70873786407767
DEROULE,44.69514563106796
DECADIS,45.60485436893204
DEGLUER,59.574757281553396
DENOTEZ,62.793203883495146
DECUSSE,75.24368932038836
DRAGUAT,76.89805825242719
DISCUTE,50.786407766990294
DEBUTEZ,91.9242718446602
DECHAIS,69.01844660194175
DIGITEE,62.04466019417476
DUPERAI,61.30970873786408
DOTATES,50.03106796116505
DRACENA,101.34660194174758
DESTINE,34.98932038834951
DEPAVES,54.15339805825243
DEFOLIA,68.60970873786408
DEVOYEZ,137.55728155339807
DEGLACE,71.36893203883496
DANDINE,125.57669902912622
DELATTA,96.26504854368932
DESAPEE,52.116504854368934
DEBRAYA,134.473786407767
DIORAMA,59.751456310679615
DEBITEZ,64.70485436893203
DEVINAI,89.59126213592234
DEPLIAI,83.25242718446601
DENUANT,107.46504854368932
DEHARDA,101.99417475728156
DARIOLE,34.79223300970874
DEHALEE,74.94757281553397
DETALAT,97.0252427184466
DUSSIEZ,106.56796116504854
DESSOLA,73.7621359223301
DEFUNTE,74.53883495145631
DERADAT,60.341747572815535
DECLICS,89.3126213592233
DEFIBRA,71.43300970873787
DUPEURS,129.0009708737864
DEMINAI,89.7990291262136
DRUIDES,45.6
DIAPRAT,52.83883495145631
DAMNONS,124.78155339805825
DELIONS,48.61456310679612
DEBOUDA,120.91650485436894
DEVALAT,78.01844660194175
DEFENDS,93.35825242718447
DOUCHEE,93.826213592233
DEBULLE,133.85631067961165
DRESSER,108.48446601941748
DATABLE,100.02815533980582
DEVOUAS,59.46796116504854
DROPERA,123.47572815533981
DENITRA,31.151456310679613
DEVANCE,57.25922330097087
DRESSAI,72.34077669902912
DEDORAI,49.04466019417476
DETELEE,83.93883495145631
DIVERTI,94.56019417475729
DEMAQUA,150.25242718446603
DATIONS,37.05242718446602
DEBORDA,84.70776699029126
DECIMEZ,72.06019417475729
DESAMEE,53.48349514563107
DEPUREZ,73.70582524271845
DEBATES,41.8621359223301
DEPENSE,69.81650485436893
DEISTES,47.66699029126214
DEMODAS,72.26601941747573
DEROUTE,38.00388349514563
DEMARIE,34.04854368932039
DEFRAYA,136.3757281553398
DETAILS,28.88252427184466
DOLMENS,107.1514563106796
DEALIEZ,58.18252427184466
DANCING,135.9485436893204
DEIFIER,72.00097087378641
DEMITES,34.75048543689321
DEJETER,67.18252427184466
DEFIERA,54.123300970873785
DIESONS,124.6883495145631
DECISIF,122.02815533980582
DEFIGEE,82.20194174757282
DECRETS,41.501941747572815
DIVISAS,104.39902912621359
DEBANDA,126.40194174757282
DOIGTAS,40.25631067961165
DERAYER,78.42621359223301
DEIFIEE,97.55339805825243
DETEINT,77.18058252427184
DEFICIT,123.96213592233009
DIESANT,64.13592233009709
DIERGOL,106.88932038834952
DUPEREZ,88.64757281553398
DALLAGE,184.33300970873788
DILATEE,30.3
DETORDE,45.86019417475728
DELURES,31.763106796116507
DISOMIE,86.53300970873786
DECRUDI,82.5252427184466
DELIGNA,57.08058252427185
DENICHA,75.3252427184466
DEBITAT,81.77184466019418
DEVIENT,69.38932038834952
DURATES,27.979611650485438
DINETTE,70.27281553398058
DECUIRA,42.09029126213592
DEPUTEZ,80.06407766990291
DEMENEZ,123.67184466019417
DEBATAS,65.34563106796116
DALLANT,138.41456310679612
DROSSER,111.95339805825243
DELOVER,50.498058252427185
DEBLAYE,108.0883495145631
DESORBE,46.26019417475728
DUVETAT,134.46019417475728
DAMASSE,123.09223300970874
DEBOITE,50.5126213592233
DRACHES,70.98543689320388
DAIGNAT,82.49805825242719
DERAMER,66.93495145631069
DECIMES,41.05145631067961
DROPIEZ,80.55436893203884
DIVINES,85.50582524271844
DELIRAS,24.59126213592233
DAMNERA,124.5990291262136
DERASAS,64.16407766990291
DIAPIRS,60.96601941747573
DENOMMA,135.67184466019418
DINERAI,61.60291262135922
DEFRIPE,63.633009708737866
DELUTAS,39.25631067961165
DEJUGER,95.46213592233009
DURERAI,70.40388349514564
DAMEUSE,67.67087378640777
DIOPTRE,48.9621359223301
DRAINER,60.24757281553398
DEVERSE,57.14271844660194
DECOUPA,88.43592233009709
DIVISER,69.14757281553398
DEALAIT,64.09514563106796
DENOUAT,59.050485436893204
DETRONA,43.53398058252427
DEPLIAS,45.45825242718447
DOMAINE,55.97766990291262
DEPLIAT,49.6747572815534
DECAMPE,74.58349514563106
DENUAIS,49.39320388349515
DECLINS,54.654368932038835
DRAVEUR,158.67087378640775
DIBROME,88.66796116504854
DOUBLAS,68.34368932038835
DEPLIER,40.733980582524275
DECELEE,107.86893203883496
DERASAI,37.89902912621359
DORSALE,41.31650485436893
DEGORGE,86.14757281553398
DENIGRE,42.46504854368932
DEBUTAT,112.44271844660194
DESSINS,146.6242718446602
DRACHAT,106.52912621359224
DRAPEES,53.37961165048544
DELUTES,37.02038834951456
DEALANT,80.91941747572815
DAIGNER,58.79029126213592
DRAINEE,35.89708737864078
DEVOUEE,74.52912621359224
DETENUS,51.92330097087379
DECANAL,74.0621359223301
DIRHAMS,58.33300970873786
DECODAS,58.220388349514565
DEGUISE,50.24368932038835
DETECTE,94.58640776699029
DOLASSE,63.019417475728154
DOUCHAI,96.19417475728156
DESIRAT,25.059223300970874
DERAPAI,58.23883495145631
DETONES,38.18640776699029
DESCEND,85.45242718446602
DEFAITS,40.80970873786408
DETONNA,88.3757281553398
DEBUTAI,64.35533980582524
DEPEINS,50.400970873786406
DEVOISE,46.12233009708738
DEMODER,70.7
DEDALES,42.95728155339806
DECOCHA,163.31456310679613
DEPISTE,36.85825242718447
DEGOTEZ,76.31456310679611
DILUTIF,130.58446601941748
DRESSEE,79.53106796116505
DEPITAT,72.02815533980582
DESAPAS,106.21553398058252
DOYENNE,147.26601941747572
DOLOIRE,72.45631067961165
DELEGUE,93.87378640776699
DAMNEES,70.00097087378641
DECRETE,52.91067961165049
DRAINAT,44.13203883495146
DILATAI,73.86407766990291
DESMINE,48.42038834951456
DEPISTA,38.9126213592233
DEVENEZ,119.92815533980583
DRIFTER,91.4378640776699
DETORSE,30.964077669902913
DATEREZ,54.71844660194175
DEBOTTE,97.89223300970873
DECANTA,65.93398058252427
DYSURIE,57.50097087378641
DELEGUA,75.8388349514563
DIRIMEZ,114.63592233009709
DECEDEE,137.76407766990292
DEJEUNA,92.28155339805825
DRAYAIS,68.92621359223301
DOTIONS,66.40388349514564
DUPLEXE,142.24174757281554
DUVETES,52.39126213592233
DEPURAS,42.60485436893204
DECALAI,64.86893203883496
DOLIQUE,94.62135922330097
DRAPERA,170.4621359223301
DALLENT,133.7621359223301
DEVIREZ,54.6495145631068
DESAXAI,74.72621359223301
DINGUES,61.390291262135925
DEVALAI,76.8621359223301
DEMENTI,67.08058252427185
DISSIEZ,150.4728155339806
DECOLLE,94.57669902912622
DECOIVE,56.72233009708738
DROGUAS,48.34854368932039
DEBUTES,53.56893203883495
DIURESE,38.72912621359223
DEFLORE,58.6
DRAVAIT,68.8747572815534
DIACRES,31.38155339805825
DEPARAS,50.93495145631068
DOIGTER,50.50776699029126
DEDUITS,58.82621359223301
DEGOTTA,95.33495145631068
DETORDS,55.911650485436894
DOLIONS,71.9126213592233
DINGUAS,48.123300970873785
DECHIRA,61.1873786407767
DEGOUTS,80.63689320388349
DEBALLA,171.82135922330096
DURALES,32.53883495145631
DEUTONS,73.2757281553398
DEPENDS,78.35048543689321
DEBARDA,97.81747572815534
DIALYSE,71.9504854368932
DECIMER,41.5378640776699
DECAMPA,124.0
DIDONES,56.724271844660194
DEPITER,32.9873786407767
DORIENS,45.762135922330096
DOUBLES,84.89514563106796
DURCIRA,70.69320388349514
DIAPRAS,44.73883495145631
DEFERER,111.69223300970874
DEBINAT,59.94174757281554
DERAMAI,58.585436893203884
DEGREEZ,106.38058252427184
DIACIDE,114.09708737864078
DIPTERE,45.758252427184466
DETALEZ,51.02815533980583
DEVETUS,55.93689320388349
DEALENT,62.72330097087379
DECODEZ,100.47281553398058
DEJETEE,126.88932038834952
DRAGUEE,64.38058252427184
DIFFAME,161.85533980582525
DERAYAT,73.09805825242718
DIAPREE,41.48349514563107
DEREELS,44.63398058252427
DESOLAI,40.39514563106796
DEBACHA,170.1883495145631
DEMUREE,64.27961165048544
DEBOGUA,122.66990291262135
DEFINIT,137.38349514563106
DOLOSIF,126.93592233009709
DEPAYSE,72.80097087378641
DEGELEE,127.66019417475728
DETELEZ,77.82038834951456
DELOVES,49.853398058252424
DARTOIS,28.800970873786408
DILATES,26.056310679611652
DECREPA,67.56699029126213
DISTOME,57.24563106796116
DEVASEE,53.737864077669904
DROPENT,102.55631067961166
DECUTES,39.105825242718446
DECABLA,116.00970873786407
DECRIAS,29.507766990291262
DELINEA,33.99029126213592
DEVRAIT,47.04271844660194
DEGOTTE,85.97766990291262
DEJETAI,62.24368932038835
DENUDAS,60.70388349514563
DEPOSAI,50.61165048543689
DAIGNEZ,107.75533980582524
DECRUAS,37.387378640776696
DESAPES,67.61067961165048
DESSAPE,80.27864077669904
DECELAS,43.04563106796117
DODINES,53.70194174757282
DECOTEE,51.05922330097087
DANIENS,88.20679611650485
DATAMES,62.81747572815534
DELOQUA,107.20194174757282
DEROGEA,45.52815533980583
DESSALE,65.12621359223301
DICTION,101.9
DEBATER,40.93106796116505
DELAINE,33.67378640776699
DECLOUE,64.58543689320388
DEFONCA,97.72815533980582
DEMONTE,63.44174757281554
DEBONDA,117.63009708737864
DOTEREZ,52.53495145631068
DENIGRA,47.18834951456311
DEHALES,51.37184466019418
DIRIGEA,54.932038834951456
DEBUTER,54.162135922330094
DEBROLA,69.28058252427185
DURAMES,41.771844660194176
DRILLES,61.88640776699029
DELAVES,43.83398058252427
DIRIMER,116.82912621359223
DECOTAT,77.06504854368931
DEVOIRS,51.79417475728155
DEPARER,62.93883495145631
DIRECTS,40.976699029126216
DEICIDE,90.2135922330097
DALTONS,49.64174757281553
DELAYES,53.4504854368932
DEVENTA,62.01844660194175
DONGLES,69.28252427184466
DECHAUX,192.49126213592234
DIVISES,129.32718446601942
DISQUES,113.5252427184466
DEROBAT,51.83009708737864
DENIEES,40.86893203883495
DEPRISE,39.71941747572816
DESIGNS,107.4116504854369
DILUAIT,71.81650485436893
DEMINEE,61.71941747572816
DEJUCHE,155.46796116504854
DENTOME,66.46116504854369
DECOUSE,52.68058252427184
DOCKERS,111.51747572815535
DENOUAS,49.44660194174757
DELAINA,54.581553398058254
DECEDAT,62.91747572815534
DIAMIDE,129.57572815533982
DELOQUE,94.76990291262136
DENTAUX,114.11650485436893
DELACAI,65.34077669902912
DELIREZ,40.47864077669903
DIGNITE,114.63495145631067
DETALLA,103.53203883495145
DOUVAIN,87.3388349514563
DAZIBAO,99.78446601941748
DEVETUE,70.89514563106796
DOPAGES,59.24077669902913
DERAGEZ,62.63398058252427
DEPECEE,130.3873786407767
DRAGUEZ,111.33980582524272
DENCHES,70.32427184466019
DEVIDEE,71.45242718446602
DEBORDE,76.16699029126214
DEHARDE,63.935922330097085
DIRIGEE,55.7126213592233
DESUETS,81.87864077669903
DELAVEZ,75.72718446601942
DESOLAS,64.96601941747574
DAMNAIS,76.4009708737864
DICTAIS,57.46116504854369
DANGERS,75.23300970873787
DECEDAS,54.83495145631068
DRAPELE,69.25242718446601
DEMATER,37.0621359223301
DESIREE,28.10873786407767
DEBITES,38.9873786407767
DECELAT,50.0757281553398
DECIDUS,69.43009708737864
DOPIONS,92.15339805825242
DAUPHIN,125.59126213592234
DIESIEZ,94.16504854368932
DECRIEZ,50.7252427184466
DEVANTS,47.87766990291262
DACITES,30.472815533980583
DEVASER,37.68446601941748
DORMIRA,69.4252427184466
DEPUTAS,49.73203883495145
DIGESTS,101.15339805825242
DEBINAI,94.173786407767
DRAKKAR,271.9640776699029
DIFFAMA,193.2135922330097
DECELER,56.26796116504855
DEMUNIE,63.039805825242716
DIIODES,79.15339805825242
DESUNIE,39.51067961165049
DECADRA,80.55922330097087
DIRIONS,51.519417475728154
DEFLORA,68.22621359223301
DRAVONS,60.00776699029126
DEPECEZ,123.70679611650485
DELURAS,32.536893203883494
DEROBES,43.93495145631068
DEFORME,74.826213592233
DRILLEZ,118.92912621359223
DESOLEE,44.841747572815535
DENTIER,32.10097087378641
DEFILER,44.894174757281554
DECRIAT,33.332038834951454
DEROGER,80.22621359223301
DEPITAI,70.61067961165048
DOSSARD,84.00873786407767
DALLAIS,90.63203883495146
DRAINAS,35.63980582524272
DETAXER,47.55533980582524
DECHAPE,104.36699029126214
DEDIRAI,65.48252427184465
DECAPER,47.34757281553398
DAIMIOS,78.77378640776699
DEFENDU,131.87766990291263
DOUAIRE,35.12233009708738
DEGITEZ,58.8504854368932
DENOYAI,77.86893203883496
DEGITAS,38.79029126213592
DELIVRE,40.83883495145631
DEPITEE,45.10873786407767
DECRUSA,45.82330097087379
DUGONGS,160.25533980582523
DEMOULE,74.81747572815534
DELOVAT,60.37378640776699
DANSOTA,61.144660194174755
DEMIMES,65.61650485436893
DRAPELA,121.38640776699029
DEPLACE,70.42135922330097
DJIBSAI,134.73495145631068
DECESSA,69.3388349514563
DECRITS,37.029126213592235
DISTEND,93.57184466019417
DETERRA,54.10485436893204
DERIDEZ,58.06019417475728
DAUBEES,71.50679611650486
DEZOOME,146.16893203883495
DUPAMES,67.99029126213593
DEGAZER,63.88543689320388
DEALERA,69.55242718446603
DEVIRER,58.30776699029126
DECIDAI,88.50776699029126
DOPANTS,45.34466019417476
DEMAQUE,92.4873786407767
DICTAME,63.86601941747573
DICIBLE,142.64854368932038
DELESTA,39.366990291262134
DELITEE,36.720388349514565
DECORER,62.25242718446602
DEPENDU,109.93106796116506
DECILUX,114.03495145631068
DEPOTAT,89.44174757281553
DELUTEZ,64.45242718446602
DIOIQUE,132.47087378640776
DEPUTAT,98.33980582524272
DECREPE,78.16796116504854
DEZIPPE,108.62912621359223
DAGUETS,80.6621359223301
DORLOTE,83.14660194174758
DATATES,76.0621359223301
DECUVEE,86.95533980582525
DERATER,42.557281553398056
DETENUE,65.71941747572815
DELITER,26.09223300970874
DECORNA,48.11165048543689
DOMIENS,78.69805825242719
DOPASSE,79.20776699029126
DECIDAS,45.0757281553398
DOMISME,90.50194174757281
DARONNE,81.9378640776699
DAMASSA,186.4359223300971
DINGHIE,195.97669902912622
DECOREZ,57.244660194174756
DETROIT,69.72912621359224
DOLMANS,64.59708737864078
DEDUITE,48.10388349514563
DETONER,37.82912621359223
DOIVENT,105.86990291262136
DEDORAS,42.70873786407767
DEBONDE,102.89514563106796
DETONEZ,64.14368932038835
DELISSE,51.36893203883495
DENONCA,109.73980582524271
DEGAINA,69.69417475728156
DEGAZAI,94.99514563106796
DISSONE,82.22038834951456
DARAISE,38.43398058252427
DEFORCA,70.1621359223301
DEGRADE,69.72621359223301
DEGREES,56.567961165048544
DEHOTTA,111.00194174757281
DEIFIAT,88.37184466019417
DEFORMA,83.35048543689321
DICROTE,46.980582524271846
DRIVIEZ,134.40582524271844
DEBATEZ,68.74077669902913
DEBUTAS,55.713592233009706
DEDIERA,48.463106796116506
DUREREZ,104.35922330097087
DECEDES,68.09805825242718
DETELAS,37.21165048543689
DESMANS,111.87087378640777
DONJUAN,163.62135922330097
DYNODES,115.46504854368932
DECEVRA,59.08640776699029
DELAITA,47.88155339805825
DEPOSEZ,72.78446601941748
DETACHE,63.07378640776699
DEPITES,34.74271844660194
DISERTS,57.44854368932039
DEMURAS,43.12815533980582
DERAPEZ,59.702912621359225
DEVETES,53.536893203883494
DURETES,32.1873786407767
DELESTE,46.19223300970874
DEISMES,71.10582524271845
