ORNERONT,24.661846496106786
OBTINTES,8.668520578420468
ORMILLES,9.077864293659621
OUTILLES,7.7808676307007785
OVOCYTES,19.122358175750833
OBTURANT,12.695216907675194
OSCILLAI,22.403781979977754
OBERASSE,11.280311457174639
OUILLONS,12.236929922135706
OISEUSES,16.926585094549498
OBSTACLE,10.828698553948833
OMANAISE,13.028921023359288
OSSIFIEZ,25.622914349276975
OFFICIAI,59.19132369299221
ORALISEE,4.968854282536151
ORDINALE,8.657397107897664
OFFENSES,25.193548387096776
OVARITES,5.291434927697441
OCCULTAT,32.78642936596218
ORNERIEZ,11.7853170189099
OBVIATES,7.662958843159066
OUVROIRS,12.112347052280311
ORINGUEZ,11.880978865406007
OCCULTEZ,26.96440489432703
OBNUBILE,16.735261401557285
OSMOLYTE,22.541713014460512
OUILLIEZ,24.308120133481648
OBSEDERA,15.547274749721913
ORDONNAS,14.579532814238043
OUIGHOUR,43.1579532814238
OBSTINAS,6.995550611790879
OIGNISSE,18.276974416017797
OBVENAIT,14.53726362625139
OPTIMISE,14.913236929922135
ORBITENT,12.650723025583982
OPIACEES,8.975528364849833
OCCLUTES,14.457174638487208
OPILIONS,12.652947719688543
OZONISES,14.07007786429366
OBERIONS,7.67853170189099
OCREUSES,10.904338153503893
OEILLANT,13.992213570634037
OURLATES,5.589543937708565
OSCARISE,11.220244716351502
OCCITANE,11.89210233592881
OFFRANTE,15.344827586206897
OTASSENT,16.93548387096774
OTTOMANS,16.541713014460512
ORNIERES,6.46384872080089
OVOIDALE,16.973303670745274
OSSEMENT,14.919911012235817
ORNEMENT,16.510567296996662
OCCLUSES,20.873192436040046
ONDOYONS,82.61957730812013
OBTENUES,6.657397107897664
OBJECTAS,17.347052280311456
OUATATES,12.7174638487208
OPPOSITE,21.091212458286986
OPIACERA,21.887652947719687
OISELIER,8.372636262513904
OBSEDEES,23.796440489432705
OXYGENEE,47.21579532814238
OLEFINES,8.14349276974416
OUTILLAS,7.549499443826474
ORGANISA,14.06562847608454
OUBLIAIS,9.120133481646274
OINDRAIT,13.302558398220246
OMBRETTE,18.450500556173527
OUTILLER,9.413793103448276
ORANGEAS,12.879866518353726
OUVRIERE,11.640711902113459
OPTIQUES,10.167964404894327
OIGNITES,9.149054505005562
OCTAEDRE,11.351501668520578
OGIVALES,10.243604004449388
OFFERTES,15.017797552836486
OCTAVIER,9.39599555061179
OUBLIERA,10.134593993325918
OVIGENES,10.555061179087875
OISILLON,23.482758620689655
OISELAIT,10.833147942157954
OBTENAIS,7.146829810901001
OCARINAS,7.2558398220244715
OXYRHINE,21.622914349276975
OISELLES,16.232480533926584
OBTUREES,6.067853170189099
OUVRAGEZ,17.945494994438263
OCTAVIAT,29.571746384872082
OMBRINES,6.717463848720801
OSSIFIAI,29.32480533926585
OPTERONT,24.46829810901001
ONZIEMES,10.78865406006674
OCRERONS,14.305895439377085
ORBITONS,7.447163515016685
OMBRELLE,22.07675194660734
OSASSENT,17.596218020022246
OPTASSES,17.42714126807564
OCRERAIS,10.597330367074527
OPHIURES,9.126807563959956
OMBREUSE,13.845383759733037
OVULATES,8.568409343715238
OCTROYAI,15.269187986651835
ONIRISME,7.887652947719689
OESTRALE,7.496106785317019
OCTROYES,11.131256952169077
OBVENUES,10.450500556173527
OUVERTES,7.262513904338154
OBJURGUE,42.36596218020022
OFFENSAS,27.587319243604004
OSCARISA,18.973303670745274
OFFRIONS,16.159065628476085
OCTODONS,26.84872080088988
OBSOLETE,11.048943270300335
OBERERAS,10.775305895439377
OUVRASSE,11.409343715239155
OUVRISSE,9.86095661846496
OPINEREZ,12.199110122358176
OLECRANE,9.153503893214683
OBERATES,6.290322580645161
OMBRIERE,14.285873192436041
OSTRACES,7.787541713014461
OISELEES,13.93437152391546
OPTIMISA,14.744160177975528
OXYGENER,28.862068965517242
OSSIFIAS,25.70967741935484
OINDRONT,26.058954393770858
ORVIETAN,7.81868743047831
OLIVACEE,12.793103448275861
OASIENNE,9.24694104560623
OFFRANDE,23.229143492769744
OPPOSANT,24.234705228031146
ORGANITE,7.847608453837597
OBVINMES,11.095661846496107
ONDOIERA,15.117908787541714
ONDULENT,23.809788654060068
OUVRIRAI,16.399332591768633
OCCUPERA,31.364849833147943
OURLIONS,6.733036707452725
OENANTHE,22.908787541713014
OUTRIONS,5.097886540600667
OCTROYER,20.72191323692992
ORPHIQUE,23.665183537263626
OSSELETS,18.688542825361512
OBEIRONT,11.912124582869856
OCCLUSAL,32.844271412680754
OUTRAGES,6.10567296996663
OBJECTAT,41.373748609566185
ORBITAIS,7.171301446051168
ONDULEUX,51.76084538375973
OBSTINEE,6.1546162402669635
OBVENANT,24.59955506117909
ORANGERA,28.557285873192438
OXAZOLES,19.342602892102335
OUVRATES,6.506117908787542
ORIGINAS,8.052280311457174
OBSTRUEE,7.611790878754172
OMETTONS,21.941045606229142
ORIENTAS,4.468298109010012
OUGUIYAS,17.68075639599555
ORIOLIDE,15.760845383759733
OUBLIAIT,10.708565072302559
ORDINAND,24.35706340378198
OZONISAS,12.234705228031146
ORGASMES,13.32480533926585
OUILLERE,13.832035595105673
OLEIQUES,10.125695216907674
OFFRIMES,15.0
OBJECTAI,25.240266963292548
OEUVRERA,23.836484983314794
OMBRIONS,10.241379310344827
OARISTYS,11.654060066740824
OCEANITE,9.315906562847609
OCCULTAS,14.276974416017797
ORALISAS,9.231368186874304
OPALISAS,14.517241379310345
OXYDABLE,42.42825361512792
OZONISEZ,18.82202447163515
OXYDATES,20.29032258064516
OMBELLES,19.480533926585096
OSCILLEZ,21.095661846496107
OZONATES,10.864293659621802
ORNERAIS,7.745272525027809
OMBILICS,18.85761957730812
OUATERAS,9.222469410456062
OBSEDANT,13.814238042269189
ONGLETTE,16.370411568409345
OBTINSSE,8.89098998887653
OBOMBREE,23.338153503893214
OZONIDES,14.686318131256952
OBSEDONS,25.10233592880979
OCTAVIAI,26.555061179087875
OUISSIEZ,16.735261401557285
OOLITHES,10.241379310344827
ORTOLANS,5.943270300333704
OZONERAI,16.448275862068964
OBLITERA,10.590656284760845
OVALISES,9.051167964404895
OLIVETTE,16.114571746384872
ORNERAIT,9.889877641824249
OMETTREZ,22.308120133481648
OPTERAIS,7.358175750834261
OMBRAGEA,23.845383759733036
OFFENSIF,40.21023359288098
OPTERIEZ,10.303670745272525
OOMYCETE,29.055617352614014
ORPHEONS,18.862068965517242
ONCOGENE,33.5139043381535
OURALIEN,6.766407119021134
OTTOMANE,21.654060066740822
OCTROYEZ,20.74860956618465
ORGANISE,8.661846496106785
OPERANDE,12.597330367074527
OZONISAT,8.911012235817575
OCTOGONE,33.78976640711902
ONCTIONS,13.278086763070078
OEUVRIEZ,14.773081201334817
OEILLEES,15.540600667408231
ORIGINAI,18.842046718576196
OSSEUSES,29.057842046718577
OBEIRIEZ,12.984427141268077
OSMIQUES,16.697441601779754
OPTAIENT,13.843159065628477
OLIVACES,8.89321468298109
OPTIMUMS,17.985539488320356
ORIGINES,8.515016685205785
OMBRERAI,20.479421579532815
OEILLARD,22.03003337041157
OPINERAS,6.810901001112347
OBSTRUES,8.726362625139043
OBLIGENT,14.383759733036708
OVIGERES,9.847608453837598
OSSIFIER,14.813125695216907
OXYGENES,23.845383759733036
OUIRIONS,6.361512791991101
OUAILLES,8.488320355951057
OSTROGOT,31.553948832035594
ODONYMES,27.67185761957731
OMBRAGEZ,22.299221357063402
OXYGENAT,37.304783092324804
OLIVATRE,8.452725250278087
OLEANDRE,12.63959955506118
OLIVIERS,11.24916573971079
OUVRIMES,7.496106785317019
OPIOMANE,16.639599555061178
OXYDASSE,41.63626251390434
ONDOIENT,26.183537263626253
OBSCENES,11.82313681868743
OCRASSES,17.413793103448278
ONDOYAIT,27.195773081201335
ORDONNES,16.270300333704117
OBVENIEZ,16.50166852057842
OPIACENT,12.92880978865406
OCCURRAI,25.95884315906563
OUATINES,4.666295884315907
OPHTALMO,36.196885428253616
OLEFIANT,10.9265850945495
ONEREUSE,11.553948832035594
OMBRAGES,11.576195773081201
OCTAVINS,7.9610678531701895
OUVRAGER,19.371523915461623
OCTUPLES,11.200222469410456
ORGUEILS,8.479421579532815
OUTILLAI,15.25139043381535
ORAGEUSE,10.781979977753059
OCCLUREZ,25.858731924360402
ORIENTES,4.410456062291435
OUILLAIT,17.088987764182423
OBSTRUAS,8.272525027808676
OSEILLES,13.865406006674082
OUVRIREZ,15.46051167964405
OFFRITES,9.92992213570634
ORGELETS,8.381535038932148
OUTRAMES,5.947719688542826
OMBRATES,7.896551724137931
OPPOSONS,61.80756395995551
OMISSENT,12.285873192436041
OMNIVORE,14.285873192436041
OBNUBILA,19.002224694104562
OBTINMES,7.60956618464961
OLYMPIEN,20.90211345939933
ORCHITES,7.505005561735262
ODIEUSES,10.276974416017797
ORATRICE,8.770856507230256
OLEIFERE,19.024471635150167
OSCILLAT,13.64516129032258
OCCLUSSE,29.907675194660733
OBTURAIS,6.385984427141268
OGRESSES,21.309232480533925
OBTURENT,15.447163515016685
OCRERAIT,14.14571746384872
OBJECTEZ,31.78754171301446
OOSPHERE,20.085650723025584
OXONIUMS,17.349276974416018
OPALISEE,7.075639599555061
OBJECTIF,45.18020022246941
OSSIFIAT,14.334816462736374
OISELERA,8.988876529477198
OLIVAIES,9.436040044493883
OMICRONS,11.055617352614016
ONDULAIT,12.172413793103448
OXYDASES,32.12569521690767
OPTERONS,10.53503893214683
OMETTIEZ,22.07675194660734
ONIRIQUE,11.629588431590657
OFFICIAT,27.774193548387096
OBJECTEE,30.230255839822025
OBTENIEZ,10.152391546162402
OXYDERAI,37.68743047830923
OCTROYAT,21.70522803114572
OBLIQUAI,26.32814238042269
OEUVRANT,12.74860956618465
OPERABLE,12.839822024471635
OLFACTIF,32.90433815350389
OPERANTE,8.474972191323692
ORALISAI,11.74749721913237
OTOCYSTE,34.35706340378198
OBVINTES,7.616240266963293
OCCLUENT,24.57285873192436
OCEANIEN,14.303670745272525
OINDRIEZ,17.1357063403782
OUILLEES,9.567296996662959
OBEIRONS,8.443826473859843
ORINGUAI,12.159065628476085
OUTRAGEA,12.350389321468299
OROGENES,9.778642936596219
OMBRAGER,22.97107897664071
OUTRASSE,6.67741935483871
ORBITAIT,14.374860956618464
OBVIENNE,15.878754171301447
OUVRIERS,9.616240266963292
ORANAISE,8.448275862068966
OVULEREZ,18.24582869855395
OLIFANTS,7.896551724137931
OBVIEREZ,16.17908787541713
OBERERAI,16.087875417130146
OPPOSERA,26.88654060066741
OREILLON,19.155728587319242
OFFRIREZ,29.07119021134594
OMETTAIS,14.35706340378198
OMOPLATE,18.726362625139043
OTOSCOPE,37.51167964404895
OESTRIOL,10.256952169076753
OBVIIONS,13.451612903225806
OURDIRAS,8.635150166852059
OCRERONT,19.840934371523915
OSERAIES,7.1957730812013345
OBLIQUAS,12.272525027808676
OXYCRATS,20.672969966629587
ORIENTEZ,7.622914349276974
OUTSIDER,7.182424916573971
OUTILLEZ,14.265850945494995
ORPHISME,15.636262513904338
OCTUPLAI,15.511679644048943
OPTIMALE,10.802002224694105
OLEACEES,13.122358175750835
OMELETTE,28.112347052280313
OUBLIANT,7.4493882091212456
OBSTRUER,11.740823136818687
OUBLIONS,7.765294771968854
OSTRACEE,6.8776418242491655
OEILLAIT,22.119021134593993
OCTAVIEZ,14.904338153503893
OBLIQUEZ,23.727474972191324
OINDRAIS,10.744160177975528
OBTENAIT,16.363737486095662
OUATINAS,6.599555061179088
OUVRAGEA,20.490545050055616
OXYMETRE,27.54060066740823
OZONEREZ,24.268075639599555
OUTRANCE,6.479421579532814
ORATOIRE,8.546162402669633
OCTONION,38.01890989988877
ORATEURS,7.9699666295884315
OPERERAI,17.918798665183537
OREILLES,7.585094549499444
OUTRERAI,10.78642936596218
OFFREUSE,21.5650723025584
ORGANDIS,10.588431590656285
OTOLITES,8.21913236929922
OBSERVEE,18.343715239154616
OSTINATO,12.081201334816463
OMBRIENS,7.551724137931035
OUABAINE,9.387096774193548
OCTUPLEE,12.733036707452726
OURDIRAI,16.715239154616242
OBSTINAI,8.873192436040044
OSCILLAS,15.60511679644049
ONDULAIS,9.315906562847609
OUILLERA,15.963292547274749
OFFSHORE,47.16462736373749
OPINIONS,21.1357063403782
ORALISER,6.341490545050056
OPINERAI,14.110122358175751
ORDONNER,29.798665183537263
OXYDATIF,50.225806451612904
ONDULIEZ,14.60400444938821
OVOIDAUX,30.054505005561737
ORPIMENT,11.567296996662959
OPACITES,7.264738598442714
ORDONNAT,19.11790878754171
OBLIGEES,9.707452725250278
OPALISER,6.583982202447164
OTERIONS,6.512791991101223
OURLASSE,9.9321468298109
OBSERVER,19.57397107897664
ORANGERS,11.734149054505005
OXAZEPAM,76.70411568409344
OLIBRIUS,9.921023359288098
OBEREREZ,32.67519466073415
OCCLUAIS,15.333704115684094
OCCUPAIS,19.344827586206897
ORALISES,5.687430478309232
OUVRAMES,9.349276974416018
OCTOPODE,53.36929922135706
OCCUPONS,27.78086763070078
ORALISEZ,6.6840934371523915
OCCULTES,14.174638487208009
OPPRESSA,23.371523915461623
OCCIDENT,24.303670745272527
OXAZINES,11.591768631813126
ORANGENT,17.92992213570634
OCRAIENT,8.018909899888765
OBTURERA,14.626251390433815
OCTROIES,6.588431590656285
OHMMETRE,30.42602892102336
OHMIQUES,19.32480533926585
OUATASSE,14.050055617352614
OUBLIEES,6.403781979977753
OPPRIMAI,25.482758620689655
OURLERAS,9.451612903225806
OPALISAI,18.098998887652947
OTOLOGIE,24.466073414905452
OZONISEE,10.016685205784205
OBSTINES,7.1312569521690765
OEILLAIS,18.24582869855395
OMISSIEZ,23.582869855394883
OEUVRONS,12.908787541713014
OCCURRER,40.02558398220245
OUTREREZ,12.474972191323692
ONANISME,11.903225806451612
ONESTEPS,14.528364849833148
OUATIONS,6.03670745272525
OPTERENT,16.341490545050057
OSMONDES,21.81423804226919
OCCURRES,17.66740823136819
OPUSCULE,31.67185761957731
OBSCURES,11.264738598442714
OURLEUSE,16.094549499443826
OCTUPLAS,11.00222469410456
ODYSSEES,36.89543937708565
OPPRIMEE,15.382647385984427
ONDOYANT,49.38932146829811
OPPORTUN,24.28364849833148
OBLIGEAT,12.846496106785317
OPOPONAX,76.55283648498332
OLEOSOME,28.770856507230256
ORDINANT,12.71078976640712
OBTIENNE,10.383759733036708
OURDISSE,11.458286985539488
OPPIDUMS,29.458286985539488
OEILLADE,20.136818687430477
OMEYYADE,55.193548387096776
OXYDERAS,25.404894327030032
OTASSIEZ,12.441601779755283
OSSIFIES,26.2146829810901
OPTATIVE,18.192436040044495
OBEIRAIS,8.835372636262514
OLIGURIE,14.045606229143493
OUTRERAS,7.193548387096774
ORINGUAT,7.378197997775306
OCCLUIEZ,25.885428253615128
OEILLETS,12.083426028921023
OBSERVAI,12.759733036707452
OBOMBRES,19.771968854282537
ODONYMIE,38.225806451612904
OMETTENT,35.540600667408235
ORIGINEL,12.417130144605117
ORTHESES,10.152391546162402
OPSONINE,16.53726362625139
OPPRIMES,13.015572858731923
OCCISION,28.301446051167964
ONDATRAS,10.71301446051168
OMPHALOS,28.982202447163516
ONDULEES,9.080088987764183
OCTAVIES,8.439377085650722
OUATEREZ,9.10678531701891
ORIGAMIS,12.081201334816463
ORGANEAU,18.42602892102336
OUATAMES,11.50055617352614
OROGENIE,12.268075639599555
OUVRANTS,6.4816462736373746
OUATINER,5.253615127919911
OLIGISTE,11.714126807563959
OCTROYAS,10.13904338153504
OOGAMIES,12.944382647385984
OCCLUSIF,32.695216907675196
OISIENNE,12.174638487208009
ORIGINEZ,15.456062291434927
OBOMBREZ,41.39377085650723
OBTURIEZ,9.402669632925473
OXYUROSE,26.417130144605117
OUILLAGE,19.046718576195772
OPTIMAUX,19.369299221357064
ONANISTE,8.519466073414906
OURLIENS,6.1546162402669635
OBSEDENT,15.918798665183537
ODORANTS,8.664071190211345
ORIENTAT,9.044493882091212
OFFUSQUA,85.34705228031146
OPPRIMAS,13.100111234705228
OSTRACON,9.347052280311457
OCELLEES,22.047830923248053
OBLATURE,9.56952169076752
ORNERENT,17.273637374860957
OSTEOSES,17.333704115684093
OPTICIEN,13.135706340378198
OUISTITI,26.503893214682982
OUBLIEUX,29.92547274749722
OBVINSSE,13.404894327030034
OUATERAI,12.933259176863181
OUBLIENT,8.904338153503893
OOSPORES,21.95884315906563
OUTARDES,6.121245828698554
OCCLUAIT,20.53726362625139
OBSESSIF,42.30367074527253
ONGLERIE,9.738598442714126
OLEASTRE,7.578420467185762
OTITIQUE,23.077864293659623
ORANGIEZ,11.727474972191324
OBVENONS,25.64293659621802
OPPRESSE,22.715239154616242
OURDOUES,16.454949944382648
ORILLONS,11.78086763070078
OBEIRENT,8.697441601779754
OBLATIVE,11.418242491657397
OTALGIES,7.298109010011124
ONDOYEES,19.473859844271413
OBSERVAT,12.417130144605117
OMBRASSE,14.18131256952169
OPOSSUMS,51.064516129032256
ONDULONS,21.269187986651836
ORGANONS,17.289210233592883
OPPOSENT,30.56173526140156
ONUSIENS,13.556173526140157
OBSTRUAI,7.967741935483871
OTOLITHE,21.309232480533925
ORGIAQUE,13.760845383759733
ORNAISES,6.136818687430479
ORIENTAL,6.639599555061179
OISELONS,12.906562847608454
OPERIONS,9.135706340378198
OUTRAGEE,7.367074527252503
OISIVETE,11.49610678531702
OUTRATES,6.6796440489432705
ORBITERA,11.0734149054505
ORBICOLE,12.230255839822025
OCCUPANT,23.760845383759733
OPULENCE,16.268075639599555
OUVRIONS,7.476084538375973
OFFICIER,28.410456062291434
ORTHOSES,13.126807563959956
OBLIQUAT,15.051167964404895
OVULERAS,10.165739710789767
OBEIRAIT,11.093437152391546
OSIDIQUE,21.10233592880979
OTORHINO,23.17797552836485
OCCUPENT,31.409343715239153
OCTAVIAS,13.838709677419354
OBLIGEAS,9.375973303670746
OBEISSES,17.40044493882091
OISELANT,7.496106785317019
ORANGEES,7.923248053392658
OPACIFIA,45.45383759733037
OBOMBRAT,23.800889877641826
OEILLENT,14.543937708565073
OMBREREZ,28.337041156840936
OEILLERE,22.474972191323694
OGNONADE,40.46607341490545
OBVENAIS,10.381535038932148
ONDOYIEZ,32.80200222469411
OPEABLES,10.506117908787541
ONCTUEUX,37.98109010011123
OPALISEZ,10.192436040044495
OPPRIMAT,14.922135706340379
OXYGENAI,40.58398220244716
ORONYMIE,20.32591768631813
OMETTANT,34.717463848720804
OPERANDI,14.130144605116797
OUBLIIEZ,15.006674082313681
ODELETTE,29.36262513904338
OCCLURAS,13.832035595105673
OCCIPUTS,18.125695216907676
ORINGUAS,6.252502780867631
OCCURRAT,21.967741935483872
OZONISER,10.408231368186874
OVULASSE,15.789766407119021
ORAISONS,8.210233592880979
OURSONNE,14.546162402669633
OINDRONS,20.301446051167964
OLIPHANT,15.022246941045607
OPIACANT,16.541713014460512
ORBITAUX,11.46496106785317
ONCIALES,6.156840934371524
OCRERIEZ,16.483870967741936
OCCULTEE,16.997775305895438
OPULENTE,11.484983314794215
OBSEDAIS,16.050055617352616
OXYDIONS,32.988876529477196
OUVRERAS,12.165739710789767
OUISSENT,8.96218020022247
OBSEDIEZ,17.313681868743046
OXYGENEZ,50.03448275862069
OCRERENT,13.700778642936596
OFFRISSE,20.601779755283648
OFFICIEL,35.74749721913237
OBSEQUES,20.130144605116797
OFFENSEE,27.551724137931036
OUVREUSE,18.84872080088988
OFFENSEZ,29.487208008898776
OCCUPEES,18.154616240266964
OFFENSER,16.719688542825363
OUVRANTE,7.874304783092325
ORIPEAUX,15.685205784204673
OXALIQUE,21.026696329254726
OPIOIDES,14.944382647385984
OBOMBRAS,19.71412680756396
OPERASSE,12.53948832035595
OSCILLES,15.344827586206897
OBLIGEAI,21.25361512791991
ONGLIERS,8.895439377085651
OSTEITES,9.872080088987763
OURLAMES,7.580645161290323
OPERATES,6.826473859844271
ORIENTEE,7.747497219132369
OBTURAIT,14.078976640711902
OXYDEREZ,48.24805339265851
ORANGEAT,17.031145717463847
OBLIQUER,15.044493882091212
OVIDUCTE,19.17797552836485
OURLEURS,19.43381535038932
ORIGINAT,9.669632925472747
ORALISAT,6.888765294771969
OCEANIDE,13.874304783092326
ORDINAUX,14.17686318131257
OREILLER,14.085650723025584
OPINATES,5.918798665183537
OUILLANT,10.877641824249165
ORBITALE,6.350389321468298
ORDONNEE,19.413793103448278
OPULENTS,9.778642936596219
OBSEDAIT,13.754171301446052
OOTHEQUE,30.027808676307007
OUATINEE,5.46496106785317
OBUSIERS,9.433815350389322
OBLIQUES,12.261401557285874
OERSTEDS,15.008898776418242
OBSCURCI,22.89543937708565
OUVREURS,23.42714126807564
OBLICITE,16.196885428253616
ORPHELIN,20.276974416017797
OMBRERAS,13.700778642936596
OUVREREZ,22.32591768631813
OCULISTE,8.563959955506117
OPPOSAIS,27.209121245828698
OISELEUR,9.309232480533927
ORNAIENT,10.156840934371523
OURDITES,5.738598442714127
OBLIGIEZ,23.88987764182425
OPIACONS,11.469410456062292
OCCULTER,17.696329254727473
OPIACIEZ,22.17463848720801
OVERDOSE,18.42602892102336
OBSTINEZ,9.03337041156841
OSASSIEZ,22.123470522803114
OXYGENAS,27.736373748609566
OPPRIMEZ,24.650723025583982
OCCULTAI,19.77641824249166
OEUVRAIT,12.592880978865406
ORBITANT,9.947719688542826
OPPROBRE,37.78754171301446
ORATORIO,18.977753058954395
OMBELLEE,38.24805339265851
OXACIDES,12.793103448275861
OXYLITHE,28.050055617352616
OBLATIFS,11.469410456062292
ORINGUES,6.385984427141268
ORDALIES,5.867630700778643
ONTARIEN,7.872080088987764
OFFICIAS,23.231368186874306
OSTREIDE,7.442714126807564
ONDULERA,15.878754171301447
OVALISAI,18.726362625139043
OPERAMES,10.60622914349277
ORDURIER,18.261401557285872
ORINGUER,11.798665183537263
ONDOYAIS,20.28364849833148
ORNERONS,18.305895439377085
OISELENT,8.274749721913237
OPPOSIEZ,30.383759733036708
OBLIGERA,15.375973303670746
OEUVRAIS,9.82091212458287
OFFREURS,27.031145717463847
ORALISME,6.799777530589544
OBSTINAT,9.518353726362625
OCCUPIEZ,34.08120133481646
ORIGNAUX,15.344827586206897
OEILLERA,16.942157953281423
OBLITERE,9.280311457174639
OURDIMES,8.323692992213571
OTORRHEE,17.086763070077865
OCCITANS,9.39377085650723
OFFRANTS,12.795328142380423
OPALINES,6.161290322580645
OEUVRENT,12.030033370411568
ORCHIDEE,12.71523915461624
ORDONNEZ,31.224694104560623
OUVRERAI,18.82424916573971
OCTUPLER,13.718576195773082
OURLERAI,13.96551724137931
OLMEQUES,15.627363737486096
OXALATES,13.558398220244717
OEUFRIER,15.852057842046719
OBVIAMES,11.184649610678532
OPUNTIAS,5.914349276974416
OBSTRUEZ,11.051167964404895
OXYDANTS,23.941045606229142
OEDIPIEN,17.186874304783093
ORFRAIES,9.389321468298109
OVALAIRE,14.050055617352614
ORRAIENT,7.896551724137931
OUILLAIS,14.454949944382648
ORALITES,3.985539488320356
ORIFICES,10.650723025583982
OBLATION,12.281423804226918
OISELIEZ,13.576195773081201
OPERETTE,22.78865406006674
OPINAMES,9.03781979977753
ORBITIEZ,11.162402669632925
OUTREMER,11.796440489432703
OFFRIRAS,16.18131256952169
ORSEILLE,8.699666295884317
OBOMBRER,39.24916573971079
OSSATURE,8.259176863181313
OURAGANS,10.92436040044494
OSCILLER,13.469410456062292
OPALISAT,10.626251390433815
OVALISAT,10.899888765294772
ONDULEUR,28.192436040044495
OUTRAGER,11.424916573971078
OBTENONS,17.905450500556174
ORNASSES,11.81868743047831
OVIPARES,7.847608453837597
OPHIDIEN,27.878754171301445
OSTIOLES,7.849833147942158
OPERATIF,14.343715239154616
OFFICINE,30.368186874304783
OLLAIRES,6.824249165739711
OURLEREZ,17.727474972191324
ORFEVREE,31.129032258064516
OLEOLATS,14.89321468298109
OUTRAGEZ,10.417130144605117
OURDIREZ,16.704115684093438
OPPOSAIT,22.385984427141267
OMBRAMES,14.385984427141269
OBJECTES,16.21913236929922
OSSOBUCO,43.93437152391546
OPEREREZ,33.5027808676307
OPIACAIT,26.82647385984427
OISELETS,10.543937708565073
OVALISAS,15.222469410456062
OUZBEKES,22.116796440489434
OBERAMES,9.651835372636263
OBLONGUE,20.7174638487208
OSSUAIRE,7.1957730812013345
OVULAMES,12.025583982202447
OCCURRAS,17.309232480533925
OFFRIRAI,33.03337041156841
OVULERAI,14.10344827586207
OBTURONS,8.377085650723025
ORANGEAI,18.047830923248053
OSERIONS,9.191323692992214
OXYMORON,90.72413793103448
OXALIDES,10.016685205784205
OLIVINES,9.231368186874304
OMBRAGEE,16.677419354838708
OUVRAGES,9.74749721913237
OBSERVES,14.74860956618465
OCTROYEE,12.163515016685206
OBVIERAI,17.64293659621802
OVALISEZ,10.688542825361512
OFFICIAL,37.53615127919911
OISELAIS,13.78086763070078
ORIENTER,7.614015572858732
ORIENTAI,8.292547274749722
OCCASION,22.457174638487206
OBVIERAS,8.517241379310345
OZONERAS,12.350389321468299
OZONISAI,14.047830923248053
OESTRONE,9.091212458286986
ORBITEUR,12.210233592880979
OPIACAIS,20.95773081201335
OUATINAI,12.094549499443826
OPALISES,8.588431590656285
OCCLUMES,18.946607341490544
OMETTRAI,17.269187986651836
ODORANTE,11.520578420467185
ORIGINER,14.452725250278087
OFFENSAI,19.918798665183537
OCULAIRE,9.088987764182425
OSSEINES,12.007786429365963
OMETTRAS,12.519466073414906
ORFEVRES,16.25250278086763
OULIPIEN,12.826473859844272
OZONIONS,32.2992213570634
OCCLURAI,19.111234705228032
OCTAVIEE,10.25250278086763
ORINGUEE,7.883203559510568
OIGNIMES,14.121245828698553
OCTUPLAT,25.082313681868744
OCTUPLEZ,20.650723025583982
OXYMORES,26.305895439377085
OZONAMES,16.60622914349277
OUVREAUX,33.26473859844271
OPOPANAX,63.24694104560623
OBSERVAS,15.656284760845384
OUVRITES,5.211345939933259
OUIGOURS,17.024471635150167
OEILLIEZ,27.46496106785317
OCTOBRES,9.066740823136819
OVARIENS,5.947719688542826
ONGUENTS,16.739710789766406
OUATEUSE,12.922135706340379
ORDONNAI,20.559510567296996
OFFUSQUE,78.07675194660735
OPTERAIT,16.00111234705228
OCCLUONS,20.35706340378198
OBJECTAL,27.304783092324804
OEILLONS,15.478309232480534
OIGNIONS,26.03893214682981
OFFICIES,24.17463848720801
OMISSION,25.031145717463847
OFFENSAT,19.47608453837597
OPINASSE,10.726362625139043
OCCURREZ,34.187986651835374
OVATIONS,8.441601779755283
OPERERAS,11.694104560622915
ORGANSIN,14.328142380422692
OVULIONS,9.885428253615128
OBSERVEZ,18.988876529477196
OSCIETRE,7.576195773081201
OESTRAUX,13.89210233592881
ODOMETRE,16.777530589543936
OXYDAMES,31.596218020022246
OCCLUANT,18.56618464961068
OBESITES,8.161290322580646
OLEODUCS,20.432703003337043
OUVRABLE,13.384872080088988
OVULAIRE,9.885428253615128
OUVRIRAS,8.330367074527253
OBOMBRAI,28.270300333704117
OVALISEE,7.489432703003337
OSIRIENS,8.192436040044495
ORIGINAL,12.875417130144605
OTTONIEN,20.93548387096774
OBJURGUA,51.31590656284761
OPPRIMER,24.0789766407119
OPTATIFS,18.486095661846495
OPACIFIE,24.39488320355951
OUTILLAT,16.39488320355951
ONGULEES,9.542825361512792
ORIGINEE,9.431590656284762
OUGRIENS,6.523915461624027
OMETTAIT,34.664071190211345
OBEISSEZ,16.926585094549498
OLEICOLE,22.8642936596218
OTOCYONS,35.2714126807564
OZONASSE,19.062291434927698
OBSTINER,5.921023359288098
OXYDANTE,30.24805339265851
ODONATES,10.10567296996663
OFFICIEZ,48.42602892102336
OPPOSEES,25.75194660734149
OPERCULE,14.802002224694105
OVALISER,6.815350389321468
OUVRAGEE,12.241379310344827
OBTENANT,28.021134593993327
ONDULANT,18.363737486095662
OUATINAT,12.951056729699665
OSSIFIEE,15.184649610678532
OBVIASSE,13.567296996662959
OPERANTS,6.959955506117908
OBSTRUAT,11.805339265850945
OBJECTER,19.95439377085651
OERSTITE,12.074527252502781
OUATINEZ,7.798665183537263
OHNISMES,15.307007786429367
OUTILLEE,9.278086763070078
OUILLENT,13.78086763070078
OCCUPAIT,25.82091212458287
