MUTAIENT,21.83703703703704
MEFERONT,25.62798353909465
MYSTIFIE,55.99670781893004
MARCOTTA,34.818930041152264
MANIPULE,20.013991769547324
MAIORAUX,27.22551440329218
MACQUAIT,43.85432098765432
MATURIEZ,12.60082304526749
MACULONS,17.50864197530864
MACONNAT,37.961316872427986
MIJOTANT,44.79012345679013
MODULORS,37.931687242798354
MOURONNA,49.89711934156379
MORDORAS,42.483127572016464
MACHAONS,34.26172839506173
MENOLOGE,38.02798353909465
MOURRAIT,20.156378600823047
MOFLASSE,49.16543209876543
MARGEAIT,22.19341563786008
MIRERENT,18.706172839506173
MONUMENT,44.5522633744856
MERRAINS,12.670781893004115
METHYLAI,49.71522633744856
MONTERAS,12.460905349794238
MICROTER,26.17860082304527
MUSEALES,25.385185185185186
MOIRAGES,15.962962962962964
MIMERIEZ,48.08888888888889
MAUDIMES,19.176131687242798
MUTINENT,40.581069958847735
MECOMPTA,79.7522633744856
MARGERAS,34.95473251028807
MESUSONS,37.20740740740741
MOZARABE,38.37201646090535
MACREUSE,19.22222222222222
MANQUEES,17.54485596707819
MACHURAT,36.763786008230454
MARGEUSE,16.620576131687244
MIGNOTAT,34.48888888888889
MOITEREZ,19.297942386831277
MALLOUSE,31.14814814814815
MAPPATES,43.26337448559671
MOBILISA,41.785185185185185
MOISIRAI,32.08641975308642
MODESTIE,17.54238683127572
MALPOLIE,48.69547325102881
MARGAUDA,58.26831275720165
MENINGEE,43.14897119341564
MEDUSERA,29.08395061728395
MANTELEE,17.079835390946503
MARCOTEE,13.08477366255144
MARMONNE,26.20329218106996
MORALISE,12.260905349794239
MEFIERAI,38.92674897119342
MUTILANT,21.99506172839506
MORFALES,17.840329218106994
MECQUOIS,33.196707818930044
METTRAIT,38.465020576131685
MUTATION,24.847736625514404
MAGICIEN,28.533333333333335
MIRBANES,15.064197530864197
MOISSONS,64.65102880658436
MUSIQUEE,36.10699588477366
MACHETTE,49.626337448559674
MECHANTS,30.9679012345679
MOLLASSE,51.359670781893
MAFFIEUX,76.66008230452675
MIGNARDS,22.274074074074075
MADRURES,20.815637860082305
MOTTAMES,29.292181069958847
MIJOTAIT,73.43621399176955
MOLLISOL,96.94979423868313
MASSATES,36.74814814814815
MANCHOIS,22.184362139917695
MANGLIER,13.881481481481481
MURERENT,20.962139917695474
MOELLEUX,85.61975308641975
MEUGLAIS,21.28724279835391
MARINAIT,15.11687242798354
MINISTRE,15.802469135802468
MOUCHENT,44.54650205761317
MEGISSAT,24.482304526748973
MACHISTE,25.901234567901234
MESURONS,16.79835390946502
MALIGNES,12.106172839506172
MORTIERS,14.353086419753087
MEDISIEZ,44.59341563786008
MOQUERAI,34.922633744855965
MENAIENT,22.122633744855968
MAILLEUR,29.483950617283952
MOTIVIEZ,43.37283950617284
MESSIERA,22.815637860082305
MESALLIA,35.36543209876543
MUTILAIS,19.68312757201646
MAILLAGE,55.02716049382716
MIRACLES,13.054320987654322
MAILINGS,21.389300411522633
MEDITANT,31.480658436213993
MOITISSE,29.29300411522634
MEPRENNE,63.241975308641976
MERDATES,14.676543209876543
MARTAGON,21.809053497942386
MATINAUX,24.275720164609055
MAILLAIT,47.43703703703704
MIELLEES,41.09135802469136
MERDOYER,51.8320987654321
MARTINET,11.076543209876544
MENOTTEZ,32.73415637860082
MENARCHE,30.070781893004114
MEFERAIT,25.983539094650205
MOULINET,12.29053497942387
MYROXYLE,103.27736625514403
MADRIGAL,34.069135802469134
MIXERONS,21.17037037037037
MONDASSE,30.93991769547325
MILITERA,25.404938271604937
MESURAIS,18.124279835390947
MENDIENT,31.46172839506173
MEULAGES,21.214814814814815
MYTHIQUE,72.88148148148149
MOUSSOIR,35.41975308641975
MARCHENT,25.366255144032923
MACEREES,19.274897119341563
MOURRONS,29.17037037037037
METAYERS,22.066666666666666
MOITAMES,18.93744855967078
MITONNEE,17.44938271604938
MISASSES,59.21646090534979
MINAUDAT,19.9679012345679
MOLETANT,35.708641975308645
MONTRENT,41.63703703703704
MARGOTAS,15.747325102880659
MOUVASSE,46.28148148148148
MARGINEE,11.443621399176955
MECREANT,19.96460905349794
MORDRIEZ,37.26913580246914
MASSERAS,44.18353909465021
MERITONS,8.296296296296296
MAXIMISA,62.17037037037037
MANEGERA,27.39670781893004
MIROTONS,15.137448559670782
MODELAIT,29.822222222222223
MULETIER,13.51522633744856
MOUFTIEZ,32.04938271604938
MINIMUMS,50.57037037037037
MUCHASSE,65.73744855967078
MOYENNAI,57.64691358024692
MALSEANT,17.906172839506173
MURGEREZ,53.68559670781893
MOULUMES,39.64938271604938
MILLENAL,63.309465020576134
MAHARAJA,155.7201646090535
MONNAYAS,38.66502057613169
MUGISSES,47.48724279835391
MATOUFET,29.433744855967078
MOUTURES,17.6559670781893
MARIEUSE,9.500411522633744
MEVENDEZ,109.71687242798355
MODEREES,22.05349794238683
MARNASSE,20.633744855967077
MALEKITE,24.5440329218107
MENSURAI,12.762139917695473
MARMITER,18.297119341563786
MOULURAS,25.043621399176956
MATONNES,16.032921810699587
MURGEAIS,17.237860082304525
MOULURER,39.13662551440329
MARIMBAS,25.746502057613167
MAQUILLE,44.20658436213992
MAIGRIRA,51.223868312757205
MUCHATES,31.17283950617284
MUTINIEZ,26.534156378600823
MOUCHEUR,82.57530864197531
MARRAMES,29.08230452674897
METTRIEZ,27.387654320987654
MARAVENT,24.77037037037037
MANGEOTE,18.77037037037037
MURGIONS,12.882304526748971
MONILIAS,14.324279835390946
MEDIOCRE,25.421399176954733
MARGOTES,11.139917695473251
MENERAIT,14.966255144032921
MENDIONS,27.279835390946502
MELITTES,17.353909465020575
MACROURE,30.664197530864197
MATEFAIM,47.93004115226338
MARAVONS,18.55061728395062
MESUSANT,20.383539094650207
MAMMAIRE,41.10699588477366
MOIREREZ,34.04938271604938
MAGANENT,49.54156378600823
MAILLEES,20.575308641975308
MECROIES,15.930041152263374
MECHAGES,49.78024691358025
MENACENT,37.19917695473251
MECANISA,24.03045267489712
MARAUDAT,31.182716049382716
MERITANT,15.904526748971193
MAGANAIT,41.895473251028804
MUFLIERS,25.649382716049384
MIAULONS,16.904526748971193
MONDIALE,20.934979423868313
MALICIEL,40.038683127572014
MEISTRES,16.70699588477366
MITASSES,27.16872427983539
MEPLATES,25.822222222222223
MUCILAGE,30.725925925925925
MEDICAUX,58.83127572016461
MANAGEES,18.888065843621398
MACHURES,22.671604938271606
MOCHARDE,51.1119341563786
MEFISSES,54.90452674897119
MATISSEZ,21.34238683127572
MELANINE,25.05020576131687
MARGOTTA,35.43868312757202
MARBRENT,27.878189300411524
MODULIEZ,35.044444444444444
MIJOLONS,41.40329218106996
MISERERA,24.94650205761317
MARONNES,13.22962962962963
MUSELAIT,19.247736625514403
MOLLARDE,42.35720164609054
MENERONS,20.55061728395062
MIJOTENT,51.23456790123457
MOURUSSE,40.239506172839505
MOULASSE,30.16872427983539
MONTERAI,16.08065843621399
MORFALEZ,36.31111111111111
MARNERAI,30.614814814814814
MOUVANTS,23.957201646090535
MESSINES,30.31851851851852
MAJORITE,17.151440329218108
MALVENUE,26.103703703703705
MILITARI,37.40329218106996
MACQUANT,38.651028806584364
MYOSINES,31.496296296296297
MESURANT,12.578600823045267
MERDIONS,13.208230452674897
MALVACEE,47.635390946502056
MONOXYDE,135.89135802469136
MARRASSE,34.046913580246915
MEVENDES,55.48724279835391
MAXIMALE,48.39341563786008
MUCHERAI,51.946502057613166
MAGNIONS,22.782716049382717
MAGOTANT,39.781893004115226
MINAUDES,14.060082304526748
MILLIARD,58.73744855967078
MOIRURES,16.968724279835392
MIMOSEES,25.79423868312757
MUTABLES,21.76625514403292
MEGIRAIS,21.764609053497942
MECHERAS,36.98765432098765
MAFFIOSI,53.632921810699585
MANEGEAI,26.720164609053498
MIRERONS,15.97283950617284
MOULAMES,23.670781893004115
MUCHERAS,39.01234567901235
MANETONS,19.406584362139917
MEDICALE,33.001646090534976
MOLETTES,19.674897119341562
MOLETONS,27.476543209876542
MONTABLE,29.918518518518518
MOTOSKIS,55.01810699588477
MANILLON,40.01234567901235
MANAGENT,47.93251028806584
MALAIRES,11.037037037037036
MARATHON,23.79094650205761
MOINDRES,16.214814814814815
MURGERAS,30.096296296296295
MAZOUTES,16.958847736625515
MARCHANT,29.92098765432099
MIRAIENT,15.716872427983539
MATOUTOU,75.7761316872428
MAITRISE,14.459259259259259
MUSIQUAI,71.19094650205761
MAGANIEZ,34.87818930041152
MUGUETES,33.30452674897119
MACLERAS,26.043621399176956
MARONNAT,20.239506172839505
MUTILAIT,39.25514403292181
MOTILITE,32.132510288065845
MARIEURS,13.640329218106995
MODIFIER,39.364609053497944
MODIFIAS,38.217283950617286
MATERNES,8.632098765432099
MARWARIS,32.53662551440329
MARINIER,17.326748971193414
MADEFIAS,32.507818930041154
MEGIRENT,17.036213991769547
MARANTES,10.577777777777778
MANQUIEZ,28.074897119341564
MAREYAGE,34.11028806584362
METTIONS,17.591769547325104
MARCHONS,21.00329218106996
MUSQUERA,68.06913580246913
MEULERAS,17.302880658436212
MATROIDE,14.427983539094651
MIAULANT,19.23127572016461
MURRHINE,25.49135802469136
MATERONS,10.613991769547326
MANDRINE,20.932510288065842
MANTIQUE,16.43292181069959
MARAVAIS,33.069135802469134
MONIALES,9.77530864197531
MATCHIEZ,37.61810699588477
MALFORME,36.63786008230453
MUGUETEE,53.42304526748971
MEGABITS,28.08641975308642
MALFISSE,32.07572016460905
MINORITE,16.417283950617286
MATINEES,8.088888888888889
MONOMODE,129.79588477366255
MOYENNAT,56.5358024691358
MORVEUSE,22.613991769547326
MEFIASSE,35.47489711934156
MIRERAIT,31.586831275720165
MONDERAS,18.106995884773664
MARXISAI,30.036213991769547
MANGROVE,27.186831275720163
MATERENT,19.08559670781893
MINIDOSE,30.372839506172838
MASQUAGE,43.06090534979424
MAMMITES,22.805761316872427
MOULIONS,21.608230452674896
MOLASSES,36.04279835390947
MICROTAT,29.371193415637862
MOUQUERE,45.840329218106994
MODERANT,25.218930041152262
MOULIERE,14.33909465020576
MAQUIONS,16.644444444444446
MAXWELLS,87.51687242798354
MEUNIERE,18.360493827160493
MORCELLE,37.48888888888889
MOUSSERA,29.5201646090535
MAGNOLIA,30.302880658436212
MOQUERAS,25.97201646090535
MUSARDER,25.660905349794238
MINOTIER,15.316049382716049
MUSERONS,21.02880658436214
MASTIQUE,17.330041152263373
MORASSES,24.53827160493827
MENTIRAI,16.730864197530863
MURERONT,22.36707818930041
MATRONES,9.652674897119342
MEPRISSE,36.00658436213992
MORDOREE,39.660082304526746
MENTEURS,11.875720164609053
MOUILLAT,25.036213991769547
MACONNAS,31.105349794238684
MAKIMONO,60.65761316872428
MADEFIES,23.867489711934155
MURISSES,25.71851851851852
MIDSHIPS,141.40411522633744
MOIRASSE,22.557201646090537
MOUFLONS,45.324279835390946
MAHDISTE,24.102057613168725
MAINTINS,20.874897119341565
MALGACHE,87.03621399176954
MENDIGOT,28.438683127572016
MELIACEE,30.65514403292181
MARQUERA,56.434567901234566
MEPRISEZ,35.59506172839506
MEDISAIS,44.49465020576132
MEJUGEES,57.83786008230452
MOFETTES,30.07901234567901
MOMIFIAT,46.132510288065845
MORCELES,15.098765432098766
MERLETTE,32.68230452674897
MONOXYLE,107.58024691358025
MOLETIEZ,21.32181069958848
MITONNEZ,32.4477366255144
MIJOTERA,31.948971193415638
MORPHINE,27.89053497942387
MERITENT,16.393415637860084
MULOTERA,23.860905349794237
MOURRIEZ,26.79259259259259
MASSIERS,25.76954732510288
MARONNAS,16.779423868312758
MOUSSANT,21.097942386831274
MERITEES,12.565432098765433
MORDEUSE,18.22716049382716
MINARINE,26.697942386831276
MEMORIAL,22.18024691358025
MEPRIMES,30.353909465020575
MORNIFLA,23.930041152263374
METTEUSE,38.727572016460904
MYOCARDE,59.3604938271605
MUTASSES,32.98436213991769
MACHINES,21.209876543209877
MUSERIEZ,20.22716049382716
MASSEUSE,37.248559670781894
METRATES,18.91934156378601
MODULENT,27.348148148148148
MILLIBAR,77.10288065843622
MALTASSE,27.34650205761317
MACULENT,20.06008230452675
MOINEAUX,34.008230452674894
MARINONS,11.520987654320988
MERCANTI,15.519341563786009
MAPPIONS,30.60164609053498
MOIRAMES,18.51851851851852
MACERAIT,23.213991769547324
MOMIFIAS,41.711934156378604
MITONNAI,37.96625514403292
MARONNER,24.498765432098764
MESUREES,27.042798353909465
MAHDISME,39.45925925925926
MAGANAIS,33.937448559670784
MYROSINE,17.66172839506173
MAGANANT,72.13086419753087
MONOPRIX,61.94732510288066
MORFLIEZ,30.99670781893004
MARAVERA,92.00411522633745
MALFIMES,25.74320987654321
MARGINER,17.823868312757202
MATASSES,33.98518518518519
MELLIFLU,114.37119341563786
MINUTERA,16.333333333333332
MECHAMES,56.52674897119341
MERDOYEZ,51.89300411522634
MANCHONS,44.727572016460904
MECANISE,20.841152263374486
MADISONS,20.129218106995886
MACULAIT,27.415637860082306
MEMENTOS,23.94485596707819
MOUTIERS,11.045267489711934
MALPOLIS,38.955555555555556
MILLIERS,34.962139917695474
MONETISE,12.39835390946502
MATADORS,16.19917695473251
MOULUREZ,41.6559670781893
MANIIONS,20.51440329218107
MUCRONES,17.267489711934157
MODULAIT,24.85349794238683
MUERIONS,14.684773662551441
MIXERENT,23.987654320987655
MINERAIS,18.078189300411523
MATERONT,22.97283950617284
MANIERES,7.805761316872428
MERCATOS,14.85761316872428
MIXAIENT,37.42304526748971
MORILLES,14.746502057613169
MORFALAS,21.67818930041152
MARIASSE,16.40082304526749
MEULIERE,22.760493827160495
MOZETTES,31.79588477366255
MOUCHERA,55.47242798353909
MESIALES,19.886419753086418
MELANGEE,36.998353909465024
MALAWITE,31.85761316872428
MATELOTS,21.694650205761317
MOLETAGE,24.91604938271605
MUGISSEZ,48.17695473251029
MAFFLUES,37.94156378600823
MERITERA,20.494650205761317
MOYENNAS,41.63127572016461
MOCASSIN,28.074897119341564
MARINAGE,16.179423868312757
MASSICOT,22.553086419753086
MACLERAI,36.23045267489712
MOMIFIER,42.92674897119342
MOYENNEZ,67.93580246913581
MANGIONS,21.65349794238683
MYRTILLE,41.380246913580244
MUTINANT,34.91440329218107
MODELEUR,27.404938271604937
MOIRATES,11.299588477366255
MISAIENT,17.96954732510288
MORFILEE,16.010699588477365
MONOTUBE,45.54238683127572
MEGISSEE,40.54567901234568
MUSEUSES,78.13333333333334
MUNICIPE,44.892181069958845
MARGOTAT,31.390946502057613
MIGRASSE,27.893004115226336
MOUILLEZ,40.15473251028806
MAPPAMES,76.759670781893
MEUSIENS,17.390123456790125
MOUFLAIT,30.725102880658437
MUSARDAS,29.982716049382717
MECRUMES,29.032921810699587
MANDARIN,30.65432098765432
MONITORA,22.3201646090535
MALADIES,19.22716049382716
MODERONS,34.10288065843621
MIELLEUX,84.720987654321
MONOGAME,59.64362139917696
MOITEURS,13.48559670781893
MINCEURS,17.215637860082303
MALIKITE,31.33662551440329
MARRONNA,37.849382716049384
MACLAMES,35.388477366255145
MAFIOSOS,45.66995884773662
MAPPERAS,54.32839506172839
MUQUEUSE,113.44362139917695
MENILITE,17.23374485596708
MERIDIEN,20.274074074074075
MOUCHONS,58.57448559670782
MIAULENT,19.93991769547325
MAGOTTES,21.496296296296297
MAUGREER,24.018106995884775
MONNAYES,33.94567901234568
MITIGEAS,21.91358024691358
MORFALAT,23.786831275720164
MALTIONS,10.188477366255144
MARBREES,22.69053497942387
MIXERONT,26.506995884773662
MOMIFIEZ,81.61728395061728
MEULIONS,12.320987654320987
MATINERA,15.25925925925926
MOMIFIAI,104.9917695473251
MOTELLES,21.264197530864198
MUGIRONT,16.234567901234566
MOIRERAS,21.617283950617285
MATURASE,13.420576131687243
MILLIMES,53.2320987654321
MENTALES,12.651028806584362
MOLLITES,19.02798353909465
MURMURAT,54.681481481481484
MAZOUTEZ,35.31687242798354
MANIERER,13.11522633744856
MORILLON,41.66831275720165
MANAGEAI,49.267489711934154
MANIERAI,21.506172839506174
MIJOLAIT,46.16543209876543
MAJESTES,27.933333333333334
MUGUETAT,73.82798353909465
MARXISES,18.20905349794239
MATURAIS,11.29053497942387
MEGAVOLT,45.76131687242798
MUSELLES,45.55144032921811
MOLETAIS,15.986008230452676
MAPPERAI,72.04938271604938
MACERONS,14.681481481481482
MINCITES,18.94320987654321
MORINGAS,11.427160493827161
MESDAMES,55.30123456790123
MALLEOLE,56.81975308641975
MATCHEES,22.928395061728395
MONDIAUX,33.373662551440326
MANOQUAT,25.273251028806584
MARAUDEZ,29.483950617283952
MONETISA,14.902057613168724
MARTEAUX,28.165432098765432
MARQUONS,15.397530864197531
MOITIONS,27.666666666666668
MORIGENA,17.578600823045267
METHYLER,43.62222222222222
MARTELEZ,16.730864197530863
MIROITEZ,20.725102880658437
MENAGERS,18.79423868312757
MONTEURS,11.929218106995885
MOQUETTE,39.209053497942385
MATINAIS,15.752263374485597
MENSURAS,16.156378600823047
MATRICEZ,18.174485596707818
MOITIRAS,14.19835390946502
MARNAGES,18.046913580246912
MOCHARDS,43.894650205761316
MENERONT,25.80658436213992
MOIRIONS,25.386008230452674
MUSARDAT,20.02633744855967
MUSCADES,44.71687242798354
MARISTES,9.124279835390947
MUSIQUAS,67.04609053497943
MODERNES,15.423045267489712
MACHUREZ,43.39012345679012
MONOECIE,29.02633744855967
MATOUNAS,12.067489711934156
MOLDAVES,36.410699588477364
MOULUREE,21.862551440329216
MUSCIDES,38.28641975308642
MALFAITS,25.48477366255144
MERITIEZ,20.34650205761317
MENTERIE,16.245267489711935
MOTORISA,20.20905349794239
MONTOISE,24.28477366255144
MYCETOME,64.03868312757201
MACULANT,23.127572016460906
MUTATEUR,48.30781893004115
MANIEURS,8.665020576131687
MEDUSEES,47.99588477366255
MAZEAGES,34.75061728395062
MYOCYTES,66.05761316872427
MASTURBE,17.0880658436214
MENSURES,15.241975308641976
MARCOTEZ,21.20576131687243
MUSULMAN,53.86255144032922
MANQUERA,34.614814814814814
MUSELAIS,28.60246913580247
MONDIONS,46.62798353909465
MARXISTE,14.184362139917695
MALAISEE,14.070781893004115
MERLEAUX,30.754732510288065
MICROTAI,29.302057613168724
MEGIRONS,13.815637860082305
MOUDRONS,28.097119341563786
MIGRERAS,27.809876543209878
MONOCLES,30.447736625514402
MISSIVES,90.92263374485597
MITIGIEZ,70.90205761316872
MONNAYER,39.34238683127572
MUGIRENT,18.71358024691358
MARXISER,20.781893004115226
MOQUEUSE,49.99588477366255
MOLAIRES,9.6
MAINMETS,17.02551440329218
MIRETTES,14.239506172839507
MUEZZINE,48.038683127572014
MAIGREUR,30.106995884773664
MEGISSES,46.640329218107
MITERONT,25.189300411522634
MALMENAI,38.88395061728395
MOISEREZ,21.348148148148148
MONACAUX,40.96872427983539
MELLITES,20.389300411522633
MENTISME,17.290534979423867
MATINENT,29.441975308641975
MISERONT,13.621399176954732
MOURUTES,18.97448559670782
MIGREREZ,51.87818930041152
MACABRES,29.927572016460907
MARNOISE,10.39835390946502
MAGENTAS,20.962962962962962
MOSAISTE,18.20164609053498
MARCOTTE,23.40411522633745
MERDEUSE,30.68888888888889
MALAWIEN,31.278189300411523
MIJOLENT,32.81069958847737
MACARONI,19.13991769547325
MANDCHOU,57.065843621399175
MARRUBES,24.781893004115226
MIXERAIT,42.48477366255144
MINIFIES,44.93004115226338
MACASSAR,60.074074074074076
MEHALLAS,53.498765432098764
MEDIATES,15.17366255144033
MEDUSONS,29.469958847736624
MALFAIRE,27.532510288065843
MANOQUAS,21.60082304526749
MENINGES,24.320987654320987
MASSORES,25.39588477366255
MERCIERE,38.495473251028805
MOUFETER,19.88559670781893
MUSIQUES,61.5522633744856
MECROYEZ,60.63127572016461
MUSARDES,23.43456790123457
MOUFTERA,33.650205761316876
MARATHIS,15.930864197530864
MIGRERAI,58.875720164609056
MISERIEZ,26.876543209876544
MARCHEUR,53.64362139917696
MENDOLES,17.65267489711934
METABOLE,30.637037037037036
MARMITAT,25.870781893004114
MONOTYPE,89.55720164609053
MUTANDIS,15.679012345679013
MAGNERAI,31.89218106995885
MATERAIT,26.591769547325104
MAGANEES,20.682304526748972
MASQUANT,24.335802469135803
MAHOUSSE,33.72345679012346
MAXIMUMS,55.297942386831274
MIROITEE,10.91604938271605
MOROSITE,17.446090534979422
MOLESTAT,28.840329218106994
MARQUETE,17.535802469135803
MINUTANT,38.05514403292181
MOFLEREZ,41.75967078189301
MORCEAUX,38.730041152263375
MESUREUR,43.25020576131687
MARENNES,13.333333333333334
MAIGRIOT,21.417283950617286
MOULINES,11.51358024691358
MALMENAS,27.224691358024693
MAUDIRAI,27.618930041152264
MOURANTE,14.845267489711935
MOULINAI,23.590123456790124
MACHEFER,48.93004115226338
MINCIRAI,42.752263374485594
MASQUIEZ,30.496296296296297
METHANAL,32.186831275720166
MOUKERES,20.63456790123457
MOUILLEE,21.775308641975307
MANGEURE,16.627160493827162
MORDORAT,46.15308641975309
MOULINEZ,21.534156378600823
MONNAYAT,48.40658436213992
MURIRENT,17.16625514403292
MIQUELET,22.782716049382717
MANQUENT,38.91111111111111
MEGOTAIT,38.962139917695474
MORCELAT,20.22798353909465
MINORONS,28.60246913580247
MUNIRONS,15.079012345679013
MASTOSES,28.720987654320986
MIMERENT,21.296296296296298
MIGNARDA,35.11028806584362
MEILLEUR,36.8082304526749
MOLLETON,70.76131687242798
MARITIME,17.014814814814816
MURIRONT,14.613991769547326
MERONYME,33.242798353909464
MUSCLAIS,37.29876543209877
MYOPATHE,97.74732510288065
MITIGEES,20.235390946502058
MACHINEE,25.174485596707818
MUSQUANT,46.67901234567901
MIJOTONS,36.50288065843621
MALSTROM,21.841152263374486
MARIERAI,36.60493827160494
MARATONE,12.261728395061729
MANTELES,10.391769547325103
MARGINEZ,17.729218106995884
MUASSIEZ,43.093004115226336
MILLIONS,32.418930041152265
MERCERIE,43.24609053497942
MOTAMOTA,82.65925925925926
MELIQUES,22.181893004115228
MACQUEES,28.104526748971193
MERDERAI,39.727572016460904
MORBIERS,25.99835390946502
MANNITOL,21.721810699588477
MARTIAUX,20.06255144032922
MONTASSE,20.56872427983539
MIROITAI,26.990123456790123
MALFITES,14.447736625514404
MIGNONNE,68.15061728395062
MEUBLAIS,27.933333333333334
MASSACRA,63.733333333333334
MAQUERAS,29.334156378600824
MATERAIS,12.6
MATURENT,18.42633744855967
MONORIME,29.20246913580247
MYOSITES,31.40246913580247
MASSIQUE,30.386831275720166
MACHEUSE,36.14567901234568
MASTIFFS,46.92181069958848
MARTELAI,19.031275720164608
MYTHIFIA,109.09053497942386
MENAGIEZ,32.22139917695473
MASSEURS,34.236213991769546
MODERIEZ,27.377777777777776
MELOPEES,36.47325102880659
MARACUJA,74.18683127572017
MORFONDE,59.00329218106996
MOSAISME,30.039506172839506
MANTELET,17.11934156378601
MINUTIES,13.819753086419754
MALTEUSE,15.562139917695474
MATAIENT,23.304526748971192
MORCELAI,25.25679012345679
MANDASSE,32.56872427983539
METTRONS,17.992592592592594
MACULERA,36.10864197530864
MANUCURE,26.520987654320987
MONOPOLE,113.6716049382716
MINIBARS,24.9679012345679
MACUMBAS,62.51604938271605
MOINERIE,17.28559670781893
MONARDES,13.292181069958847
MUSCLONS,33.56131687242798
MORFLENT,24.529218106995884
MALAXENT,35.57695473251029
MEGARONS,16.350617283950616
MECRUSSE,33.80246913580247
MOTIVAIS,27.865843621399176
MISERAIS,30.02633744855967
MONORAIL,24.380246913580248
MOUVRAIS,20.581893004115226
MARNEUSE,11.474074074074075
MOITERAS,13.503703703703703
MEUGLENT,25.564609053497943
MATOUNAT,24.68148148148148
MANDRINA,30.441152263374487
MOELLONS,65.83374485596708
MOUFLAGE,46.76213991769547
MEACULPA,77.35802469135803
MUNIRONT,18.03045267489712
MASSIFIE,38.90205761316872
MARNATES,11.297942386831275
MASQUONS,32.08888888888889
MONODIES,25.757201646090536
MOUDRIEZ,25.249382716049382
MORBIDES,21.130041152263374
MEUNIERS,11.699588477366255
MERITAIS,13.154732510288065
MANUELLE,24.958024691358023
METAYERE,37.660082304526746
MARELLES,16.725925925925925
MISAINES,22.71769547325103
MONTREUR,21.734156378600822
MOVIOLAS,36.37448559670782
MUSSERAI,27.765432098765434
MEFAITES,17.03374485596708
MOYENNEE,56.90781893004115
MEDUSAIT,21.51440329218107
MITAINES,13.819753086419754
MATUREES,8.42962962962963
MORDANTE,17.59588477366255
MENERAIS,12.813991769547325
MOUSSUES,66.71687242798355
MALAXAIT,56.74074074074074
MARECHAL,51.11604938271605
MAIORATS,11.25679012345679
MOULEURS,29.48724279835391
MALTASES,22.276543209876543
MEDIANTE,18.376131687242797
MENACIEZ,30.45679012345679
MUGUETER,35.516872427983536
MAJORONS,28.30781893004115
MENTIONS,17.609876543209875
MITONNAS,17.482304526748973
MURGEONS,16.731687242798355
MISTIGRI,46.32674897119342
MECONIUM,32.2559670781893
MALTEREZ,19.51275720164609
MYTHIFIE,102.12510288065843
MANAGEAT,46.32592592592592
MORDRONS,39.28724279835391
MANIAQUE,22.46172839506173
MANIERAT,12.832098765432098
MEGAPODE,67.55061728395061
MARQUENT,18.226337448559672
MELASSES,44.88065843621399
MICHETON,45.28065843621399
METTRAIS,16.968724279835392
MELCHITE,42.47572016460905
MOLIERES,9.810699588477366
MANQUANT,44.04279835390947
MUSQUEES,75.2798353909465
MEDECINE,42.5522633744856
MALNUTRI,13.178600823045267
MANDANTS,29.57366255144033
MINOENNE,38.60246913580247
MADEFIEZ,47.48641975308642
MANIERAS,11.131687242798353
MUSARDAI,22.235390946502058
MUTERENT,24.94979423868313
MIGNOTEZ,30.947325102880658
MARGELLE,33.23456790123457
MAZETTES,27.62798353909465
MODULEES,18.246090534979423
MEUBLIEZ,46.80905349794239
MILITENT,38.18024691358025
MARIERAS,17.776954732510287
MODELEES,27.757201646090536
MISERAIT,21.152263374485596
MOLLETTE,49.489711934156375
MATERIEZ,14.2559670781893
MAGNIFIA,56.92345679012346
MIXTURES,16.895473251028807
MECHASSE,66.01481481481481
MEDITAIT,52.0
MAQUETTE,34.84197530864198
MATIRONT,15.397530864197531
METATAXE,45.22880658436214
MEURTRES,16.80658436213992
MONOSKIS,51.53333333333333
MARXISAS,25.933333333333334
MASSERAI,26.852674897119343
MEMORIEL,18.527572016460905
MILOUINS,16.760493827160495
MITONNAT,39.54320987654321
METALLOS,26.56707818930041
MINCIREZ,32.6559670781893
MOUSSAGE,33.27160493827161
MATIERES,7.633744855967078
MORCELAS,17.963786008230453
MONOGENE,62.233744855967075
MATRICEE,11.208230452674897
MUSSERAS,46.60740740740741
MUSSIVES,64.82633744855967
MORIGENE,12.476543209876544
MUSCINEE,15.189300411522634
MELAIENT,14.592592592592593
MINITELS,17.62469135802469
MINOTTES,15.795884773662552
MANGERAI,27.524279835390946
MARABOUT,21.498765432098764
METRITES,15.28971193415638
MATERNAT,26.419753086419753
MUSEIFIA,41.6320987654321
MECHATES,32.23456790123457
MECENATS,20.85761316872428
MIRERAIS,26.763786008230454
MIMASSES,50.867489711934155
MICROOHM,111.40246913580246
MATRICES,10.046090534979424
METISSAT,28.46090534979424
MACULAGE,44.071604938271605
MORCELER,29.08559670781893
MANTISSE,13.74238683127572
MUSASSES,73.84609053497942
MONAZITE,20.272427983539096
MAGNATES,20.651028806584364
MARITAUX,19.642798353909466
MANGEOTA,28.474074074074075
MONTAGES,15.25843621399177
MALTAISE,17.7679012345679
MALSAINE,14.460082304526749
MERDERAS,29.20082304526749
MYSTERES,33.56872427983539
MACLAGES,32.278189300411526
MUSQUIEZ,76.57942386831276
MEGIRIEZ,35.11275720164609
MYRIADES,21.391769547325104
MUNISSES,27.834567901234568
MARINERA,22.042798353909465
MOTTIONS,30.220576131687242
MOUFTONS,37.241975308641976
MOLLESSE,47.046913580246915
MOUFLENT,33.327572016460906
MINOREES,8.734156378600822
MOURIDES,14.00246913580247
MARENGOS,14.525102880658435
MOITERAI,24.921810699588477
MAUGREAT,22.679012345679013
MISERENT,12.73991769547325
MEFIERAS,19.60246913580247
MENTORAT,22.39753086419753
MEPRISEE,30.102057613168725
MAESTOSO,47.06337448559671
MALAXIEZ,46.77777777777778
MEDIRENT,16.532510288065843
MORUTIER,13.85925925925926
MANIPULA,28.623868312757203
MIROITAS,11.847736625514404
MECONNUS,31.19917695473251
MEPRENEZ,65.93580246913581
MOUTONNA,53.879012345679016
MECHERAI,48.88477366255144
METISSES,28.934979423868313
MISANDRE,16.099588477366254
MECRUTES,17.0320987654321
MOUFTANT,43.59670781893004
MORDRONT,48.06090534979424
MOURRONT,35.166255144032924
METRIQUE,18.92098765432099
MAJORATS,20.760493827160495
MISERERE,29.192592592592593
MALMENEE,31.097942386831274
MARISQUE,14.683127572016462
MENSURAT,11.623868312757201
MELANGEA,29.43127572016461
MURETTES,16.188477366255142
MOLETERA,21.77119341563786
MAINTIEN,23.982716049382717
MARGOTAI,20.54320987654321
MAGOTERA,27.760493827160495
MAUDIREZ,20.02798353909465
MAUBECHE,63.13909465020576
MODELAIS,24.5119341563786
MOISASSE,44.556378600823045
MEULIERS,13.763786008230452
MISTELLE,26.068312757201646
MONOIQUE,39.05185185185185
MANDALES,20.04855967078189
MULARDES,15.706172839506173
MUTINAIS,16.34320987654321
MAGAZINE,33.559670781893004
MOUCHETS,36.22633744855967
MOUSSIEZ,32.77777777777778
MITERIEZ,26.216460905349795
MOUSSENT,23.294650205761318
MUSCADET,24.642798353909466
MACHINAL,44.40658436213992
MALFERAS,29.925925925925927
MARRIONS,11.324279835390946
MUSICAUX,66.4312757201646
MATOUNER,10.525925925925925
MOQUERIE,21.82798353909465
MOUFLERA,44.291358024691355
MONDAMES,26.015637860082304
MACHURAS,34.54979423868313
MINAIENT,34.821399176954735
MORFLAIT,21.072427983539093
MANDIONS,21.57037037037037
MYOLOGIE,89.58683127572016
MORTAISA,12.280658436213992
MIMERONT,24.05020576131687
MURERAIS,19.51358024691358
MANDORLE,17.42633744855967
MUSELENT,17.786008230452676
MOLESTES,18.564609053497943
MACONNEZ,47.56378600823045
MOFLIONS,35.8962962962963
MOISISSE,57.68971193415638
MAZOUTAI,26.116872427983537
MAHORAIS,18.10781893004115
MEUNERIE,19.414814814814815
MOLLIREZ,32.99670781893004
MARRAINE,16.39670781893004
MOUVEREZ,38.10946502057613
MALTATES,21.97283950617284
MULSIONS,19.925925925925927
MELUSINE,13.08148148148148
MENUISEE,14.48641975308642
MAROUFLA,29.804115226337448
MARGEANT,21.423045267489712
MARREREZ,50.833744855967076
MACHERAI,56.626337448559674
MAKHZENS,51.209053497942385
MONNAYEZ,69.69876543209877
MOTIVONS,30.648559670781893
MALOUINS,10.239506172839507
MORDANCE,25.838683127572015
MILITAIS,35.21975308641975
MOULISTE,15.158847736625514
METHYLEZ,76.77037037037037
MONACALE,27.509465020576133
MEGOTAIS,17.925925925925927
MOULURES,21.465843621399177
MOUVRIEZ,30.59423868312757
MUSELONS,25.165432098765432
MOUCHAGE,59.956378600823044
MALTAGES,20.901234567901234
MUNIRAIS,14.306172839506173
MAREYEUR,37.099588477366254
MUSELIEZ,26.469135802469136
MENUISES,14.595061728395061
MINIMAUX,59.46666666666667
MUSIQUEZ,70.01563786008231
MELCHIOR,43.49135802469136
MONITORS,15.406584362139919
MIJOLIEZ,66.68641975308643
MARAUDAI,37.776131687242795
MALMENES,17.616460905349793
MONARQUE,20.409876543209876
MAOISTES,13.54650205761317
MANIEREZ,13.805761316872427
MALAIMES,20.177777777777777
MINIERES,13.632098765432099
MESURAGE,18.295473251028806
MOIGNONS,57.96049382716049
MAILLONS,21.1679012345679
MALAVISE,33.08312757201646
MENOTTES,16.865020576131688
MOQUASSE,45.38189300411523
MOUSSAIT,21.633744855967077
MAHATMAS,60.22304526748971
MINCIMES,31.9119341563786
MORFONDU,63.31275720164609
MONDAINE,31.916872427983538
METREREZ,51.91275720164609
MONTURES,9.272427983539094
MOUETTEZ,35.237037037037034
MURGEAIT,19.159670781893006
MONITION,58.14156378600823
MAPPASSE,93.88065843621399
MEMBRANE,35.24938271604938
MOUCHIEZ,55.54979423868313
MODICITE,38.404115226337446
MOUSSONS,67.17448559670783
MAISERIE,15.499588477366256
MEDAILLE,45.934156378600825
METTABLE,48.78683127572017
MALTERIE,11.724279835390947
MANGEONS,27.818930041152264
MASQUERA,35.20987654320987
MOULURAT,26.453497942386832
MACHIONS,22.295473251028806
MINORIEZ,24.075720164609052
MUCRONEE,17.353909465020575
MENAGEAI,29.247736625514403
MARYLAND,34.78600823045267
MONNAIES,17.221399176954733
MANTEAUX,30.566255144032922
MYELOMES,52.8716049382716
MANOUCHE,31.45432098765432
MOUVANTE,28.100411522633745
MARONNAI,21.91522633744856
MENASSES,34.013168724279836
MALEFICE,35.3358024691358
MARRERAS,42.31028806584362
MAMELUES,19.906172839506173
MISERANT,13.156378600823045
MATCHANT,64.88724279835391
MOLLIMES,32.5119341563786
MILIAIRE,32.6559670781893
MEURTRIT,30.423045267489712
MENTISSE,17.153909465020575
MADEFIER,25.433744855967078
MOULUTES,23.30617283950617
MUTERAIS,13.020576131687243
MARQUANT,20.57119341563786
MERDAMES,25.106995884773664
MONOIDES,23.6880658436214
MENSUREE,15.768724279835391
MACHEURS,29.954732510288064
MIJOTEES,18.474897119341563
MISCIBLE,57.46008230452675
MUGIRONS,13.976131687242798
MARQUEUR,69.42633744855966
MENOTTER,18.81975308641975
MACLASSE,43.39012345679012
MAROQUIN,18.353909465020575
MUSCLIEZ,37.19753086419753
MUSAGETE,22.74320987654321
MAJORIEZ,26.14814814814815
MICROTES,14.418106995884774
MONTAMES,17.40246913580247
MOLETENT,29.623868312757203
MENACONS,30.891358024691357
MODIFIAT,41.68971193415638
MINIMALE,33.26255144032922
MOISSINE,27.437860082304528
MECHEREZ,99.55144032921811
MURGEANT,18.613991769547326
MONTREES,8.750617283950618
MALOUINE,12.496296296296297
MOUETTAS,22.9358024691358
MANEGEES,21.093827160493827
MENACERA,28.132510288065845
MOUETTAT,54.62139917695473
MAUDIRAS,15.041975308641975
MYOSOTIS,65.16872427983539
MONANDRE,34.08230452674897
MENDIERA,23.290534979423867
MONTATES,17.505349794238683
MYELITES,25.330864197530865
MAGADHIS,49.25020576131687
MERDOYAS,28.111934156378602
MYDRIASE,34.1201646090535
MOUTARDS,17.28724279835391
MIGRANTS,16.110288065843623
MANUAIRE,11.973662551440329
MORCELEZ,29.162139917695473
MORDILLA,37.370370370370374
MIREPOIX,69.00576131687242
MAILLERA,41.590123456790124
MITIGENT,53.986831275720164
MOITIRAI,32.26008230452675
MANDERAI,25.642798353909466
MATINAIT,32.33909465020576
MUTILEES,11.22798353909465
MAGNEREZ,28.91275720164609
MACHONNE,58.59423868312757
MENERENT,38.94732510288066
MOITATES,18.54732510288066
MAREMMES,24.79423868312757
MINIFIEZ,87.73333333333333
MOBILITE,37.21646090534979
MENTITES,14.501234567901234
MOISERAI,25.123456790123456
MANIEUSE,10.353909465020577
MORFLERA,49.11358024691358
MENDIAIS,24.873251028806585
MAGOTENT,35.32345679012346
MINEUSES,15.467489711934157
MEJUGERA,58.03621399176955
MEPRITES,17.65843621399177
MATIRENT,14.806584362139917
MANSARDA,32.900411522633746
MONOMERE,34.26337448559671
MANDATAI,34.867489711934155
MODELIEZ,35.33004115226338
MINUTEES,9.737448559670781
MESUSERA,29.793415637860083
MARGOTIN,14.274897119341563
MESOGLEE,29.30781893004115
MISTONNE,20.22551440329218
MANAGIEZ,31.43045267489712
METISSEE,25.22962962962963
MONOPLAN,103.34897119341564
MARBRERA,94.71111111111111
MODIFIAI,95.7119341563786
MARSHALS,32.30534979423868
MALMENEZ,35.20658436213992
MACHISME,42.47242798353909
MONISTES,12.097942386831276
MOQUEREZ,36.708641975308645
MEDISERA,22.997530864197532
MALAXONS,26.57201646090535
MELETOUT,33.013991769547324
MARNERAS,23.299588477366257
MEPRISAT,19.206584362139917
MISTRALS,17.723456790123457
METREURS,20.17201646090535
MACLEREZ,30.981069958847737
MURMUREZ,96.0716049382716
MALAXAGE,98.559670781893
MACQUIEZ,46.45349794238683
MELODIES,17.869135802469135
MERCURES,24.529218106995884
MEULATES,14.014814814814814
MARASQUE,23.00329218106996
MUSACEES,31.36872427983539
MAFIEUSE,19.647736625514405
MARIAGES,13.148971193415639
MILLIOHM,126.94074074074074
MIELLATS,31.92263374485597
MIRADORS,21.20411522633745
MUSQUONS,74.31851851851852
MATISSES,20.841152263374486
MESUSAIS,41.59506172839506
MANOQUES,17.258436213991768
MIXASSES,56.74650205761317
MACONNEE,29.113580246913582
MATERNEE,13.418106995884774
MESQUINS,29.386008230452674
MANCHOTS,25.503703703703703
MANGUIER,12.923456790123456
MACHEREZ,47.632921810699585
MYRTACEE,28.79670781893004
MAGIQUES,21.546502057613168
MUSQUENT,55.88641975308642
MUTILIEZ,29.3119341563786
MONSTRES,12.96707818930041
MODULANT,24.525925925925925
MARCOTER,21.34320987654321
MOUCLADE,43.21316872427983
MARMONNA,36.91604938271605
MALOSSOL,77.60905349794238
MARNAISE,13.22633744855967
MELERAIS,15.109465020576131
MONNAYAI,52.611522633744855
MANQUAIS,21.671604938271606
MEULERAI,22.51687242798354
MUTERIEZ,18.217283950617283
MEMBRONS,31.90699588477366
MARMITAI,25.758847736625516
MOUCHETA,56.325102880658434
MITRALES,10.501234567901234
METTEURE,33.41810699588478
MULATRES,11.049382716049383
MEDIRIEZ,36.58518518518518
MAMELONS,20.46172839506173
MINERAUX,27.22222222222222
MEDISSES,48.17777777777778
MOUFETTE,37.79259259259259
MAGOTONS,26.05925925925926
MIRERIEZ,42.29053497942387
MEBIBITS,56.25185185185185
MARAUDES,15.621399176954732
MEFIEREZ,49.96872427983539
MEFERIEZ,54.20246913580247
MATRICER,17.615637860082305
MANILLES,13.930864197530864
MAIORALE,16.697119341563788
MACHAMES,58.04526748971193
MALETRES,9.851028806584361
MOTIONNE,36.31028806584362
MOISERAS,21.4880658436214
MODALITE,22.269958847736625
MIGRAINE,24.575308641975308
MOLARITE,12.361316872427983
MALFERAI,40.732510288065846
MOUSSEUX,87.13991769547324
MALOTRUS,11.132510288065843
MASSIVES,44.29300411522634
MEJANAGE,47.638683127572016
MASQUENT,21.60082304526749
MUSQUAIT,51.666666666666664
MUSELERA,23.73744855967078
METHYLES,38.71028806584362
MIMAIENT,31.97448559670782
MADRAGUE,34.86666666666667
MOLLARDS,36.17366255144033
MARGINAI,24.77119341563786
MARGINES,9.762962962962963
MOUCHARD,57.24444444444445
MOTORISE,19.57283950617284
MINIFIER,47.31440329218107
MARMITES,9.873251028806584
MANUCURA,41.5679012345679
MARTELEE,15.08395061728395
MURIRIEZ,36.88559670781893
MACADAMS,86.45349794238683
MACLIONS,14.099588477366256
MULTIPLE,53.236213991769546
MITERONS,11.577777777777778
MOUFTENT,48.962139917695474
MATURITE,13.556378600823045
MARTELER,16.91440329218107
MORDICUS,19.137448559670784
MIRESSES,26.103703703703705
MEDUSANT,21.403292181069958
MAGNASSE,40.05843621399177
MASTERES,14.588477366255145
MEDISONS,24.54732510288066
MARGRAVE,57.762962962962966
MATRAQUA,48.212345679012344
MITIGEUR,30.560493827160492
MELANGES,20.355555555555554
MONDEREZ,26.435390946502057
MESANGES,29.359670781893005
MAGOTEES,14.190946502057614
MOUROIRS,28.68148148148148
MESUSAIT,21.526748971193417
MERINGUA,17.953086419753088
MINIJUPE,63.837037037037035
MIAULIEZ,43.559670781893004
MONTEREZ,17.07901234567901
MICELLES,34.065843621399175
MOULINAT,14.366255144032921
MEURTRIS,15.25514403292181
METHANES,18.85925925925926
MAOUSSES,34.956378600823044
MISEREUX,26.11275720164609
MEDECINS,25.70699588477366
MUCHIONS,29.012345679012345
MOUFTAIT,44.721810699588474
MAGASINE,19.877366255144032
MENORAHS,17.181069958847736
MILKBARS,41.73991769547325
MACERERA,43.008230452674894
MARNEURS,16.76872427983539
MOFLERAS,27.553086419753086
MOUFLEES,22.537448559670782
MARAVEES,18.746502057613167
MITEUSES,16.5761316872428
MEFIANTE,20.28312757201646
MALOTRUE,12.442798353909465
MUDEJARE,42.660082304526746
METISSEZ,30.093827160493827
MAESTROS,20.184362139917695
MENAGENT,40.07654320987654
MASCARAS,49.61893004115226
MAZOUTEE,18.136625514403292
MELANITE,15.389300411522633
MACLATES,20.71851851851852
MOURANTS,12.99753086419753
MARBRAIS,31.150617283950616
MARGAUDE,30.26090534979424
MOULANTS,15.759670781893004
MALMENER,20.40246913580247
MURRHINS,23.43045267489712
MANQUAIT,26.167078189300412
MONTRAIT,19.73744855967078
MEURTRIR,34.79012345679013
MEPRISAI,34.74320987654321
MONTUEUX,51.380246913580244
MENAGERE,33.16460905349794
MACAREUX,45.359670781893
MAGNETAR,28.16460905349794
MORIBOND,46.20411522633745
MEJUGEAS,37.837037037037035
MENTIRAS,8.957201646090535
MAZAGRAN,69.10123456790123
MATERNEL,10.8880658436214
MARNIERE,14.128395061728394
MINORENT,23.19917695473251
MESQUINE,20.134156378600824
MOTTEREZ,29.43456790123457
MELINITE,19.239506172839505
MESSIRES,28.59588477366255
MIRLITON,20.186008230452675
MELISSES,35.40576131687243
MURERONS,18.364609053497944
MURERIEZ,30.17119341563786
MOUETTER,19.759670781893004
MINERALE,13.632098765432099
MENDIAIT,30.00493827160494
MEULAMES,24.215637860082303
MORDORES,40.49629629629629
MASCULIN,20.383539094650207
MAMELLES,34.80905349794239
MANGAKAS,59.254320987654324
MESSEOIR,19.96460905349794
MATINEUX,20.219753086419754
MORDEURS,28.696296296296296
MODERAIS,19.68477366255144
MESSAGES,61.38683127572016
MITAIENT,33.233744855967075
MANDATES,16.83703703703704
MACAQUES,35.83292181069959
MEULETTE,42.08148148148148
MINORAIT,17.91358024691358
MERDASSE,28.89218106995885
MUGIRAIS,22.33497942386831
MAGREBIN,33.739094650205764
MATCHAIT,71.56378600823045
MEDIRONS,14.014814814814814
MINIFIAI,108.83703703703704
MOUVERAS,26.30946502057613
MAILLARD,49.86831275720164
METTEURS,20.923456790123456
MANGERIE,14.270781893004115
MARATONA,20.633744855967077
MALEMORT,23.33497942386831
MULOTAIT,31.14650205761317
MEVENDIT,44.93827160493827
MOUDRAIT,19.111934156378602
MORTIFIA,26.7679012345679
MASQUEES,31.469135802469136
MARINENT,13.96872427983539
MORSURES,23.103703703703705
MOLALITE,27.7679012345679
MORPHING,43.92674897119342
MERCIERS,22.73744855967078
MUTUELLE,58.16213991769548
MEPRENDS,36.6880658436214
MESCLUNS,30.94485596707819
MEVENDRE,62.58518518518518
MINICARS,19.410699588477367
MOTTERAI,27.493004115226338
MUGUETAI,47.94238683127572
MYOTONIE,49.06502057613169
MANCHOTE,31.901234567901234
MANEGEAS,19.33662551440329
MOMIFIEE,39.7440329218107
MOUILLAS,22.775308641975307
MUNISSEZ,28.220576131687242
MOULERAS,17.664197530864197
MANDATEZ,30.33827160493827
MOLETEES,18.129218106995886
MARIIONS,9.779423868312756
MESSEANT,20.249382716049382
MASQUAIT,27.46502057613169
MORPIONS,26.131687242798353
MASTURBA,26.22222222222222
MASSAGES,60.111111111111114
MITOYENS,20.673251028806586
MULOTAIS,15.396707818930041
MAGISTER,11.407407407407407
MACHUREE,24.340740740740742
MORFLEES,16.561316872427984
MEDULLAS,40.80411522633745
MULETTES,21.85020576131687
MIJOLAIS,38.79753086419753
MULOTIEZ,22.446090534979422
MACERAIS,19.679012345679013
MONGOLES,29.791769547325103
MARGINAS,13.052674897119342
MENOTTEE,28.10781893004115
MOUVANCE,41.995061728395065
MAILLIEZ,55.34650205761317
MODULAIS,22.03539094650206
MOUFLIEZ,43.53909465020576
MINCISSE,40.2
MAUSSADE,34.754732510288065
MULTISOC,23.28312757201646
MESURERA,27.156378600823047
MAIEURES,9.948971193415638
MINETTES,16.153909465020575
MAROUFLE,21.192592592592593
MORFLANT,21.083127572016462
MOURIONS,17.358024691358025
MNESIQUE,31.488888888888887
MARGEONS,13.303703703703704
MOCHETES,28.467489711934157
MAILLAIS,42.76707818930041
MUTILENT,24.91275720164609
METRERAI,24.893004115226336
MENTHOLE,25.558024691358025
METTRONT,42.01481481481481
MOTARDES,12.6559670781893
MEFORMES,26.42716049382716
MEDUSAIS,32.99670781893004
MINIFIEE,43.43292181069959
MEDITEES,22.08559670781893
MALABARS,46.882304526748975
MIRERONT,19.875720164609053
MURGERAI,40.440329218106996
MIRAILLE,31.159670781893006
MORAILLE,20.896296296296295
METHANOL,31.467489711934157
MASURIUM,26.809053497942386
MUREMENT,19.869135802469135
METISSAS,29.158024691358026
MOUDRAIS,16.71522633744856
MOMERIES,15.317695473251028
MOUCHOIR,66.08395061728395
MITIGERA,31.67654320987654
MIMERAIS,30.762962962962963
MOUVRONT,42.46255144032922
MALINOIS,14.768724279835391
MINIMEXE,50.06995884773662
MIXERAIS,35.3843621399177
METRIONS,10.19917695473251
MALWARES,24.556378600823045
MERITAIT,25.89218106995885
MICROBUS,32.80740740740741
MARRERAI,57.15884773662552
MODIQUES,25.591769547325104
MONTANTS,34.461728395061726
MAPPAGES,71.35144032921811
MASSAMES,65.80493827160494
MOUETTES,17.813991769547325
MAUSOLEE,14.011522633744857
MANGEANT,46.85020576131687
MAXIMISE,46.278189300411526
MANIABLE,25.490534979423867
MUDEJARS,38.57530864197531
MEPRISAS,31.165432098765432
MONTRANT,37.05432098765432
MEUBLENT,31.848559670781892
MARTELES,9.431275720164608
MURMUREE,49.5440329218107
MINERVES,16.4559670781893
MARMITAS,13.758847736625514
MEUBLERA,44.69794238683127
MIGNOTES,16.218930041152262
MAJEURES,17.105349794238684
MOQUEURS,45.41975308641975
MORFLAIS,18.070781893004114
MUNIRIEZ,22.235390946502058
MONITORE,17.889711934156377
MUONIUMS,39.678189300411525
MAOISMES,23.54074074074074
MUNTJACS,29.722633744855965
MALTAMES,23.074897119341564
MINERONS,19.59588477366255
MANOQUER,18.836213991769547
MARIAMES,13.781893004115226
MARCHAGE,56.73086419753086
MAMELOUK,57.72263374485597
MORDORER,86.64362139917695
MARRONNE,25.959670781893003
MIJOTEUR,28.85843621399177
MAJORENT,22.88230452674897
MECHANTE,38.95390946502057
MONTOIRS,16.44938271604938
MEDIEVAL,49.97366255144033
MALTOSES,17.156378600823047
MUNSTERS,20.302880658436212
METHYLEE,66.94567901234568
MUSCINAL,21.246913580246915
MATRICAT,27.07736625514403
MICTIONS,21.560493827160492
MOUCHANT,38.1119341563786
MEURTRIE,16.738271604938273
MARAVIEZ,32.093827160493824
MONTIONS,30.85761316872428
MOLLIRAI,38.86831275720164
MALFAMES,41.8880658436214
MOABITES,20.26090534979424
MATINIEZ,20.649382716049384
MATIRAIS,13.955555555555556
MACQUONS,28.97366255144033
MAGANERA,53.4082304526749
MODELISA,27.906172839506173
MANGEAIS,21.261728395061727
MATEUSES,15.29053497942387
MANOSTAT,22.870781893004114
MASTITES,19.04855967078189
MUSELEES,37.94814814814815
MACHASSE,70.81810699588478
MORALINE,10.805761316872427
MENOTTAI,26.635390946502056
METISSAI,29.651028806584364
MAUDITES,11.239506172839507
MAGNERAS,24.267489711934157
MURISSEZ,26.031275720164608
MUTERONT,27.74567901234568
MAJORERA,53.40658436213992
MAJORAIS,20.25761316872428
MERELLES,34.50946502057613
MASTOIDE,14.953086419753086
MOSQUEES,32.28971193415638
MODIFIEE,36.80164609053498
MUGIRAIT,25.438683127572016
MASTABAS,65.10781893004115
MAHRATTE,41.28395061728395
MAGASINS,24.494650205761317
MINERVAL,27.439506172839508
MILLASSE,43.46913580246913
MATRICAS,14.204115226337448
MIAULERA,28.630452674897118
MANDRILL,27.846913580246913
MARGOTTE,23.083127572016462
MUSICALE,20.986008230452676
MARNEREZ,27.965432098765433
MARCHERA,80.12510288065843
MAXILLES,28.900411522633746
MECONNUE,35.49135802469136
MANEGIEZ,23.875720164609053
MADEFIAI,70.03868312757201
MALFAITE,29.580246913580247
MALAIMEE,24.477366255144034
MAUGREEE,21.607407407407408
MALIQUES,16.96954732510288
MEMBRUES,32.556378600823045
MONOBRIN,62.0880658436214
MOUCHURE,72.23786008230452
MODELANT,30.581893004115226
MUTIQUES,32.68312757201646
MEGOTONS,30.76625514403292
MINUTAGE,18.11934156378601
MINUTIEZ,25.507818930041154
MEULEURS,29.933333333333334
MEDIRAIS,23.176131687242798
MOITITES,23.36543209876543
METEQUES,35.68395061728395
MACULIEZ,28.53827160493827
MUSIQUAT,39.330864197530865
MINIMISE,55.78106995884774
MATERIEL,9.893004115226338
MENACANT,43.751440329218106
MIJOLERA,38.07818930041152
MITERENT,22.377777777777776
MODIFIES,36.95144032921811
MARIGOTS,9.438683127572016
MEDITENT,31.03374485596708
MUSCLAIT,25.05925925925926
MARCOTAS,15.385185185185184
MAZURKAS,36.321810699588475
MICROTEE,15.157201646090535
MITARDER,21.71275720164609
MICROTAS,15.069135802469136
MANIQUES,13.796707818930042
MEDISANT,18.435390946502057
MATHEUSE,20.30781893004115
MAGOTIEZ,22.387654320987654
MONTRAIS,9.762962962962963
MUSSIONS,34.2
METRAGES,16.704526748971194
MOUTONNE,46.70041152263374
MINORERA,23.903703703703705
MONOVOIE,80.18600823045267
MEGAGRAY,90.93004115226337
MELERENT,25.219753086419754
MUEZZINS,49.42633744855967
MONOCYTE,74.12592592592593
MURAILLA,30.581893004115226
MOITASSE,22.932510288065842
METISSER,16.502880658436215
MAROTTES,12.246090534979423
MUTAGENE,19.669958847736627
MYELINES,25.562139917695472
MIJOTAGE,36.59917695473251
MUCOIDES,21.40082304526749
MITIGEAT,48.302880658436216
MANSARDE,18.51358024691358
MIGNOTAI,34.51111111111111
MERZLOTA,24.782716049382717
MUSERONT,15.80164609053498
MEDIRAIT,26.62962962962963
MEDAILLA,58.30452674897119
MECHOUIS,34.62139917695473
MARGEURS,23.93415637860082
MIRASSES,23.441152263374487
MANSIONS,22.65514403292181
MILICIEN,52.83786008230452
MEVENDRA,52.42798353909465
METRAMES,18.936625514403293
MENDIANT,32.504526748971195
MEUGLIEZ,36.25020576131687
MAIGRIES,16.037860082304526
MACHINAI,56.019753086419755
MINABLES,18.870781893004114
MATOUNEE,10.751440329218108
MEUGLONS,20.300411522633745
MEFIANCE,30.36872427983539
MALADIVE,46.67736625514403
MONOKINI,117.72839506172839
MEVENTES,34.75308641975309
MORFILAS,16.26255144032922
MINUTENT,46.022222222222226
MUSCLENT,26.06584362139918
MACHURAI,47.257613168724276
MOTTERAS,20.523456790123458
MOUSMEES,28.48971193415638
MEHAREES,28.0238683127572
MATORRAL,22.14485596707819
MINEURES,9.223045267489711
MINERIEZ,25.5440329218107
MENOTTAT,48.89711934156379
MEFERONS,20.989300411522635
MERDOYAT,31.92098765432099
MUGUETEZ,66.11028806584362
MOMIFIES,39.3761316872428
MANDERAS,19.462551440329218
MERIEDRE,40.14238683127572
MINASSES,27.234567901234566
MASSIERE,14.525102880658435
MANDATAS,26.752263374485597
MAILLANT,28.242798353909464
MARCHAND,47.534979423868315
MAGNAMES,34.28148148148148
MAXIMAUX,87.56378600823045
MONDAINS,26.046913580246912
MILLIEME,64.41152263374485
MUTILERA,17.665843621399176
MEDITONS,15.322633744855967
MATURONS,9.324279835390946
MIOCENES,17.090534979423868
MONSIEUR,13.033744855967079
MYCELIEN,40.28312757201646
MAURELLE,26.921810699588477
MIRACULE,18.698765432098764
MARALPIN,27.6559670781893
MUSCLERA,32.65349794238683
MARECAGE,27.773662551440328
MEGOTERA,26.271604938271604
MANNOSES,24.897942386831275
MOQUAMES,35.62222222222222
MINERENT,22.611522633744855
MONOTONE,92.29547325102881
MOULINER,12.944855967078189
MACQUENT,33.672427983539094
MODULONS,36.976954732510286
MANGEUSE,18.34156378600823
MELONNEE,35.67160493827161
METAIRIE,13.213991769547325
MALSAINS,17.820576131687243
MAGHZENS,40.4880658436214
MITIGEAI,54.906995884773664
MURAILLE,22.244444444444444
MANDILLE,29.237860082304525
MAGOTAIS,18.28477366255144
MORICAUD,22.14979423868313
MAMELUKS,42.03950617283951
MORPHEME,54.71687242798354
MANUELIN,24.290534979423867
MOUMOUTE,86.25267489711935
MARCHAIT,32.80246913580247
MORESQUE,19.385185185185186
MIGNARDE,24.46502057613169
MENUISAI,17.416460905349794
MOZABITE,37.758024691358024
MOFLERAI,36.8
MEANDRES,21.48559670781893
MUSELANT,18.078189300411523
MALAXERA,73.52263374485597
MARINAIS,13.026337448559671
MARGINAL,19.34320987654321
MORDIMES,18.849382716049384
MEDITIEZ,39.3604938271605
MARIALES,9.879012345679012
MASSACRE,32.98106995884773
MUTANTES,17.28971193415638
MORDRAIS,21.788477366255144
MARAUDEE,17.382716049382715
MAQUATES,22.94650205761317
MUSSEREZ,39.62469135802469
MATCHONS,25.79917695473251
MEFIRENT,18.448559670781894
MENISQUE,20.334156378600824
MASCARON,22.133333333333333
MICROBES,26.93415637860082
MOIREUSE,14.794238683127572
MOTIONNA,41.25514403292181
MOULURAI,33.07818930041152
MUTINAIT,33.28477366255144
MATURANT,21.269135802469137
METREUSE,21.818930041152264
MUCHAMES,53.875720164609056
MOISIMES,38.92427983539095
MACERIEZ,22.437860082304528
MOUILLON,57.71275720164609
MINUTAIS,16.381069958847736
MORDITES,11.333333333333334
MELERONT,17.215637860082303
MAHONNES,27.444444444444443
MOIRERAI,41.77860082304527
MONTRERA,24.041975308641977
MAINTENU,23.248559670781894
MEJUGIEZ,62.0880658436214
MALLOUSA,40.56131687242798
MANDANTE,38.69300411522634
MOLESTEZ,23.960493827160494
MAQUERAI,39.18518518518518
MALAISES,19.701234567901235
MOUVERAI,35.96296296296296
MINCIRAS,17.920164609053497
MAURESSE,18.376131687242797
MANDATER,18.77201646090535
MUSIQUER,37.45020576131687
MYALGIES,36.721810699588474
MEJUGEAI,51.3201646090535
MARASMES,26.00164609053498
MIXEUSES,34.02880658436214
MUASSENT,28.004115226337447
MAQUAMES,39.48724279835391
MIMIQUES,47.019753086419755
MOUVRONS,34.53744855967078
MOYENNER,37.595884773662554
MUSELETS,27.31358024691358
MIXTIONS,28.730864197530863
MINIMISA,54.0641975308642
MAUDISSE,24.34732510288066
MEETINGS,19.697119341563788
MURIRONS,12.881481481481481
MOISIONS,41.26831275720165
MEJUGEAT,44.17201646090535
MARTELAS,14.34074074074074
MORDACHE,48.02798353909465
MOUVIONS,33.760493827160495
MADEFIAT,36.22304526748971
MANDAMES,28.93991769547325
MOULAGES,19.366255144032923
MALTOTES,17.80246913580247
MOBILIER,30.537448559670782
MEULEUSE,54.57530864197531
MUSEIFIE,30.14650205761317
MILLAGES,29.446090534979422
MODISTES,20.153086419753087
MANDORES,12.3440329218107
MEMORISE,17.91275720164609
MADRASAS,52.76872427983539
MIGNOTER,17.77448559670782
MEPRISES,30.186831275720163
MARBRIEZ,37.16378600823045
MURIATES,7.8995884773662555
MOTRICES,12.123456790123457
MALFORMA,53.492181069958846
MEGAWATT,90.83292181069959
MALFAMEE,51.79835390946502
MARGERAI,47.69794238683127
MOLECULE,50.45020576131687
MOISIREZ,25.591769547325104
MECCANOS,38.151440329218104
MEDITAIS,25.348148148148148
MARIOLLE,18.214814814814815
MARINIEZ,17.94650205761317
MAESTRIA,18.364609053497944
MOURUMES,31.62469135802469
MAQUILLA,66.57942386831276
MURMURAS,52.43045267489712
MEGAMOLE,45.501234567901236
MEUBLEES,42.534979423868315
MOTIVANT,37.492181069958846
MELANOSE,19.04855967078189
MEUBLANT,29.899588477366255
MENTEUSE,21.320987654320987
MOUTARDE,18.741563786008232
MEGIRAIT,25.702880658436214
MALFEREZ,37.160493827160494
MYRTAIES,14.99753086419753
MUTINONS,17.622222222222224
MALIENNE,17.39670781893004
MORALISA,14.176131687242798
MUSICIEN,24.94650205761317
MINAUDAS,16.20164609053498
MISSILES,54.54650205761317
MASSASSE,87.63539094650206
MANOQUEZ,32.29300411522634
MAROCAIN,18.93991769547325
MACONNAI,42.501234567901236
MINORANT,19.990123456790123
MASCOGNE,23.51275720164609
MONDERAI,23.696296296296296
MOGHOLES,53.6156378600823
MONDATES,15.54485596707819
MEDISAIT,29.816460905349793
MESOMERE,29.693004115226337
MORFALAI,29.433744855967078
MAROUTES,8.005761316872428
MEUGLANT,23.79259259259259
MELANOME,30.040329218106997
MARBRURE,53.00905349794239
MARGOTEZ,20.938271604938272
MATERIAU,14.411522633744855
MEFERAIS,22.62633744855967
MACHINER,23.3440329218107
MANIASSE,17.960493827160494
MELKITES,20.746502057613167
MENAGEAS,20.91440329218107
MAINATES,13.565432098765433
MURERAIT,22.42633744855967
MAINTINT,44.35144032921811
MUSAIENT,12.937448559670782
MONOMANE,73.50123456790124
MACHINAT,32.05679012345679
MARINANT,15.960493827160494
MALARIAS,19.297119341563786
MORFILEZ,29.09300411522634
MAUGREAS,18.62633744855967
MUNIRENT,20.50864197530864
MALHEURS,21.804115226337448
MAIRESSE,18.17201646090535
MIAULEUR,40.00411522633745
MUNITION,31.645267489711934
MARQUISE,16.930864197530862
MERENGUE,28.76872427983539
MARCOTAI,20.08395061728395
MAZOUTAT,39.74074074074074
MANQUONS,32.41481481481482
MATERNAS,12.36872427983539
MOULATES,14.133333333333333
MUNIRAIT,16.618106995884773
MARGEREZ,41.37448559670782
MARSHALL,47.86090534979424
MARMOTTA,37.7679012345679
MASCARET,15.903703703703703
MACQUERA,58.16954732510288
MODESTES,25.423045267489712
MOUFLAIS,26.899588477366255
MANETTES,14.203292181069958
MURIRAIS,22.581893004115226
MARBRIER,39.586831275720165
MEGAPOLE,52.82057613168724
MOUCHEES,28.99835390946502
MENACAIT,23.66337448559671
MEGISSAI,47.13168724279836
MADEFIEE,39.87489711934156
MENUISAT,10.577777777777778
MECROIRA,34.75061728395062
MOLLIRAS,19.836213991769547
MANIAMES,15.940740740740742
MORDANTS,14.879012345679012
MARNAMES,18.558847736625513
MACHERAS,41.39670781893004
MOISAMES,32.07654320987654
MARTELAT,27.586831275720165
MARSOUIN,10.365432098765432
MEVENDIS,38.26008230452675
MARONITE,8.777777777777779
MOUCHAIT,39.247736625514406
MENAPIEN,39.20740740740741
MACHINAS,28.741563786008232
MASSIONS,25.994238683127573
MAUGREEZ,24.25925925925926
MUTINEES,9.906172839506173
MUQARNAS,21.576954732510288
MUGUETAS,37.04279835390947
MASSETTE,26.564609053497943
MUSCARIS,26.102880658436213
MAILLETS,21.838683127572015
MEURETTE,33.41152263374486
MONTRONS,31.70864197530864
MANOQUEE,20.356378600823046
MILITONS,17.730041152263375
MORFILES,15.197530864197532
MURASSES,28.781069958847738
MARMITEE,11.179423868312757
MENTIREZ,14.48724279835391
MESUSAGE,33.434567901234566
MEMOIRES,13.952263374485597
MATURERA,27.20246913580247
MEXICAIN,61.869958847736626
MACARONS,16.013168724279836
MAKAIRES,17.977777777777778
MOLESTER,13.54567901234568
MENSONGE,34.19917695473251
MOSAIQUE,21.66172839506173
MINUTAIT,34.62880658436214
MECONIAL,23.240329218106996
MANDRINS,17.901234567901234
MINUTIER,14.48230452674897
METAMERE,33.330864197530865
MUGIRIEZ,34.33251028806584
MALANDRE,26.135802469135804
MINIFIAS,43.12181069958848
MALFASSE,50.897942386831275
MANGEAIT,26.57119341563786
MEDIATOR,18.862551440329216
MADRASSA,63.83045267489712
MORTAISE,10.940740740740742
MIRONTON,35.553909465020574
MIJOLANT,28.39670781893004
MENUISEZ,17.20576131687243
MECHIONS,27.805761316872427
MEDITERA,22.039506172839506
MARQUETA,29.54074074074074
MIREUSES,14.353909465020577
MEDISENT,18.502057613168724
MYSTIQUE,42.5917695473251
MITERAIT,39.08724279835391
MOULANTE,18.840329218106994
MULLITES,20.97366255144033
MOUILLAI,46.632921810699585
MONISMES,19.852674897119343
MIROITER,20.68395061728395
MAUGREAI,25.116872427983537
MORALITE,11.329218106995885
MANCELLE,34.46748971193416
MIROITAT,23.22962962962963
MENUISER,10.005761316872428
MARRANTS,17.57942386831276
MAJORANT,24.88065843621399
MENSTRUE,11.063374485596707
MADERISA,22.300411522633745
MOISIRAS,22.786008230452676
MYSTIFIA,61.6238683127572
MATOUNEZ,17.506995884773662
MUSCLEES,33.68888888888889
MARQUIEZ,24.844444444444445
MASQUAIS,42.531687242798355
MAILLENT,23.933333333333334
MATEREAU,15.91358024691358
MONAURAL,16.48559670781893
MARQUAIS,20.509465020576133
MERLUCHE,38.35884773662551
MARAVAIT,38.266666666666666
MESURAIT,12.446090534979424
MATIRIEZ,17.502880658436215
MEFIAMES,30.60411522633745
MATASSIN,21.061728395061728
MELIMELO,54.51111111111111
MARBRONS,22.28477366255144
MAZOUTAS,20.45925925925926
MURMURER,105.50123456790124
MEGABASE,46.479835390946505
MORFLONS,34.13662551440329
MIGNOTAS,16.907818930041152
MORDOREZ,77.81069958847736
MOUSSAIS,40.05185185185185
MENSUREZ,18.682304526748972
MARINEES,7.102880658436214
MACULAIS,24.643621399176954
MEULEREZ,43.49465020576132
MARIEREZ,21.907818930041152
MOTTASSE,35.888888888888886
MOITIMES,23.181069958847736
MOULEUSE,33.781893004115226
MEFIANTS,16.223045267489713
MARGIONS,10.237860082304527
MOQUIONS,32.56131687242798
MYCENIEN,57.57530864197531
MENAGERA,29.961316872427982
MOSETTES,26.56954732510288
MARONNEZ,24.40082304526749
MODERAIT,23.77283950617284
MIMERAIT,37.23868312757202
MEGOTAGE,41.742386831275724
MESUSENT,21.993415637860082
MOQUETTA,56.724279835390945
MARIATES,8.209876543209877
MORAINES,8.232921810699589
MARAUDAS,28.17037037037037
MUSTANGS,30.145679012345678
MOSELLAN,33.15473251028806
MARMITON,15.174485596707818
MYOMETRE,42.94567901234568
MOULUSSE,52.11028806584362
MIAMMIAM,183.32345679012346
MARQUEES,15.466666666666667
MONNAYEE,41.89135802469136
MARXISME,23.022222222222222
MAJORAIT,24.23374485596708
MURMURAI,68.21399176954732
MERDEREZ,83.79012345679013
MENACEES,25.90864197530864
MUSSAMES,66.67489711934157
MUSTELLE,33.07572016460905
MEMERAGE,53.4477366255144
MIXERIEZ,51.22551440329218
MOTIVENT,40.30452674897119
MERDOIES,13.921810699588477
MAGANONS,35.41810699588478
MOISATES,18.69218106995885
MENTIMES,14.522633744855968
MENDIEES,21.17283950617284
MORNIFLE,21.68724279835391
MUCHEREZ,65.03127572016461
MADERISE,15.750617283950618
MEMEMENT,79.47160493827161
MORFONDS,47.470781893004116
MARRANES,18.6798353909465
MERGULES,16.91358024691358
MISOGYNE,30.182716049382716
MOUILLES,20.08971193415638
MOSTELLE,27.97037037037037
MAGNIFIE,38.803292181069956
MAFIQUES,26.261728395061727
MARINADE,15.851028806584361
MIJAUREE,19.19506172839506
MUSARDEZ,27.42880658436214
MENERIEZ,28.150617283950616
MIGRANTE,18.48312757201646
MERDIERS,23.06008230452675
MOURONNE,42.36625514403292
MASTIQUA,25.720987654320986
MOUCHAIS,33.89711934156379
MORELLES,18.305349794238683
MOTIVAIT,59.991769547325106
MORTIFIE,24.17283950617284
MELERIEZ,35.49053497942387
MOYENNES,33.11028806584362
MEUGLAIT,24.113580246913582
MAHONIAS,18.88065843621399
MANDATEE,19.22962962962963
MURMURES,48.99670781893004
MEGOTIEZ,27.706172839506173
MELANGEZ,42.476543209876546
MODELONS,41.077366255144035
MELILOTS,21.279012345679014
MATCHAIS,33.33004115226338
MALINGRE,15.57037037037037
MAITHILI,61.60740740740741
MESSIERS,33.9119341563786
MADURAIS,17.60246913580247
MODULERA,36.68559670781893
MANOQUAI,28.53497942386831
MEKTOUBS,44.39917695473251
MANDATAT,56.81975308641975
MESIQUES,32.57037037037037
MUONIQUE,49.65432098765432
MODELERA,33.069135802469134
MOIREURS,22.54732510288066
MOBILISE,40.00246913580247
MOTIVERA,25.046913580246912
MORDANCA,33.2156378600823
MALMENAT,31.245267489711935
MARQUAIT,22.920164609053497
MORFILAT,17.56954732510288
MARXIENS,12.5440329218107
MOLESTEE,19.506995884773662
MEVENDUE,69.0798353909465
MONTAGNE,36.42304526748971
MANITOUS,8.91687242798354
MATURAIT,23.069135802469138
MERISIER,21.57366255144033
MARQUOIR,30.618930041152264
MODERERA,43.74156378600823
MORDIONS,21.369547325102882
MURIRAIT,24.870781893004114
METHODES,26.662551440329217
MATOISES,12.249382716049382
MARMOTTE,25.989300411522635
MIJOTAIS,34.30864197530864
MALAXAIS,49.09794238683128
MENEUSES,27.155555555555555
MICROTEZ,27.219753086419754
MEUBLAIT,31.322633744855967
MINAUDAI,33.62716049382716
MAUVAISE,27.406584362139917
MUSERAIS,22.392592592592592
MATINANT,34.71111111111111
MATERNAI,16.075720164609052
MARBRANT,32.6641975308642
MASSIFIA,53.069135802469134
MAHALEBS,54.237037037037034
MOUSQUET,39.10699588477366
MENUISAS,15.541563786008231
MAZDEENS,24.040329218106997
MALLETTE,40.00576131687243
MURAIENT,10.76954732510288
MINIGOLF,58.76213991769547
MINAUDEZ,28.242798353909464
MALTERAI,21.65679012345679
METHYLAT,80.22139917695473
MARIABLE,23.646913580246913
MOULEREZ,25.174485596707818
METRASSE,21.131687242798353
MARMITEZ,18.279835390946502
MENISCAL,18.290534979423867
MOLOSSES,66.6641975308642
MARTYRES,20.810699588477366
MEMORISA,19.4559670781893
MERINGUE,15.506995884773662
MARSAULT,14.065020576131687
MEVENDUS,40.879012345679016
MACHOIRE,27.505349794238683
MIGRATES,13.506172839506172
MINUTEUR,25.62304526748971
MOLLISSE,42.89300411522634
MANGEURS,14.60164609053498
MALVENUS,22.758024691358024
MOUFTAIS,21.48559670781893
MEDIANES,16.00493827160494
MOLLARDA,53.01728395061728
MACRAMES,30.28148148148148
MITONNER,18.57366255144033
MEDUSIEZ,34.32839506172839
MARITALE,11.344855967078189
MYELOIDE,59.08641975308642
MATRICAI,26.849382716049384
MAGYARES,30.30946502057613
MOUFLANT,29.423045267489712
MAGNETON,39.72921810699589
MICROLUX,48.742386831275724
MUFLERIE,27.999176954732512
MEDIALES,18.548148148148147
MASSORAH,36.36296296296296
MILADIES,24.96625514403292
MEDERSAS,30.153086419753087
MALAXEES,26.74897119341564
MIACIDES,38.735802469135805
MANIEREE,12.018106995884773
MEGAOHMS,52.56707818930041
MOUVRAIT,23.93744855967078
MIGRAMES,22.58106995884774
MANADIER,17.57366255144033
MARCHIEZ,34.43539094650206
MANGEREZ,24.711111111111112
MENSURER,17.124279835390947
MARCOTAT,30.17366255144033
MUGUETTE,64.33251028806585
MALDONNE,34.77201646090535
MUSCADIN,30.77201646090535
MORFALER,35.10864197530864
MAIZENAS,25.156378600823047
MARANTAS,17.037037037037038
MEGISSAS,46.93991769547325
MARRANTE,21.097119341563786
MULOTENT,32.45761316872428
MONOBLOC,170.41810699588478
MEGARDES,23.616460905349793
MACULEES,17.07736625514403
MAFFIOSO,63.91522633744856
MODELISE,23.62962962962963
MACHINEZ,40.833744855967076
MAJOREES,15.821399176954733
MECHEUSE,70.5358024691358
MARNIONS,12.02716049382716
MEUBLONS,25.9761316872428
MIAULAIS,29.070781893004114
MESURENT,13.327572016460906
MUSERENT,14.723456790123457
MESSAGER,32.87736625514403
MUSERAIT,15.567901234567902
MALJUGES,28.865020576131688
MATIRONS,7.810699588477366
MADRIERS,20.063374485596707
MECONNUT,38.681481481481484
MACHURER,42.51522633744856
MATIRAIT,27.899588477366255
MOLESTAS,22.121810699588476
MONTANTE,43.760493827160495
MILDIOUS,26.97448559670782
MASCOTTE,27.549794238683127
MORMONES,27.277366255144035
MIGNOTEE,17.401646090534978
MINUTONS,18.412345679012347
MACERANT,23.325102880658438
MAZOUTER,17.706172839506173
MONITEUR,12.986008230452676
MELERONS,13.976954732510288
MARXISEE,12.988477366255143
MICACEES,30.765432098765434
MAHARANI,37.75637860082305
MECOMPTE,65.07736625514403
MOULERAI,24.034567901234567
MAPPEREZ,65.13827160493827
MOFLATES,22.820576131687243
MATERNEZ,15.5119341563786
MOYETTES,32.33827160493827
MOLETAIT,35.03374485596708
MOTAMOTE,67.66255144032922
MAUVEINE,17.961316872427982
MANAGEAS,36.099588477366254
MARIOLES,7.762962962962963
MURETINS,9.804115226337448
MUTERONS,12.953086419753086
MODIFIEZ,74.48312757201646
MERISMES,20.960493827160494
MELAENAS,17.88559670781893
MACERATS,19.013991769547324
MOUSSAKA,52.00987654320988
MESURIEZ,18.20576131687243
MALFACON,58.29958847736626
MARAUDER,30.0641975308642
MITONNES,16.71604938271605
MAMMOUTH,77.03127572016461
MATOUNES,9.641152263374485
MEFASSES,67.82798353909465
MINARETS,9.985185185185186
MEUGLERA,34.583539094650206
MANGABEY,72.56543209876543
MASSEREZ,28.215637860082303
MENANTES,18.19753086419753
MARATRES,14.903703703703703
MALAXANT,50.730041152263375
MORTELLE,24.184362139917695
MACHATES,33.32592592592592
MUSETTES,32.1440329218107
MANAGEUR,26.51028806584362
MECROIRE,28.45679012345679
MAKROUTS,21.102880658436213
MEDUSENT,22.223045267489713
MEGISSER,26.06090534979424
MEJUGENT,45.70781893004115
MALAXEUR,40.08395061728395
MARATHES,15.833744855967078
MORDORAI,57.68312757201646
MELERAIT,17.41893004115226
MANEGEAT,23.76872427983539
MIAULAIT,32.483127572016464
MARGOTER,21.239506172839505
MATAMORE,21.553086419753086
MABOULES,20.409876543209876
MENSUELS,21.736625514403293
MUSSATES,37.720987654320986
MORFILER,28.29300411522634
MAQUASSE,47.90452674897119
MOURRAIS,17.480658436213993
MODELAGE,39.629629629629626
MODILLON,82.49876543209876
MATELOTE,25.125925925925927
MISERONS,17.784362139917697
MUSQUAIS,82.30699588477366
MARXISAT,16.953086419753088
MATERNER,14.493827160493828
MIROITES,11.377777777777778
MODELENT,25.367901234567903
MORDRAIT,25.28148148148148
MENTHOLS,22.367901234567903
MENTHONE,38.565432098765434
MESSIDOR,29.43045267489712
MANIATES,9.583539094650206
MELANGER,24.71769547325103
METRERAS,19.273251028806584
MOUILLER,22.85925925925926
MARBREUR,65.40082304526749
MONCEAUX,41.48148148148148
MAITRISA,19.36872427983539
MANDEREZ,24.158847736625514
MOUETTAI,31.155555555555555
MINDONGS,42.69135802469136
MELAMINE,23.62962962962963
MYOTIQUE,48.02880658436214
MEGOTEES,25.0320987654321
MARTIENS,7.075720164609053
MEMBREES,49.36625514403292
MANIFOLD,30.980246913580245
MENOTTAS,19.8082304526749
MITERAIS,18.386008230452674
MAILLURE,26.614814814814814
MAGASINA,34.30781893004115
MENDIIEZ,37.5358024691358
MEULASSE,29.125102880658435
MOUCHETE,37.25843621399177
MATINONS,14.77530864197531
MILLILUX,190.21316872427983
MERDIQUE,27.71522633744856
MARTIALE,12.263374485596708
MIJOTIEZ,55.39259259259259
MAJORAUX,51.934156378600825
MACHONNA,82.52757201646091
MACERENT,16.013168724279836
MODERATO,47.86584362139918
MARAVANT,35.48230452674897
MONOXENE,73.27325102880658
MALFRATS,22.102880658436213
MARGEAIS,19.763786008230454
MAQUEREZ,35.34156378600823
MARGINAT,14.574485596707818
MILITIEZ,56.937448559670784
MARCHAIS,28.9679012345679
MATOUNAI,15.788477366255144
MORCELEE,24.869135802469135
MARCOTES,11.353909465020577
MISSIONS,46.70781893004115
MARBRAIT,36.01728395061728
MAGOTAIT,38.97530864197531
MANTILLE,18.734979423868314
MEFIATES,16.990946502057614
MATINIER,11.986008230452676
MESALLIE,26.20164609053498
MARRATES,16.876543209876544
MUSSASSE,88.73333333333333
MULOTONS,24.813991769547325
MEPRISER,32.23786008230453
MANGERAS,20.69053497942387
MOSSIEUR,19.554732510288066
MINERONT,25.28148148148148
MEFIIONS,25.613991769547326
METAXIAL,30.437037037037037
MOQUATES,21.078189300411523
MENAGEAT,25.151440329218108
MATINALE,14.059259259259258
MERDOYAI,37.71440329218107
MONTRIEZ,14.80164609053498
MEGOTENT,39.757201646090536
MANAGERA,49.17037037037037
MOTIVEES,14.320987654320987
MOFLAMES,39.46666666666667
METEORES,16.06008230452675
MACONNES,23.94238683127572
MARTINIS,9.595061728395061
MALADIFS,37.214814814814815
MAGNESIE,16.764609053497942
MEGISSEZ,48.983539094650205
METAYAGE,40.92674897119342
MELILITE,37.52427983539095
MAGNETOS,18.53991769547325
MAUGREES,12.756378600823044
MINAUDER,16.322633744855967
MARQUAGE,36.74320987654321
MESUSIEZ,35.62880658436214
MANICLES,11.128395061728394
MORACEES,13.004115226337449
MEDIQUES,29.36707818930041
MATRAQUE,24.958024691358023
MARATHIE,18.94814814814815
MATCHERA,49.50534979423868
MODERENT,20.812345679012346
MULOTANT,29.79259259259259
MACQUAIS,39.380246913580244
MANNITES,12.675720164609054
MASSETER,15.591769547325104
MENAGEES,27.393415637860084
MOUDRONT,34.220576131687245
MERCREDI,49.72263374485597
MAILLOTS,22.67818930041152
MORDISSE,23.251851851851853
MOULINAS,12.320164609053498
MEGIRONT,16.781069958847738
MYRMIDON,57.98847736625515
MOUVAMES,36.49958847736625
MYCELIUM,89.71522633744856
MUTISMES,25.211522633744856
MAINMISE,28.596707818930042
MINERAIT,22.2880658436214
MUSCLANT,21.904526748971193
MUTINERA,15.33909465020576
MOTTATES,33.211522633744856
MENACAIS,19.17695473251029
MOLESTAI,17.947325102880658
MALTERAS,16.480658436213993
MUTILONS,11.841152263374486
MALTEURS,12.59588477366255
MOISITES,22.125925925925927
MOULINEE,12.422222222222222
MYOTOMES,66.25185185185185
MORDILLE,33.28559670781893
MUSEROLE,15.45432098765432
MOUFLETS,27.88724279835391
METHYLAS,37.10123456790124
MONTEUSE,13.782716049382715
MOITIREZ,22.85020576131687
MAQUETTA,58.94320987654321
MUTERAIT,27.13991769547325
MOUVATES,21.533333333333335
MANEGENT,32.89300411522634
MIGRIONS,22.49135802469136
MARXISEZ,21.519341563786007
MEGOTANT,43.35144032921811
MILITAIT,70.74979423868312
MICROPLI,72.8880658436214
MATCHENT,54.25185185185185
MEMBRURE,63.25185185185185
MIMERONS,19.066666666666666
MANAGERS,20.51028806584362
MORFILAI,32.56131687242798
MELONNES,20.28559670781893
MILITANT,33.818106995884776
MEDIRONT,16.8320987654321
MILANAIS,21.93415637860082
MIRMIDON,45.96872427983539
MINORAIS,14.567901234567902
MINIFIAT,51.358024691358025
MACONNER,27.02469135802469
MUCOSITE,19.072427983539093
MELOMANE,26.02880658436214
