EBAUDIS,84.53748125937031
ELUERAS,41.22788605697151
EBRECHA,130.89505247376312
ENDORME,62.80584707646177
ECOLAGE,80.64917541229386
EBAUBIR,105.30284857571215
ENTORSE,35.40704647676162
ETHENES,62.02548725637181
EBRUTAT,95.51574212893553
EPIASSE,75.67541229385307
ECHARDE,100.54122938530735
ENDOSSA,105.6911544227886
ESCAPES,88.13268365817092
ENSILEZ,51.31634182908546
ENCAQUE,68.50524737631184
EJECTIF,160.43178410794602
ECLUSEE,51.8455772113943
EGRAPPA,215.06896551724137
ECURONS,49.25487256371814
ECROUEE,50.28335832083958
ECUREUR,157.191904047976
ETISIES,95.04422788605697
EPINAIT,81.78185907046476
ENIEMES,39.20014992503748
EBOULEE,92.45952023988006
ENFOIRE,51.8455772113943
ENVAHIE,71.47826086956522
EXCELLE,185.84782608695653
ENGOUEZ,90.88680659670165
ERODANT,66.70089955022489
EDUQUES,193.14992503748127
ECOSSEZ,131.41229385307346
EXCLAME,92.27586206896552
EBROUES,60.57871064467766
ESCORTE,41.46551724137931
EPILAIT,104.44077961019491
EMOUSSA,108.37481259370315
EPRENDS,70.01499250374813
ELIRONS,41.455022488755624
EPITYPE,147.6071964017991
ECARTAS,45.99550224887556
EUSSIEZ,109.61619190404798
EXOGENE,109.09820089955022
ENFUMER,59.13268365817091
ENSIMAI,62.801349325337334
EBAUDIE,82.12818590704647
EPICENT,56.0712143928036
EBURONS,71.53673163418291
EMACIAT,69.35382308845577
EMBATUE,77.29310344827586
EVITONS,66.41829085457272
EMPECHA,149.33283358320838
EXPOSAT,74.58620689655173
ENRENAI,61.33658170914543
EXEMPLA,146.9625187406297
EPANNAS,93.83583208395802
EMMENER,102.27511244377811
ENTENDU,130.46101949025487
EMETINE,53.73013493253373
EJARRAS,131.24212893553224
EMBETES,82.99550224887557
ENIGMES,48.07496251874063
ECHOUER,80.00899550224888
ENCRIER,46.49025487256372
ECOBUER,72.98575712143928
EPOPEES,103.46326836581709
ENTREES,32.78110944527736
ETAIERA,61.08020989505248
EFFLUVE,240.23538230884557
ESCHAIT,72.09745127436283
ELIRAIS,64.64842578710645
EPINIEZ,107.18740629685158
ECOPAIS,58.338830584707644
ENGAVEE,100.73163418290855
ELEMENT,75.04797601199401
ESTAMPA,100.57421289355322
ETRECIS,38.35607196401799
EMOUVRA,92.03673163418291
ECREMAT,51.57871064467766
ENGRENA,107.4287856071964
ECOSSER,71.72263868065967
EPLOYEE,114.42428785607197
EMPRUNT,61.420539730134934
ERRANCE,66.28410794602699
EPREUVE,87.47301349325338
ETATISA,95.0584707646177
EPANNEZ,110.50749625187406
EMPIEGE,111.27136431784108
EPINCER,39.55022488755622
ENERVAT,54.591454272863565
ETAMPER,53.88380809595203
EXPANSE,68.24662668665667
ESTIVER,45.146926536731634
ENCLAVE,64.26611694152923
EMBETAS,78.58920539730136
EPEULER,66.40629685157421
EXCITEE,60.7976011994003
ETENDIS,62.757871064467764
EMPLOIE,78.09370314842579
ENCREPE,52.99850074962519
ENFILAT,56.43553223388306
EMIRENT,44.07346326836582
ENERVER,100.04422788605697
ENDURCI,66.28935532233884
ETHANAL,100.87556221889055
ESCARRE,67.24137931034483
ECHINAS,55.27286356821589
ENRAYEE,67.60944527736132
ENCREES,34.57721139430285
ENTURES,25.719640179910044
ENROUAS,34.04197901049475
EVINCES,47.81709145427286
EGALEES,73.35307346326836
ERAFLEZ,108.69640179910046
ENFOUIT,75.92653673163419
ENCOURU,107.7616191904048
EXOCETS,83.05697151424287
ENCORNE,63.723388305847074
EUDEMIS,88.12143928035982
EXPULSE,92.75712143928035
EXCLAMA,162.35532233883058
EVENTAI,66.99025487256372
EXHIBAT,127.93703148425787
ELIDENT,75.91529235382309
ENOUERA,47.65742128935532
EXTIRPA,67.5584707646177
ENTORSA,38.48275862068966
ELYSEEN,87.3695652173913
EMMELAT,115.41304347826087
ERRANTE,56.55847076461769
ERODAIT,66.39205397301349
ENVOILE,63.88905547226387
EBOULAI,92.36431784107945
ETOUPEE,57.19190404797601
EBRANLA,91.45577211394303
ECUBIER,55.76086956521739
EXCITEZ,86.72863568215892
ENTOILA,42.10944527736132
EXULTAI,71.98650674662669
ETENDEZ,108.25337331334333
ENGOBEE,93.77586206896552
EXIGERA,93.12143928035982
EBRUTAI,55.257871064467764
ECREMES,53.78110944527736
EXIGEES,84.37931034482759
ETRIVES,40.99475262368816
ESPERER,97.07271364317842
ENCRANT,60.99625187406297
ECUISSA,71.07271364317842
EUTOCIE,47.52623688155922
ENLEVEZ,118.60794602698651
ENTARTA,80.23613193403298
ENONCAI,74.46851574212893
ERREREZ,250.91229385307346
ENIVRAT,38.44302848575712
EXCLURA,91.16866566716642
ESPACER,50.02998500749625
ECHOPPA,223.4047976011994
ENLIANT,66.5472263868066
ENDEANS,97.68290854572713
ENSAUVE,51.08095952023988
ENJOLAS,70.33058470764618
EVOLUES,74.1911544227886
ENGOMME,134.1086956521739
ENROLEE,41.276611694152926
EVADERA,157.9970014992504
EXAOHMS,120.7503748125937
ETOILAI,74.81709145427287
EPATANT,125.06521739130434
ENZYMES,100.91079460269864
EXPLANT,86.56596701649175
EXTRUDA,97.01424287856072
ETIREUR,64.89055472263868
EPINCAI,81.88455772113943
ECHINAI,105.75712143928035
ESSAIMA,117.94902548725638
ELAGUER,63.010494752623686
EXHIBES,118.46701649175412
EBOSSEZ,182.02773613193403
EMBELLI,193.79835082458771
ENERVEE,97.14467766116941
ENVAHIT,75.83883058470765
EXIGEAS,82.90179910044978
ECOPEES,59.13643178410795
EMBOIVE,110.59895052473763
EMOTTAT,164.3433283358321
EMPOCHE,131.91004497751123
EMOUDRA,101.095952023988
EMINCEZ,66.80284857571215
ENDUREZ,69.72188905547226
ENCUVES,49.08245877061469
ECUMIEZ,78.22788605697151
ELAPHES,81.27736131934033
ENGAVAS,100.1071964017991
ENJOUAI,76.23163418290855
ENGAMEZ,101.86131934032983
EPIEUSE,54.16566716641679
ETOFFEZ,190.60044977511245
ELURENT,45.64467766116942
ENGLUAI,57.335082458770614
EDITIEZ,146.34782608695653
EROTISA,41.24662668665667
EMOUCHA,125.72338830584708
EXAMINA,88.52923538230884
EVACUEZ,101.38305847076462
ENLIGNA,97.16416791604198
ECHERAS,69.72638680659671
ENVOLAS,59.73013493253373
ENSUQUA,127.03373313343329
EPUISAS,80.53448275862068
ELANCEZ,68.8568215892054
ETENDUE,75.78110944527737
ENROCHE,66.39205397301349
ELISAIT,78.83358320839581
ETRIPAT,65.16941529235382
ECOTAXE,71.31709145427287
EDUQUAT,213.95577211394303
ECOUTES,43.489505247376314
ETHANES,51.233133433283356
ENCIRAT,26.928035982008996
EBOUTAS,66.09295352323838
ERRASSE,104.63718140929535
EMINCER,38.1191904047976
EXTERNE,59.19565217391305
EGALISA,95.51424287856072
EBOUAIS,74.47901049475263
ENCLOUE,55.44302848575712
EXCAVAT,148.06221889055473
ENFLANT,126.07871064467766
ECLUSAS,85.6431784107946
EXPORTE,72.11469265367316
EMOTION,118.11469265367316
EPLOYEZ,167.8920539730135
ESSUYER,105.99100449775112
ERAYERA,210.06971514242878
EBERLUA,85.26611694152923
ECURIES,31.94677661169415
EFFACEZ,215.19940029985008
EXHUMAT,121.05022488755623
EPLUCHA,130.93328335832084
EPERDIS,76.13943028485757
ENROBAT,51.66191904047976
ECHOIRA,76.8215892053973
ENLIEES,34.22713643178411
ETHIQUE,105.96701649175412
EVASERA,100.22263868065967
ENFAITA,79.32533733133434
EXALTAT,175.68590704647676
ENVERRA,98.99100449775112
ELANCAI,67.08620689655173
ETANCHA,108.21064467766116
ETIRERA,65.77511244377811
ERGOTES,50.81184407796102
EXCUSAI,69.07946026986507
ENCODAI,65.23313343328336
ESTRONE,36.473013493253376
EMANENT,87.4880059970015
ECLIPSE,58.52248875562219
ECALAIS,65.74062968515742
ECHARNE,57.955022488755624
ENROBES,46.32608695652174
EMBETER,86.9527736131934
EXCISAT,57.2383808095952
EMMURER,139.10119940029986
EPAISSI,141.06221889055473
EJECTAT,162.86356821589206
ESPACEZ,85.15517241379311
ETRILLA,66.09970014992504
ETHEREE,115.88305847076462
EPOUTIA,52.45577211394303
EDREDON,149.27886056971514
EMPARER,103.62968515742129
ENGOBAS,74.62068965517241
ECOUTAI,49.95577211394303
EMPALEZ,112.70989505247377
ENKYSTE,99.03298350824588
ERRONES,55.997751124437784
EPUCEES,60.049475262368816
ENTOLEE,44.70989505247376
EBURNES,43.430284857571216
ETREINT,61.5599700149925
EPANDEZ,102.89730134932533
EGOISTE,51.095952023988005
ECRETAI,42.395802098950526
EPILOIR,119.75112443778112
ETOILES,37.01799100449775
EMINCAS,39.047976011994
EXAUCEE,74.75637181409296
ECHARPE,87.35532233883059
EMBOIRA,81.40854572713643
EPAULER,48.97526236881559
EPEULEZ,119.92278860569715
ENFLURE,59.17541229385307
ECSTASY,142.16341829085457
ENVIDES,64.1184407796102
ETEINTS,66.66266866566717
EPISSEE,83.47451274362818
EBRUTEE,63.164167916041976
EXVOTOS,210.4047976011994
ENGAINA,119.39355322338831
ECHEANT,81.03298350824588
ENJOLES,67.03673163418291
EXARQUE,98.67241379310344
EVINCAT,52.873313343328334
EXTREMA,84.82908545727136
ERUCTEE,47.48275862068966
EXECRER,140.39055472263868
ESTRADE,52.5712143928036
ECOULAS,57.689655172413794
ENROUEZ,54.42803598200899
EMBOIRE,68.78335832083958
ETAMPES,53.97751124437781
EMBUVEZ,187.91979010494754
EBAHIES,73.68665667166417
ECOULER,52.7743628185907
EMONDER,66.19490254872564
EXCAVES,88.17091454272864
ESSARTA,94.4880059970015
ETAGEAI,103.75337331334333
EMBRAIE,66.31634182908546
ELINGUE,59.30209895052474
ENFLAIT,68.28410794602699
ELUDERA,88.72338830584708
EPELAIS,66.99175412293853
ENIVRES,35.15067466266866
ESSUYES,207.93403298350825
EPOUSEZ,89.6191904047976
EMOULEZ,100.70764617691154
EPEICHE,113.34857571214393
ENJOLER,68.9887556221889
ETAGEAT,183.52773613193403
EMULSIF,113.9160419790105
EMPARAI,84.87256371814092
EXTRAIE,49.62518740629685
ENTIERE,33.853073463268366
ETETERA,99.30659670164917
EBOULAS,84.52998500749625
EQUIPER,75.03673163418291
EPILENT,61.31784107946027
ESQUIRE,60.492503748125934
ECORNEE,44.61544227886057
EMMELER,120.30209895052474
ENVIERA,53.56296851574213
ENJONCA,165.95052473763118
EMPETRE,72.32458770614693
ETETENT,173.5142428785607
EPILIEZ,139.19865067466267
EVIDEES,89.91904047976011
EXISTAT,96.62593703148426
ECRASAS,92.08695652173913
ERASTES,55.669415292353825
EBOUEUR,154.61244377811096
EFFARES,100.86506746626686
EMPETRA,70.34182908545728
EJARREZ,164.2136431784108
ESTHETE,129.43178410794602
ETAMIEZ,65.21664167916042
EXULTAS,62.11619190404797
ENDURAT,43.43553223388306
ENROLES,32.907796101949025
ESCALES,75.49925037481259
EGAYAIT,150.38830584707645
EMMELAI,120.8095952023988
EPITOGE,73.20539730134932
ERIGEES,54.85907046476762
ECURANT,38.570464767616194
EMPATER,55.3815592203898
EMULENT,63.069715142428784
EGAYEES,111.28260869565217
EMETTRE,102.13418290854572
ENCULEE,45.241379310344826
EMBACLE,91.86431784107945
ETALERA,79.92053973013493
ECHELES,88.11094452773614
EVOQUEZ,205.08620689655172
ENGOUAS,53.94452773613193
ETHUSES,96.23238380809595
EMBETEE,152.83583208395802
EQUITES,58.82008995502249
ERAYIEZ,89.85307346326836
ERIGEAS,53.35232383808096
ESSAYEE,137.65292353823088
ECOBUAS,80.37031484257871
ENVASEZ,75.52848575712144
EXONERA,69.8440779610195
ESCUDOS,190.94452773613193
EGOINES,44.87181409295352
EMULANT,57.62743628185907
ELAGUAT,98.92953523238381
EXALTEE,72.51499250374813
EMBATEZ,114.77511244377811
EXPOSER,70.91229385307346
EPUCERA,67.43553223388305
ESTIMAS,73.5112443778111
EMPEGUA,122.56371814092954
EMPATAS,82.37406296851574
ECUMEUX,197.2263868065967
EFFILES,113.98500749625187
ENOUEES,38.59820089955023
ENQUETA,75.97976011994002
EPUCONS,72.80584707646177
EXTUBES,87.92353823088456
ETAMERA,88.73538230884557
ENTAMES,38.703898050974516
EMMELEE,216.09820089955022
ECOULAT,55.74662668665667
EXAGERE,112.24737631184408
EPANDUS,72.55697151424287
ENLISAS,54.473013493253376
EXCISES,98.1191904047976
EVENTEE,104.55697151424287
ENONCEE,81.25187406296851
ENCIRES,25.134932533733135
ERAFLER,113.64167916041978
EDENTES,58.93253373313343
EPOINTE,45.63718140929535
EMPALER,64.28185907046476
ECORCEZ,117.80734632683658
EMUSSES,148.51649175412294
ENRENEZ,111.50899550224888
EVINCEE,60.06296851574213
ESSANGE,90.24512743628186
EXALTAS,85.23538230884557
EREINTA,39.2143928035982
EVITAIS,102.53673163418291
ENVASAT,66.83733133433283
EBOUTER,63.39730134932534
ELUDONS,99.57946026986507
EXERCER,137.69265367316342
EMBRUMA,166.3935532233883
EPANNES,63.06071964017991
EMPALME,132.6431784107946
EMBRAYA,201.64392803598201
EMPAFFE,202.31034482758622
ENROLEZ,56.95952023988006
ERGOTEE,63.10569715142429
ELBEUFS,138.5974512743628
ENGORGE,97.93628185907046
EDIFIAT,159.7173913043478
ENHERBA,90.69490254872564
ESBIGNA,65.81109445277362
ENFUTER,45.50824587706147
ENFILEE,59.37631184407796
EXTRADA,135.6176911544228
EGOUTTE,108.40854572713643
EMBOITA,81.95577211394303
ETIRANT,53.12443778110944
ECORERA,91.55247376311844
ENLACAT,61.38455772113943
ELUSIFS,165.92653673163417
EDITENT,122.18665667166417
ENGAMEE,84.40179910044978
EDIFICE,180.33058470764618
ECANGUA,95.96926536731634
ESSORAT,58.99025487256372
EPRENEZ,89.75937031484258
EVENTRA,62.656671664167916
ERRATES,55.41004497751124
ECLIPSA,62.08995502248876
ETUVENT,123.95502248875562
EMPYREE,122.21814092953524
EPANNAT,106.19415292353823
ECOUTEZ,73.11619190404798
EXTUBER,84.8215892053973
EMPALES,65.15517241379311
EXULTES,60.53748125937032
ECRASEE,47.75937031484258
ENGLUER,51.703148425787106
EMULERA,69.21664167916042
EBARBER,167.83883058470764
ENRAYER,90.25487256371814
ELARGIE,52.38305847076462
EVANOUI,70.24287856071965
EXHORTE,93.51949025487257
EXTUBEE,105.9055472263868
ELZEVIR,103.38230884557721
EXCLUEZ,127.10119940029985
EXHAURE,92.3343328335832
EBRUITE,51.865067466266865
EQUIPAI,157.3463268365817
ENTRONS,70.43403298350825
ELFIQUE,139.8695652173913
ETREINS,32.59070464767616
EPEISME,76.50524737631184
ECHINES,52.391304347826086
EXAGRAY,216.10194902548724
ENCUVAT,55.35532233883058
EMPLOYE,142.28935532233882
ENTENTE,125.77211394302849
EBARBAI,142.1086956521739
ETEINTE,68.46326836581709
EVIDENT,104.58245877061469
EBRUTER,92.29385307346327
EXAUCAT,97.6784107946027
EXHALEZ,169.25862068965517
ENQUETE,74.29910044977511
ESSAYAS,318.9182908545727
ERGOTAT,94.92278860569715
ENCREUR,70.21664167916042
ENLISEE,33.04422788605697
EBATTUS,104.88755622188906
EPRISSE,71.47751124437781
ECALEES,50.31634182908546
ESTROPE,48.76086956521739
EMPATAT,162.85607196401799
ESTRIOL,50.83808095952024
ENGRAIN,91.81484257871064
EXSUDES,151.82458770614693
ENCOCHA,155.58920539730136
EMPATAI,91.62218890554723
ENTAMAS,54.38455772113943
EMMENAI,99.32308845577211
EFFUSIF,292.9865067466267
ENOUANT,80.476011994003
EMMURAT,77.91529235382309
ENRENES,57.95352323838081
EPOXYDE,222.0832083958021
EPONTES,43.335832083958024
ERUCTEZ,64.00374812593704
ETRECIR,67.33958020989505
ESQUIVA,107.98200899550226
ELYTRES,58.660419790104946
EXAUCEZ,100.19790104947526
EXCEDES,112.69190404797601
ELEVANT,83.54947526236882
ENOUAIT,43.6184407796102
EPELAIT,70.56596701649175
EFFRITE,98.404047976012
EMPENES,65.52923538230884
EPISODE,81.4415292353823
EJOINTA,69.62068965517241
EVITERA,64.71514242878561
EXONDER,81.8568215892054
EXEMPTE,140.1191904047976
EFFILAT,127.23538230884557
ECUSSON,128.01574212893553
ECALANT,69.49025487256372
ENVIDER,62.476011994002995
EFFRITA,110.56671664167916
EXILONS,74.37781109445277
EMBOUAT,88.58770614692654
ECIMONS,55.2256371814093
ECULONS,67.36731634182908
ENGAGER,91.7631184407796
ETHANOL,82.92578710644678
ENTIERS,32.01424287856072
ECOBUEE,85.01049475262369
EXTUBAT,169.62743628185908
ELIMAIS,95.04647676161919
EBOUANT,76.4985007496252
EBOUTEE,73.86131934032983
EXCAVAI,148.73313343328337
EMBUTES,71.90029985007496
EPELIEZ,107.10494752623688
ESTIVAS,91.29385307346327
ENROUAT,35.3335832083958
ECORNAS,34.788605697151425
ETAYAIS,89.86056971514243
EPONGEA,72.94902548725638
ECOUTEE,49.51724137931034
EPERDUE,100.31634182908546
EXILAIS,121.04947526236882
EXILIEZ,163.92503748125938
EMPIRER,84.2968515742129
EXCEDAT,111.02923538230884
EBROUAT,63.092203898050975
EPUISES,75.40104947526237
ENVOYEZ,155.93253373313343
ECHINEZ,90.7968515742129
ENTENDS,104.93178410794603
EBATTUE,103.2743628185907
EGOISME,64.25112443778112
EMOUCHE,111.01874062968515
EVINCAS,49.73388305847077
EMPESEZ,132.28410794602698
ETAMONS,44.34257871064468
ETANCHE,60.38980509745127
ELAGUAS,90.89205397301349
EPINENT,89.26386806596702
EMPHASE,107.34632683658171
EQUEUTA,160.01274362818592
EPINONS,93.94752623688156
ELANCEE,53.30884557721139
ETOILAS,39.89430284857571
ENTASSE,53.356821589205396
ELIRONT,43.90554722638681
EXPERTS,78.03298350824588
ECOUTAS,45.39805097451274
EPHEBIE,136.24437781109447
ENCREPA,50.60119940029985
EPULIDE,88.26461769115443
ELANCES,38.108695652173914
EPUISAI,82.66791604197901
EXCRETE,77.48350824587706
EGORGER,179.69490254872565
ENKYSTA,108.23913043478261
ENTUBAS,46.52923538230885
EPICEAS,53.53898050974513
ENGOBEZ,128.86356821589206
ELUSIVE,68.92278860569715
EXCISAS,104.3913043478261
EBOUENT,85.24287856071965
ETRAVES,46.3688155922039
ENVASES,78.9872563718141
ENNOYAI,118.4880059970015
EXALTAI,97.59145427286357
EVEILLE,150.91004497751123
EMPATES,56.76761619190405
EPINCAS,42.02548725637181
ESCHANT,69.27136431784108
EVOLUAS,79.17466266866566
ECHOUEZ,140.0569715142429
EXCELLA,169.23988005997
EMIGRAT,53.19790104947526
EXHALAI,166.3710644677661
EMPOTAI,65.70764617691154
EMIRATS,39.1904047976012
EPELEES,105.54947526236882
EDENTAT,116.2016491754123
ENJOLAT,77.20764617691154
ERAFLAI,105.75862068965517
ERAFLAS,95.61019490254873
EPALIEZ,80.32458770614693
EXFOLIE,118.54422788605697
EPILEES,56.16266866566717
ENTETEE,106.68515742128936
EPICONS,59.027736131934034
EMPIRAT,48.083958020989506
EXONDES,82.04122938530735
ESSARTS,111.95202398800599
EXCLURE,74.48500749625187
ENONCAS,67.91829085457272
EPIQUES,75.70914542728636
ENNUYES,88.1056971514243
ECULENT,56.661169415292356
ECANGUE,56.275862068965516
EXSUDAS,164.32458770614693
ESCARPA,79.95352323838081
EJARRAI,147.5607196401799
ENROULE,43.420539730134934
ESSUYEZ,191.5839580209895
ENCOURT,49.64392803598201
ECURIEZ,56.72938530734633
ERSEAUX,70.47976011994002
EPOUSAS,101.25262368815592
ETOUFFE,140.32908545727136
ENROUAI,36.92728635682159
EXEGETE,198.5359820089955
EGARAIS,68.25787106446776
EMECHEZ,200.83058470764618
EBOUTAT,122.3343328335832
ERRERAS,112.23013493253373
EBOSSES,198.62143928035982
ECLATAS,60.44977511244378
EMPARES,54.96626686656672
ECIMIEZ,118.48650674662669
ECLOPAT,64.17541229385307
EFFRENE,127.60644677661169
EPERDEZ,150.39655172413794
ELIDAIS,123.30584707646177
ETAMPAS,82.77736131934033
EPALENT,60.733133433283356
ETUVEES,63.026986506746624
ETUVAIT,118.28785607196401
EVOQUES,118.3815592203898
ETUDIAT,101.02023988005998
ECUMEES,56.664167916041976
ENFUTAT,92.76086956521739
ECROUAI,49.25187406296852
ESSUYAT,112.80059970014993
EBRIETE,57.67991004497751
ENCLAVA,108.92503748125937
ENCAGEE,69.29310344827586
ENROUES,31.911544227886058
EMBUENT,86.57346326836581
ENTUBER,45.30734632683658
EVENTER,59.23613193403298
ENSILAI,58.900299850074965
ENJUGUE,171.56971514242878
EXONYME,130.24362818590706
ERODONS,133.49025487256372
EJARREE,132.94377811094452
ENFANCE,110.91079460269864
EXTENUE,72.30209895052474
ENFUTAS,45.992503748125934
EMBLAVA,222.07796101949026
ENGLUEZ,88.30134932533733
ESCHARE,66.76911544227886
ENIVREZ,61.23238380809595
EGALAIS,92.38455772113943
ELIMENT,59.88455772113943
ECHOUAI,96.15967016491754
ERAILLE,63.94152923538231
ENRAYAT,74.19640179910046
EMBRASA,110.22938530734633
ECOBUEZ,126.24812593703149
ECOUTER,42.25187406296852
ERMITES,38.8328335832084
ENDURES,38.77286356821589
ENFICHE,93.11244377811094
EXERCAT,69.61244377811094
ECORCEE,85.07196401799101
ESERINE,35.771364317841076
ECACHAT,208.047976011994
ENSUIVE,46.61619190404797
ECHELER,95.56821589205397
EBROUDI,132.79310344827587
ETONNER,59.34107946026987
EPURAGE,68.76611694152923
ECUELLE,122.6184407796102
EPINAIE,72.5487256371814
EXCUSAS,120.23388305847077
ECORAIT,40.85157421289355
ENFUIES,43.651424287856074
EVADIEZ,126.11769115442279
EXCITON,85.37256371814092
ETRIPER,62.39055472263868
ENROUER,58.81259370314842
ECOBUAT,76.28335832083958
ENCLOSE,49.17466266866567
ERRONEE,72.4167916041979
ENFUTEZ,77.86356821589206
ERAFLEE,83.43328335832084
ELANCAS,58.720389805097454
EXISTES,84.81634182908546
ECAFFAT,198.3680659670165
EPINEUX,84.84332833583208
EVIDAIT,169.34707646176912
EXONDAT,95.51499250374813
ENCENSE,81.1431784107946
ENGAGEE,121.92278860569715
EXAMINE,55.06371814092954
EMPIRES,47.49625187406297
ENTERRA,64.7976011994003
EPIAIRE,66.4872563718141
ESTIMAT,74.58545727136432
EXECRAS,64.15667166416792
ELEGIES,67.95052473763118
ENRAGEZ,75.90704647676162
EXHIBAS,124.69940029985007
ENTOURE,37.25637181409295
EMPYEME,279.0607196401799
ENCAGER,52.55172413793103
EUNECTE,57.07271364317841
ENTAMEZ,64.51649175412294
ERIGIEZ,129.60494752623688
EPIDOTE,79.8095952023988
ELIMAGE,79.48200899550226
EPLORES,48.95352323838081
ENCODER,56.400299850074965
ENVOLEZ,102.24887556221888
EPUISEE,47.25712143928036
ENTOILE,40.01274362818591
EVACUAS,89.1911544227886
EBERLUE,90.23913043478261
ENCODES,55.81559220389805
EMULEES,59.63643178410795
EFFIGIE,277.1536731634183
EMEUVES,83.4512743628186
ELUDEES,76.5487256371814
ETAYONS,63.6671664167916
EXUVIES,78.70464767616193
EPURAIS,45.492503748125934
EXCISER,51.17616191904048
ECAFFER,116.70539730134932
ENFICHA,100.70539730134932
ENERVEZ,97.49400299850075
EDIFIEZ,243.51574212893553
EPAULEZ,85.88755622188906
EXAUCES,56.742128935532236
ETUDIES,51.49475262368816
ENNUAGE,91.27736131934033
EMONDAS,68.55397301349325
ETOFFAT,223.54272863568215
EVALUAS,94.18065967016491
EBISELE,72.75562218890555
ECORCER,126.25562218890555
ENROBEE,58.3455772113943
ECLUSER,44.146926536731634
ENFLEES,62.60269865067466
EPAUFRA,122.8095952023988
EPANOUI,58.015742128935536
ECORCAS,69.36056971514243
EXILERA,71.01799100449774
ENGAVEZ,123.31859070464768
EMONDEE,83.3928035982009
ECREMEZ,105.13493253373314
ELIMERA,60.967766116941526
EXHALER,96.72638680659671
ECOREES,42.061469265367315
EBATTEZ,148.51574212893553
ENFILAI,102.67016491754123
ERIGNES,41.18215892053973
EMBRAYE,118.50749625187406
EPURANT,44.026986506746624
ECUEILS,52.03973013493253
ENNOYEE,129.832083958021
ENCARTE,31.736131934032983
ESCHERA,83.15367316341829
EMBUAIS,79.29235382308846
EMMARGE,131.63643178410794
ENCULEZ,63.092203898050975
ETONNEE,72.05247376311844
EMPILAS,63.44377811094453
EXEMPLE,164.41079460269864
EDILITE,105.30059970014993
EBRASAT,71.92278860569715
ESPOIRS,94.8688155922039
EPAULAS,75.5232383808096
ENGLOBA,117.24362818590704
EBRECHE,138.73613193403298
EVADEES,97.31409295352324
ECULIEZ,74.19790104947526
EGRISAI,79.00899550224888
EMERGES,74.88680659670165
ENVERGE,93.85532233883059
ESCHIEZ,106.61619190404798
EXPIRAT,58.50149925037481
ENGRENE,110.55172413793103
EXFOLIA,126.68740629685158
EPIAGES,59.63343328335832
ELLIPSE,102.70089955022489
EMPESAI,73.7856071964018
EXPORTA,83.9167916041979
EDITAIT,199.85382308845578
EDITION,144.88680659670166
EMPIREZ,80.28185907046476
EXPLOSA,113.8688155922039
EMERGEA,96.23988005997002
EPICERA,57.97976011994003
EMINCAT,41.97001499250375
EMECHEE,197.55322338830584
EGAYIEZ,138.85382308845578
EVADAIT,140.4655172413793
EDIFIAS,153.98425787106447
EMBAUMA,255.2608695652174
ELISANT,40.788605697151425
ETOILEE,41.27286356821589
EJECTAS,83.00749625187406
EXHALEE,132.9880059970015
ENROBER,86.49250374812594
EBAUBIE,100.25412293853073
ENNUIES,45.90179910044977
EMOTTAS,80.2983508245877
ELUDIEZ,107.14167916041978
ESPERAT,48.56371814092954
ECROUTE,46.59745127436282
EBATTRA,159.58920539730136
EPANDUE,69.06371814092954
ECHAPPA,298.6304347826087
ETETAGE,130.39055472263868
EGERIES,54.408545727136435
ENFILER,48.23538230884558
EFFARAI,160.86356821589206
EPEUREE,94.42428785607197
EGRISES,71.8688155922039
ECURAIS,38.91904047976012
ECLOPAI,71.4880059970015
EBRAISE,50.25337331334333
ENGAMES,56.622188905547226
EPUISAT,44.70464767616192
EMPENAS,61.44902548725637
ESSAIME,77.32458770614693
ENFORCI,79.96176911544228
ENCRONS,77.00374812593704
ECRASAT,51.9527736131934
ENDOGES,72.85907046476761
ECUMENT,58.784857571214395
EJECTEE,152.9287856071964
EPLOYAS,104.65742128935533
ECORAIS,39.41454272863568
EMPRISE,54.045727136431786
ENLEVER,65.7023988005997
EGRUGEA,103.23313343328336
EPOUSER,50.02848575712144
ETOUPAI,55.88755622188906
EMBUSSE,142.10194902548724
EPATEES,55.27211394302849
EPIERRE,88.83583208395802
ENDAUBA,126.22188905547226
ENTEREZ,59.03373313343328
ECLATEZ,69.55472263868066
EBRUITA,57.75112443778111
EMPOTAS,59.24662668665667
ENSERRA,60.989505247376314
ECORCAT,69.17016491754123
EMERITE,54.66791604197901
ECAFFEZ,196.2256371814093
EPERDRE,163.50524737631184
EPEPINE,97.56371814092954
EMPIETA,73.38305847076462
ENTUBAT,88.90104947526237
EGARONS,48.831334332833585
ERBINES,40.35832083958021
ETRIPAS,37.622938530734636
ENTOURS,43.22938530734633
ELIMINE,76.57796101949026
EPEUREZ,97.39055472263868
EPEULAS,60.34107946026987
EPINIER,60.43553223388306
EMBOUEE,100.08020989505248
EFFACES,122.68740629685158
EXHUMES,108.99325337331334
EMMENAT,98.33658170914542
ENCULAI,42.600449775112445
ENNEADE,126.37481259370315
ENCLUME,50.46701649175412
ENCRAIT,32.37631184407796
ECLATER,41.382308845577214
ECHOUAT,84.82383808095952
EMIERAS,42.510494752623686
EXEMPTA,129.61019490254873
EXALTEZ,94.58245877061469
ERRATUM,87.23238380809595
ECIMAIT,87.32458770614693
EJACULE,93.36206896551724
EXSUDEE,105.74437781109445
EDICTAS,54.685907046476764
EXHALES,97.94827586206897
ETUVERA,70.41079460269864
EMPALAS,99.50299850074963
EMPARAT,81.74437781109445
EDENTEZ,107.68215892053973
EGORGES,91.14692653673164
EMACIAS,62.72188905547226
EMPERLE,91.00974512743628
ECROUAS,46.074212893553224
EVASURE,52.749625187406295
ENGRAVE,73.77736131934033
ECULANT,50.71289355322339
EXHUMEE,146.34932533733132
EBRANLE,55.14542728635682
ECALERA,88.13943028485757
ELIRAIT,66.64092953523239
EMMERDE,180.0344827586207
ENSILER,28.665667166416792
ERGATIF,86.12443778110945
EVITENT,118.50674662668666
ECRETEZ,75.09145427286357
ENGOUER,54.67616191904048
ENCAVER,50.900299850074965
EXTASIE,50.134182908545725
EMOULES,57.130434782608695
ENRHUMA,71.15892053973013
EPELERA,83.63343328335831
EXULTER,59.61169415292354
ENCAVAT,81.54122938530735
ENSAUVA,78.21664167916042
EXISTAS,91.95802098950524
ESSORES,110.09670164917542
ENDORMI,77.23913043478261
EPRISES,65.60794602698651
ENLISAI,57.57271364317841
ENOUENT,87.05922038980509
ECLOPEE,72.96776611694153
ECOEURA,60.52248875562219
ENCOCHE,138.36356821589206
ESSAIMS,153.3935532233883
ETAMENT,93.85907046476761
EXTRAIT,97.08170914542728
ENRAGES,41.75637181409295
ENVIDAS,66.54122938530735
ENTICHA,57.91979010494752
EMANEES,48.284107946026985
ECUMAGE,78.20764617691154
ETAIENT,66.14392803598201
EMPESTE,79.23913043478261
ENOUIEZ,54.67916041979011
ENRAGEA,69.65217391304348
EQUINES,53.045727136431786
ECTHYMA,169.83883058470764
ENCADRE,51.074212893553224
ENJOLEZ,119.77961019490255
ENFONCA,150.82608695652175
ENLIAIS,61.967766116941526
ELIDONS,79.10044977511244
ENIVRAS,35.31334332833583
ENCROUE,41.14392803598201
ENNUYAI,102.59220389805097
EXPOSAS,146.48200899550224
ENJAMBA,188.62668665667167
EPINCES,40.29010494752624
EMMELES,112.54797601199401
EXILENT,72.82458770614693
EVACUES,56.28185907046477
ETAYANT,175.64542728635683
EMULONS,74.02173913043478
ERODENT,74.49100449775112
EPURAIT,46.53373313343328
ENFARGE,78.8103448275862
ECHOUEE,94.30434782608695
EBOSSEE,115.7968515742129
ENCLINE,63.493253373313344
EFFRAYE,189.10269865067465
ETIOLEZ,61.8935532233883
EFFARAT,160.2151424287856
EFENDIS,104.94452773613193
ECHOPPE,199.0374812593703
ENLISAT,33.03373313343328
ELEVAIT,86.82308845577211
ENSERRE,62.42353823088456
ENVOUTA,74.89055472263868
ENTRERA,65.65892053973013
EPINCEE,50.09370314842579
EXAVOLT,114.62518740629685
EMBETAI,89.49025487256372
EXCUSAT,62.339580209895054
EBAVURE,86.8095952023988
ENTUBAI,51.23613193403298
ELEVIEZ,130.89730134932535
EBAUBIS,103.5944527736132
ENJOUEZ,111.81484257871064
ENOLATE,43.988755622188904
EMIRATI,76.49325337331334
ENVOIES,46.5712143928036
EVIDERA,96.4400299850075
ECOLIER,42.2256371814093
ECARTAI,52.045727136431786
EGRENER,117.93328335832084
ENROLAT,36.02473763118441
EMOULUT,149.23463268365816
ENVINEE,88.30059970014993
EMBETEZ,149.14392803598201
EBARBEE,121.05247376311844
EPUISEZ,70.21589205397301
ENVASER,43.15292353823089
ETAMPEZ,90.98200899550226
ESPACAT,73.91079460269864
ENRAYAS,65.67766116941529
ENROBEZ,79.79235382308846
ETRANGE,47.310344827586206
EMBARDE,104.88230884557721
EVINCER,46.86806596701649
ENCOURS,48.25262368815592
EVIDONS,107.44602698650675
ENDROIT,60.18365817091454
EMBETAT,154.2623688155922
ETARQUE,61.044977511244376
EPURONS,56.22113943028486
EMARGEE,85.63568215892055
ETAGENT,112.24212893553224
EGEENNE,211.2481259370315
ESKIMOS,207.94752623688157
ENCAGEA,78.21814092953524
EXPOSEE,84.35982008995502
EXERCEE,131.45277361319341
EXTENUA,68.85382308845577
ENHARDI,74.18365817091454
ETALIEZ,59.76611694152923
ENSIMEZ,55.98200899550225
EXTENSO,78.84107946026987
ECOPIEZ,82.55172413793103
ECALAIT,72.19715142428785
EXPIRER,100.50374812593704
ESSORAI,65.97976011994002
ERUDITS,67.41004497751125
ENGLACA,107.9647676161919
EPISSAS,150.7151424287856
EGAILLE,103.94077961019491
ENVOLAI,67.27886056971514
ECRITES,29.565217391304348
ENVIIEZ,116.78635682158921
EBAHIRA,129.60119940029986
ENOUONS,161.8223388305847
EMBATIT,124.64467766116941
ECLOSEZ,86.52623688155921
EMOULUE,129.38980509745127
ENCAPER,42.100449775112445
ETIOLES,36.68815592203898
EXHALAT,164.0599700149925
EGALENT,74.33583208395802
EMETTRA,103.08170914542728
EXONDEZ,143.14692653673163
EXCAVEE,118.46626686656671
EXPLORA,107.99775112443778
EBRUTES,51.113193403298354
EBRAISA,73.6544227886057
EDUQUEZ,344.82983508245877
EPARSES,66.13568215892055
EXHUMAI,127.64542728635682
EXCIPEZ,119.0
ETROITS,65.89655172413794
ERREURS,121.87031484257871
ETABLAI,99.09370314842579
EMMUREZ,130.24287856071965
ENSILES,50.25187406296852
ETABLIE,55.45952023988006
EGAYAIS,136.80209895052474
EPULIES,50.63943028485757
EPIEURS,43.634932533733135
EDENTAS,57.66341829085457
EPILOBE,90.75712143928035
ENTRENT,108.80509745127436
ELUAMES,51.796101949025484
ECURAGE,59.76611694152923
EXHUMER,109.23013493253373
ENNOYEZ,182.1889055472264
ETYMONS,101.14992503748125
ESTOMPA,72.56671664167916
EFFANER,107.66116941529235
EXTASIA,81.38455772113943
ELARGIR,97.33133433283358
EMBUANT,78.70614692653673
ENSILEE,34.29385307346327
EXPLOSE,102.6304347826087
EGIPANS,65.26911544227886
ENFUTES,44.96701649175412
ECHIONS,79.5487256371814
ESPADES,120.08620689655173
ENCUVER,50.02923538230885
ECOULAI,63.82383808095952
ENSIMER,31.700899550224886
EBORGNA,96.41079460269864
ENNOYER,106.26761619190405
EGERMER,157.91904047976013
ENFANTS,94.20839580209895
ENFLIEZ,89.95727136431785
ESCROCS,177.7151424287856
EPARGNA,93.00824587706147
EMBRYON,193.01949025487255
EBROUAI,69.50974512743628
EPUCIEZ,81.28185907046476
EPONGER,67.43628185907046
EPIGONE,68.88380809595202
ECACHAS,187.50374812593702
ENCLISE,37.05547226386807
ECROUTA,54.844077961019494
EMPORTE,60.75112443778111
ERRIONS,65.21664167916042
EXCIPES,71.56146926536732
ENFUMEZ,102.15067466266866
ERUDITE,56.95802098950525
EMPESES,128.9025487256372
ELAGUEE,82.51349325337331
EPUCAIS,57.64392803598201
EMBOLES,83.95202398800599
ESCARPE,50.583208395802096
EQUIPEE,92.7968515742129
ENCRENT,65.85157421289355
ENJOLAI,78.94977511244377
EPALANT,81.21139430284857
ECULAIS,51.899550224887555
ETETIEZ,118.69565217391305
EPLOIES,53.30809595202399
ENUMERE,51.13193403298351
ENCHERI,65.90179910044978
ELUTION,69.31709145427287
EXPIREE,70.68065967016491
ETOURDI,71.15892053973013
EUNUQUE,265.1994002998501
EMPORIA,65.14092953523239
EPOUTIR,54.86356821589205
EMMURAS,76.06371814092954
ELOIGNE,60.68815592203898
ENCLINS,73.97151424287856
EPARQUE,80.54647676161919
ETABLIS,55.36806596701649
ECTOPIE,50.14842578710645
ELANCAT,67.47001499250375
ENCRAGE,50.84782608695652
ELIRIEZ,89.06521739130434
EMACIER,42.39805097451274
EMANANT,117.08095952023989
ENTOIRS,34.14167916041979
ESPACEE,64.50824587706147
EJARRAT,150.43253373313343
EBROUER,112.6424287856072
EPULONS,79.35532233883059
ENFLONS,159.49025487256372
EMIASSE,72.53898050974513
EGARIEZ,75.49175412293853
ETRILLE,59.35607196401799
ENDUIRA,51.06371814092954
ELOIGNA,65.85007496251875
ENGERBA,85.6304347826087
EDICTAI,106.63568215892055
ENVIRON,112.4527736131934
EMISSIF,295.6064467766117
EOSINES,58.322338830584705
EXONDEE,101.08920539730136
ENJOINS,126.54197901049476
ECHAUMA,159.48500749625188
EXPRESS,133.96776611694153
ELIMAIT,101.12143928035982
ENIELLE,77.97151424287856
EVECHES,129.00224887556223
EPERDRA,150.73313343328337
ENFAITE,50.373313343328334
ENGOBAI,83.21739130434783
ELODEES,74.51424287856072
ECORCAI,75.5352323838081
ENDURAI,45.30659670164918
EXULTET,112.51424287856072
EXEGESE,198.51724137931035
ESTIMER,38.430284857571216
ECHELAS,84.3343328335832
ELONGEA,69.85607196401799
ERAIERA,102.3695652173913
ENDIVES,64.20989505247377
ENUMERA,50.44527736131934
ERRERAI,125.14167916041978
EVASEES,111.33658170914542
ENFERME,83.01349325337331
EXCITER,49.66791604197901
ENLACAI,60.78260869565217
EXCLUES,70.53148425787107
ETIRAIT,101.95727136431785
EMMENEZ,178.87706146926536
EMPESAS,122.21139430284857
EMBRASE,70.33208395802099
ENNEMIE,82.51724137931035
EPURGES,55.43628185907046
ETUVAIS,60.43178410794603
EMBOUES,83.07571214392803
EXULTEZ,105.24737631184408
ESSORAS,118.90179910044978
EVACUAI,100.32683658170914
EMPANNA,149.72038980509745
ELANCER,40.15217391304348
EQUIPES,78.88905547226386
EXOGAME,120.63193403298351
ETIREES,33.374062968515744
ENONCAT,74.81934032983509
ECRIONS,42.26761619190405
ENCUVAS,52.53448275862069
EMIETTE,92.904047976012
ENTAMAT,108.7976011994003
ENCAQUA,110.77211394302849
EGAYONS,99.55172413793103
EPRITES,36.117691154422786
ELABORA,118.13343328335831
ENVAHIS,71.4880059970015
ETOUPER,47.34632683658171
EDITAIS,106.25637181409296
EMULAIS,57.77061469265367
ENCARTS,30.90629685157421
EPERLAN,56.125937031484256
EMULIEZ,83.69265367316342
EMBOUEZ,144.1289355322339
EMINCES,37.758620689655174
ESPECES,104.31334332833583
EXIGIEZ,205.16716641679162
ECACHES,115.18665667166417
EPINCAT,43.8815592203898
ETENDRE,64.47376311844079
ENTUBEE,55.357571214392806
EBLOUIS,101.39205397301349
EFFANEZ,180.6281859070465
EPEISTE,57.207646176911545
ETUDIAI,103.82383808095952
EMOTTEE,94.37931034482759
EXIGUES,67.63793103448276
ENGAGES,83.0119940029985
ENDENTE,117.91004497751125
ENIVRER,64.69940029985007
ENFUTAI,53.545727136431786
EXERESE,124.06521739130434
EMMELAS,106.58920539730136
ETETAIT,160.52098950524737
EXABITS,75.74062968515742
EROTISE,40.35982008995502
ERIGENT,58.93103448275862
ERUCTAS,39.18740629685158
ECLUSEZ,78.75262368815592
ENROUEE,39.583958020989506
ECOTONE,82.61694152923538
ETAMANT,125.54047976011994
EPAULEE,65.06371814092954
EDIFIES,143.79835082458771
ENDURER,75.07496251874063
ETEULES,47.676911544227885
ESPERAI,52.450524737631184
ENVIONS,111.21064467766116
EXHUMEZ,194.3313343328336
ENLIENT,75.68890554722638
ECACHER,121.74437781109445
ENRAGEE,63.61694152923538
ERAFLES,61.24512743628186
EPOINTA,49.03673163418291
ECHAUDA,190.57271364317842
ENCIRER,45.53898050974513
EGORGEA,112.1056971514243
EVINCAI,98.57571214392803
ELISION,108.27361319340329
EMPANNE,93.45952023988006
ENTIFLE,58.32533733133433
ENRAYEZ,82.96551724137932
ENGOUEE,66.12068965517241
ECLOREZ,73.71589205397301
ENTETAS,58.08695652173913
EPEIRES,46.69790104947526
ECCEITE,84.49100449775112
EMBREVA,124.79085457271364
ECHASSE,124.6911544227886
ESCHENT,78.1904047976012
ESTARIE,32.03898050974513
ESPIONS,100.29160419790105
EDICTEZ,88.095952023988
EPLOYAT,100.72788605697151
EMPILER,56.374062968515744
ECHARPA,147.64467766116942
ELUEREZ,86.20389805097452
ENTAMER,39.271364317841076
EPURENT,48.164167916041976
ETABLAS,86.65142428785607
EMBUMES,136.571964017991
EGALONS,65.3440779610195
EGRENAT,56.519490254872565
EGRENES,57.09745127436282
ELISENT,48.625937031484256
EMIGRAI,101.63268365817092
EPICAIT,94.38830584707647
EGRISER,71.79235382308846
ESTIVES,83.72488755622189
EMPENNA,117.44827586206897
ENTRIEZ,40.03298350824588
ENERVES,50.17616191904048
ECRIAIT,60.15217391304348
EMIATES,39.19790104947526
EVERTUA,69.32083958020989
ELONGEZ,107.6656671664168
ECHELAI,96.80284857571215
EDENTEE,108.35307346326836
EMPENEE,125.71814092953524
ENGOULA,87.23913043478261
ECHAUDE,113.83058470764618
EPALERA,101.39055472263868
ECHAPPE,172.10419790104947
ETOFFES,111.72188905547226
ENTARTE,48.05172413793103
EGRISEZ,71.82008995502248
ENDEVEE,169.19565217391303
EPANDRA,102.66041979010495
EXECRES,70.90104947526237
EMPATEZ,93.13718140929535
EJOINTE,65.40854572713643
EMBOUTA,109.33358320839581
ELECTRO,63.784857571214395
ENGAMER,62.20089955022489
ECATIES,33.6551724137931
ERAILLA,109.75187406296851
ECRIVIS,103.47001499250375
EGERMES,76.32608695652173
ECRETEE,75.79535232383807
ENJOINT,139.56596701649175
ENROULA,52.00974512743628
EPAMPRA,188.74662668665667
ECOSSAT,73.47001499250375
EMPATHE,95.06596701649175
EMPILES,59.97376311844078
ENGERBE,89.85007496251875
ENLIAIT,66.62218890554723
EBOURRE,116.82908545727136
EVASANT,83.36431784107945
EXPEDIA,132.2263868065967
ECCRINE,54.38755622188906
EXTUBAS,90.01649175412294
ENTHESE,68.12668665667167
EBARBES,85.53898050974513
ETALONS,41.29910044977511
EPANDRE,60.21739130434783
ESPEREZ,99.81634182908546
EMBRUNI,75.6896551724138
ENGLUAT,54.788605697151425
EXPIRES,57.673163418290855
EXIGENT,92.3215892053973
EFFANEE,143.10119940029986
ETAYIEZ,88.20389805097452
ETETANT,152.85082458770614
ECHANGE,99.14692653673164
EMPARAS,78.52248875562219
EVIDAGE,125.88680659670165
EPISSEZ,124.97976011994002
ECLUSES,78.72863568215892
ERGOTAI,55.757871064467764
EPISSER,69.19940029985007
ECRASAI,53.93478260869565
EVOQUEE,139.93553223388307
ERAYANT,93.11094452773614
EPERDUS,80.8343328335832
EPANDES,59.2856071964018
ECHALAS,114.59970014992504
EFFAREE,142.81334332833583
EMPILAI,123.28860569715143
ESSUIES,109.81559220389805
EFFACAS,189.24287856071965
ECHAMES,85.1896551724138
ENJOUEE,78.82458770614693
EPATONS,47.52848575712144
ENCORDA,66.88230884557721
EPOUTIS,56.1071964017991
ECRIRAS,51.023988005997005
ENERVAI,53.73688155922039
EQUANTS,66.03898050974513
ENDUISE,47.96176911544228
EVERITE,63.510494752623686
ENTASSA,81.9985007496252
EPILANT,52.50299850074963
ETRENNA,66.64392803598201
ECOSSAS,154.35532233883058
ETUVIEZ,83.68365817091454
EMMUREE,99.86131934032983
ECROULE,56.68215892053973
EGRUGEE,123.21889055472263
ETENDES,59.00524737631184
ELUDENT,84.32833583208395
ENTAMEE,52.3095952023988
EMBUAIT,84.39505247376312
ENVIENT,105.08470764617691
EFFENDI,222.1304347826087
ECRASEZ,62.99475262368816
EMPATTE,99.65367316341829
EQUEUTE,170.50899550224887
ECOULES,53.35607196401799
EBORGNE,83.99175412293853
EVAGINE,70.9527736131934
ESQUIFS,254.93328335832084
EMPEGUE,137.4737631184408
EFFILER,109.31934032983509
ENSELLE,84.03448275862068
ESSEULE,97.45802098950524
EXPIENT,80.39730134932533
ETRECIT,70.20614692653673
ECREMAI,55.45727136431784
EMBOUTS,112.97151424287856
EMOTTEZ,133.05472263868066
ELARGIS,49.44752623688156
EPERONS,49.976011994002995
ECORCES,66.48950524737631
EXEDRES,98.43703148425787
ESTOQUA,94.2631184407796
ENSIMEE,38.776611694152926
ELAGAGE,187.74437781109447
ECLATEE,53.1071964017991
ERUCTES,37.742128935532236
ENROCHA,77.41754122938531
EPEULAI,69.89730134932533
EXERCAI,70.7728635682159
EXECREZ,136.5487256371814
EHONTES,55.46101949025487
ECULAIT,54.2616191904048
ENTACHA,101.61319340329835
EPINARD,70.41379310344827
ENGLUAS,49.3815592203898
ELAGUEZ,107.53148425787107
EMBUIEZ,116.72938530734633
ECREMAS,49.31559220389805
EMANCHE,78.92503748125937
ENRENAS,53.968515742128936
ELEVONS,83.95352323838081
EFFACAI,207.6664167916042
EPIIONS,93.70989505247377
EBONITE,58.12368815592204
EMIGRAS,50.66266866566717
ECONOME,102.81709145427287
EXAEQUO,154.50524737631184
EXTRAIS,52.339580209895054
ENLISEZ,49.55472263868066
EMIRIEN,61.434032983508246
ETOUPEZ,81.51424287856072
ECRIENT,37.544977511244376
EULOGIE,80.55172413793103
EMMETRA,104.82083958020989
ESCOBAR,65.39505247376312
EDUQUEE,249.95727136431785
ECROUES,42.08545727136432
EMETTES,94.37256371814092
EVASAIT,86.0232383808096
EXONERE,69.7368815592204
EFFORCA,165.8433283358321
EMMETRE,105.29985007496252
EGRUGES,87.51799100449774
EGARAIT,75.94827586206897
EMPALEE,89.32008995502248
ENTRAVA,74.94227886056971
EBRASAI,73.48425787106447
ERRAMES,72.25412293853073
EPATIEZ,67.72413793103448
ECRETAS,38.22113943028486
ENNEIGE,103.9985007496252
ENFILES,48.561469265367315
EDICULE,73.83133433283358
ECHINAT,57.62368815592204
EMOUVEZ,126.04572713643178
ECUISSE,67.25412293853073
ESCADRE,59.250374812593705
EMEUTES,55.203898050974516
EVALUAI,106.81484257871064
ENJUGUA,196.20614692653672
ETUVEUR,122.63568215892055
EVALUES,59.7743628185907
EFFILAS,123.24062968515742
ECLUSAT,44.79385307346327
EPIERAI,84.91454272863568
ELONGES,58.930284857571216
ENCUVAI,58.44977511244378
ENGOULE,76.40929535232384
ECURENT,42.14767616191904
ETUVANT,112.523988005997
ESTAMPE,61.865067466266865
EXECUTE,93.07196401799101
EXERCEZ,134.50974512743628
ECHELEE,168.15067466266868
ETRIPEZ,58.06521739130435
ENLISER,27.842578710644677
ETETAIS,79.84707646176912
ENLIERA,39.68740629685158
EXPIREZ,95.73988005997002
EXECREE,133.19265367316342
EGAILLA,179.1686656671664
EVADANT,137.31409295352324
ESTIMEE,46.94827586206897
EXTREME,87.45352323838081
EXTRADE,79.58620689655173
EBOSSAI,116.70764617691154
EGRUGER,173.8568215892054
EXAUCAI,98.62368815592204
ENTERAS,31.209145427286355
ENROLER,59.62968515742129
EMBOUER,83.08095952023989
EMARGES,56.553973013493255
EMPALMA,228.33883058470764
ELAPIDE,77.54497751124438
ETAMEUR,53.67991004497751
EMERGEZ,152.23013493253373
EXILAIT,124.69265367316342
ELONGEE,77.73388305847077
EXTASES,95.64467766116941
ECOBUES,73.34932533733134
EMBUERA,97.63568215892055
EXCIPAI,141.13943028485758
ECTASIE,34.373313343328334
EBAVURA,151.76611694152925
ENSIMAS,57.93103448275862
ETONNAI,68.83133433283358
ENVAHIR,70.11244377811094
ENTONNA,143.62368815592203
EXAMENS,72.05547226386807
ECHELLE,205.97826086956522
EMMELEZ,217.70689655172413
EMOTTER,77.39655172413794
EGARANT,76.22488755622189
EFFANAT,170.7143928035982
EBROUEE,73.6191904047976
EBOUZER,108.28785607196401
ENOUAIS,40.13718140929535
ETABLEZ,96.42128935532234
ENTERAI,35.54422788605697
EFFANAS,150.92203898050974
ETAMPAI,94.0127436281859
ECARTES,31.343328335832084
ESSOREE,69.35532233883059
EXAUCAS,89.02698650674662
ESTIVEZ,79.9887556221889
EPEURES,50.814842578710646
EXISTER,46.64092953523238
ENTATES,49.02473763118441
ESSUYAI,123.05697151424287
EPATAIS,69.8343328335832
ECLOPES,61.74887556221889
EMECHAS,97.58470764617691
EDICTES,52.47151424287856
ENRAYES,47.006746626686656
ENGLUEE,65.7016491754123
ECRIVEZ,77.54047976011994
EPHORAT,70.04647676161919
EMPESER,72.76986506746627
ECIMAGE,67.65067466266866
EPINAIS,78.14467766116941
EPISSAI,150.8335832083958
ETABLEE,72.9167916041979
EMIETTA,91.83808095952024
EBROUEZ,104.3343328335832
EXPOSEZ,128.1304347826087
EGALERA,123.33808095952024
ESTIVAL,63.21289355322339
EPELANT,65.19790104947526
EXPIRAI,111.06671664167916
ENGOBER,78.63568215892055
ETENDIT,124.5232383808096
ETIRONS,34.26386806596702
ENCIRAS,25.625187406296853
EDITEUR,65.95352323838081
ECOURTA,52.437781109445275
ESTIMEZ,66.36131934032983
ECATIRA,56.54872563718141
EVADAIS,125.0112443778111
EXHIBAI,236.3463268365817
EPAUFRE,70.53073463268366
EMBATTU,162.19865067466267
EMPAREE,79.10419790104947
ENDAUBE,78.54272863568215
EFFACEE,165.50674662668666
ELUCIDA,85.92653673163419
EXTRUDE,82.53298350824588
ELARGIT,52.369565217391305
ENLEVAS,58.65292353823089
ESTOMPE,65.72038980509745
ENCODEZ,97.54197901049476
ENFUMAI,68.3688155922039
ECHATES,64.63868065967017
ENTABLE,54.323088455772115
EBATTRE,89.23538230884557
ETUDIEZ,86.94527736131934
ETOFFEE,132.0607196401799
EUGENOL,103.37331334332833
EXSUDAI,99.66116941529235
EDUQUER,196.4535232383808
EMARGER,114.30209895052474
ECLORAS,44.96926536731634
EMONDES,64.60269865067467
EPIGEES,71.56296851574213
ETOILEZ,61.92728635682159
ENVOLEE,71.7368815592204
ECHELAT,89.78935532233884
EJACULA,164.60344827586206
ECHERAI,77.80659670164917
EPEURAT,48.579460269865066
EUGLENE,86.7143928035982
EBAUDIT,88.56596701649175
ESTIMES,69.56671664167916
EVINCEZ,84.06446776611695
EBRASER,87.97301349325338
EDICTEE,62.55097451274363
EGAIERA,89.52623688155921
EXECUTA,88.28785607196401
ENLIONS,81.92803598200899
EMBOSSA,159.2968515742129
EPICANT,48.083958020989506
EMBATTE,125.07571214392803
ETAMEES,51.82383808095952
EPISSES,141.38155922038982
EMBAUME,152.46776611694153
EMPESEE,126.19265367316342
ETAYEES,71.0599700149925
EBAUDIR,86.18665667166417
EMPERLA,84.36431784107945
EMACIEZ,72.12293853073463
EUGENIE,66.56821589205397
ESCIENT,42.88830584707646
EQUERRA,148.4025487256372
ENGROIS,53.24512743628186
ECOBUAI,85.02098950524737
EGALANT,99.55922038980509
ECORNAT,36.19265367316342
ENDURAS,40.180659670164914
EPONGEE,83.92728635682158
ETALIER,34.511244377811096
ENFOUIE,63.946776611694155
EFFANAI,164.68440779610194
ECROUIS,49.685907046476764
ETUVONS,76.25787106446776
ETAMAIS,64.19940029985007
EVENTAT,115.11319340329835
EBOULAT,82.65517241379311
ENCODAS,59.45652173913044
ENGONCA,132.48125937031483
EVITAIT,193.07871064467767
EMOULUS,154.191904047976
EPUISER,39.326836581709145
ENVASAS,115.90029985007496
ENCENSA,74.92578710644678
EPAISSE,71.80284857571215
EPRIMES,47.08695652173913
ETRIPES,36.53823088455772
ECLAIRS,38.032233883058474
EQUIPAS,83.68365817091454
EPOQUES,97.71964017991004
EPEURAS,46.29910044977511
EPINCEZ,68.93328335832084
ESSAIES,107.67166416791605
ENVIDAI,131.44152923538232
EMBREVE,130.6806596701649
ENSABLE,54.09370314842579
EMPESAT,66.80509745127436
ENCIRAI,48.36281859070465
ENRUCHA,67.78260869565217
EVITIEZ,141.09295352323838
EPLUCHE,115.0472263868066
ENCLORE,42.87031484257871
ENDEVES,86.73463268365818
EXPERTE,90.97451274362818
ENUCLEE,47.3335832083958
EPATAIT,134.3463268365817
EPSILON,80.52698650674662
ETAYAIT,180.952023988006
EPALEES,62.32533733133433
EMINENT,86.5359820089955
ENSIMES,55.27286356821589
EPANCHE,78.87481259370315
ECIMAIS,83.08920539730136
ENCULAT,39.934032983508246
ENJOUAT,74.14017991004498
ECZEMAS,80.0232383808096
EXCUSEZ,108.03673163418291
ENSILAT,33.579460269865066
ELEVERA,100.74062968515742
EXONDAS,89.02248875562219
ECALONS,47.14542728635682
ECAILLA,127.57946026986507
ENGOUAI,61.01274362818591
ECALIEZ,65.85082458770614
EPELENT,73.9985007496252
EGERMEZ,154.3448275862069
ENCHERE,76.76011994002998
ENTRAIT,53.088455772113946
ENNOYAT,121.42128935532234
ELUDAIS,77.9512743628186
EGAYANT,151.96776611694153
EUTEXIE,70.68290854572713
ETROITE,56.67016491754123
EBAUCHE,112.21814092953524
EVACUEE,76.4647676161919
EBROUAS,64.68815592203899
EBRASES,86.27211394302849
ENTOLES,37.006746626686656
ECLISSE,75.00524737631184
ECOTEES,46.823088455772115
EMIGRER,95.58170914542728
ENGAVER,74.48950524737631
ECOULEE,61.69790104947526
ENTONNE,131.62293853073464
ECHOUES,81.44377811094452
EBOULER,78.29310344827586
EMANIEZ,61.510494752623686
ECORCHE,137.46176911544228
EPILERA,61.26761619190405
EMBARGO,133.36431784107947
ENCUVEZ,87.82308845577211
EVOQUER,116.05697151424287
ELIMIEZ,134.428035982009
EPINEES,44.38605697151424
EMBARDA,171.07721139430285
EBISELA,74.4640179910045
ESCLAVE,70.8095952023988
ENFLERA,76.50374812593704
ESPACAS,134.6799100449775
ENTUBES,45.83733133433283
ETIAGES,43.88005997001499
EUROISE,41.189655172413794
EXPORTS,87.72263868065967
EVENTRE,61.12143928035982
ELAGUAI,103.40179910044978
ENSUIVI,103.82083958020989
EPINGLE,72.08470764617691
ENDUITE,47.64767616191904
ECRIANT,32.67166416791604
EGERMAI,78.119940029985
ESTIVAI,97.30584707646177
EMBATIS,65.26611694152923
ENERGIE,54.01349325337331
EMMURES,72.21889055472263
EMONDAT,73.34782608695652
ENGOBES,71.7023988005997
EPILEUR,61.561469265367315
ETONNES,58.408545727136435
ENSILAS,53.59895052473763
ELIMANT,51.48275862068966
EMBRUME,140.98350824587706
EXCRETA,76.8440779610195
EVOQUAS,129.5974512743628
ELEVURE,89.66641679160419
ETAYAGE,138.7968515742129
ETERNUA,42.64767616191904
EDIFIEE,165.0112443778111
ECARTAT,93.92728635682158
EPALONS,56.30284857571215
ENDETTE,107.32683658170914
EMPENAT,66.2128935532234
ELUERAI,48.35232383808096
ENTIFLA,61.71289355322339
EUSKARA,119.82083958020989
EXPOSES,132.7826086956522
EPINERA,47.689655172413794
ENVIAIS,83.99775112443778
EFFACER,127.52923538230884
ENGEOLA,83.4880059970015
EXALTES,55.73013493253373
ENNUYAT,101.87331334332833
ESCHAIS,131.06596701649175
ENVASAI,67.10944527736132
EMPLIRA,69.88980509745127
ENRUCHE,57.65817091454273
ENVIEES,47.36806596701649
ETETONS,83.78485757121439
EPICEES,52.80209895052474
ENVIAIT,90.380059970015
EMERGEE,151.53898050974513
ECLUSAI,50.74362818590705
EHONTEE,66.67916041979011
ENTIONS,70.07796101949026
EPANDIT,65.85157421289355
ELISIEZ,111.71739130434783
EPEULAT,63.79010494752624
EPIERAS,44.97976011994003
ERGOTER,91.97901049475263
ESSAYES,203.13943028485758
EVALUEZ,108.5359820089955
ECLISSA,78.94227886056971
EVALUAT,103.72038980509745
EPUCENT,60.50974512743628
EMAILLA,145.1769115442279
ELISAIS,140.58470764617692
EPLOYER,94.51349325337331
ECORENT,45.775862068965516
EBOSSAS,214.06296851574214
EBOULES,79.83583208395802
EMECHAT,106.98575712143928
EGRUGEZ,161.03823088455772
ECOPANT,60.21814092953523
EXEMPTS,123.43178410794603
EXORDES,75.36506746626686
EVALUEE,80.75937031484258
ERODAIS,63.911544227886054
EMMOTTE,163.5742128935532
ENCUVEE,64.06521739130434
EMPOTAT,109.88755622188906
ELUASSE,77.32983508245877
ELECTIF,101.35832083958022
EPINAGE,62.61994002998501
ENCORDE,56.33808095952024
ERAYEES,73.40704647676162
ENTERRE,62.276611694152926
ESSORER,105.39655172413794
EPEPINA,95.32533733133434
EXCUSES,110.00674662668666
EFFARAS,146.73088455772114
ENDUROS,68.06521739130434
EMPECHE,165.57721139430285
ESQUIVE,101.74437781109445
EPUREES,49.1904047976012
ENCRINE,48.67541229385307
ERINYES,47.595952023988005
EVIDAIS,165.15892053973013
ENRENEE,112.30659670164917
EVEILLA,144.17316341829084
ECORONS,83.880059970015
EMONDEZ,114.95427286356822
EPUCAIT,58.733133433283356
ENONCER,65.80284857571215
ENCAGEZ,84.56746626686656
ENTETEZ,102.54647676161919
EQUILLE,150.57871064467767
EMBLAVE,124.90854572713643
ECAFFEE,147.67241379310346
ECROUIE,42.34707646176911
ENTRAXE,43.434032983508246
EDICTAT,101.84932533733134
EVASIEZ,82.20539730134932
EPATEUR,54.74812593703148
ENRAGER,84.00374812593704
EGLOGUE,166.29010494752623
ENTOURA,45.64992503748126
EMBATES,69.02923538230884
EDIFIAI,306.976011994003
ELABORE,72.09820089955022
ENFERRA,110.01874062968515
EXPIANT,68.9287856071964
EMBOUTE,97.22263868065967
EMIIONS,83.93703148425787
EBAUCHA,200.15217391304347
EXPIIEZ,180.3343328335832
EPLOYES,98.49775112443778
EXTUBEZ,144.98950524737631
EMERGER,155.7496251874063
EPILONS,64.79085457271364
EMBALLE,158.3223388305847
EMPIRAI,92.21889055472263
ECOUTAT,82.20989505247377
ESTIVEE,54.58095952023988
ECAFFAI,198.83508245877061
ENJONCE,146.9625187406297
ENFUMEE,75.14542728635682
ECOPERA,69.75487256371814
ERAIENT,36.06746626686657
ECOURTE,44.450524737631184
EBOUERA,89.80209895052474
EMPATTA,175.46851574212894
ENFOUIR,72.0112443778111
ECUMAIT,55.827586206896555
EMBUCHE,159.08995502248877
ENVIDEE,79.39955022488756
EVIDIEZ,223.76011994003
ERRANTS,55.0007496251874
ETUDIEE,61.64917541229385
ENVOILA,69.36206896551724
EXHALAS,152.89655172413794
EMPAFFA,341.12443778110946
ELISONS,89.5944527736132
ENRENAT,62.096701649175415
ECIMENT,53.48725637181409
EFFILAI,242.81559220389806
EBOUTEZ,108.18890554722638
ERUPTIF,96.8928035982009
EPISOME,67.8575712143928
EVENTAS,57.29910044977511
ENROLAI,37.156671664167916
ENRICHI,113.06971514242879
ERIGEAT,58.66341829085457
EMIGREZ,89.65817091454272
EXCEDAS,104.94452773613193
ENVIEUX,92.43103448275862
EMPESTA,73.63868065967017
ECOPONS,125.85232383808096
ENTRANT,99.7383808095952
ENDOGEE,97.83583208395802
ETABLIT,108.86356821589206
ENTETAI,69.02248875562219
EGRISAT,42.91079460269865
EXAGERA,159.6536731634183
EBOSSAT,105.56371814092954
ENORMES,34.468515742128936
EPAULAT,79.83208395802099
EXHUMAS,117.45652173913044
ECACHEZ,203.01724137931035
EGLISES,92.13718140929535
EGRAINE,44.257871064467764
EGRENEE,113.54347826086956
EVIDOIR,189.27286356821588
EBOULIS,98.3343328335832
EMERISE,54.77886056971514
EPHORES,68.75637181409296
EMPLUMA,169.380059970015
EMPOTES,58.087706146926536
EXCEDER,121.67691154422789
ETAMAIT,132.50974512743628
EMPENNE,126.4880059970015
ETRENNE,65.97226386806597
EMOUSSE,98.41154422788605
EDITANT,104.16341829085458
EPEULES,62.84707646176911
EPERVIN,78.62293853073463
EGALIEZ,95.02248875562219
ERIGEAI,102.46101949025487
ERABLES,54.85232383808096
ENCOURE,40.925787106446776
EVOLUAT,78.28485757121439
EMACIES,41.24887556221889
ESSARTE,60.23388305847077
EXISTEZ,82.17691154422789
EXCORIA,65.68440779610195
EVOLUAI,87.8568215892054
ENTETES,56.87631184407796
ECULERA,61.69790104947526
EXULTAT,122.15517241379311
ECUMAIS,52.723388305847074
ECORIEZ,56.67166416791604
EMBARRE,125.1056971514243
ENRAYAI,71.50974512743628
EDIFIER,137.5487256371814
ENDUIRE,43.22713643178411
EGERMAS,68.57721139430285
ELUATES,39.76011994002999
EBAUBIT,108.10344827586206
ECORCHA,159.90104947526237
ENSTERE,39.79385307346327
ECHOUAS,90.50224887556222
EPITOME,67.50449775112443
ENHERBE,94.7503748125937
EMULAIT,62.39655172413793
EMBOLIE,89.97076461769116
ENSIMAT,36.85232383808096
EMIERAI,82.17241379310344
ETONNAT,121.61469265367316
EPIAMES,55.18815592203898
ETOUFFA,153.99025487256372
ESPRITS,82.61694152923538
EPOUTIT,104.42728635682158
ECLATAI,68.7031484257871
ENNUYEE,114.40029985007496
ESTOQUE,86.30809595202399
EUBAGES,87.37931034482759
ENNUYER,90.46776611694153
EMPLUME,147.44827586206895
ECROUIT,47.88905547226387
EGAYERA,184.0464767616192
ERODEES,64.92803598200899
EXISTAI,100.61244377811094
EXAMOLE,91.93703148425787
ERRATAS,77.28635682158921
ECARTEZ,53.06896551724138
EMPOCHA,149.67316341829084
ECRIVIT,98.07496251874063
EXERCES,69.24887556221888
ENGAVAT,114.69415292353823
EMPILEE,72.90329835082458
ETENDUS,66.8343328335832
EFFLUVA,272.756371814093
EJARRER,189.64617691154422
EFFRAYA,323.93403298350825
ELUCIDE,77.10269865067467
ENTETAT,124.04197901049476
EFFORCE,140.5569715142429
EXTUBAI,97.42053973013493
EGAIENT,56.44977511244378
ECUYERS,78.04572713643178
ENLACER,38.844077961019494
ENGLACE,64.47976011994002
ENGAMAS,81.68140929535232
EVITANT,101.30059970014993
EREINTE,39.377061469265364
EVACUER,58.80734632683658
ECACHEE,154.73313343328337
EMETTEZ,171.1791604197901
ENTICHE,54.64017991004498
ENTRURE,47.09745127436282
EGRAINA,65.61544227886057
ESCRIMA,44.70014992503748
EMBOUTI,111.42353823088456
EMIGRES,49.79460269865068
ENCOLLE,90.71589205397301
ENNOBLI,152.33508245877061
ECHAULA,147.9647676161919
ENLEVEE,119.57496251874063
ELIDERA,73.3943028485757
ENTETER,58.82983508245877
ENTAQUE,61.377811094452774
ESPERAS,83.62518740629685
ETALAIS,59.070464767616194
EVENTEZ,105.66416791604198
ENJOUER,65.6904047976012
EROGENE,75.06596701649175
EMBOUAS,90.64542728635682
ENTITES,44.93103448275862
ECAFFES,110.57046476761619
ENRHUME,59.912293853073464
EMMENAS,87.80134932533733
EXPIAIS,135.16116941529236
EPICENE,54.377811094452774
ENFUTEE,55.49475262368816
ENCRAIS,30.29535232383808
ENCAVEZ,86.84032983508246
EMMENES,93.18365817091454
ETIRAGE,45.2383808095952
EMINATI,82.32083958020989
EPILAGE,80.38980509745127
EJARRES,90.08470764617691
EMBRELE,100.51799100449774
ETIOLER,35.12818590704648
ENTRAIN,57.23088455772114
EGALISE,59.12368815592204
ECRIEES,36.5
ETANCON,85.52248875562219
ECACHAI,205.66341829085457
ETARQUA,105.3455772113943
ESTIMAI,78.52623688155921
ECHEREZ,149.08020989505246
EJECTAI,94.53073463268366
EXCIPAT,73.57421289355322
EPAMPRE,109.89880059970015
ENTOLEZ,62.89880059970015
ETAMBOT,156.92503748125938
ENGRELE,70.50974512743628
ECOPAIT,58.01724137931034
ECREMEE,103.1056971514243
EPATERA,89.64392803598201
EBRASEE,65.49550224887557
EPOUSAT,50.36206896551724
EXCITAI,103.0127436281859
EMIAMES,73.81784107946027
ENDETTA,105.71364317841079
EGRENAS,51.377811094452774
ETUVAGE,83.83508245877061
EXCEDEZ,212.93553223388307
ENGAGEZ,148.97076461769115
EPOUSEE,58.03673163418291
ETENDRA,64.26011994002998
EMPAUMA,198.7608695652174
EVADENT,102.06596701649175
ETAMPEE,72.85307346326836
EBLOUIE,88.5487256371814
ETIRAIS,54.25187406296852
EXERGUE,122.28860569715143
ETOILER,35.15817091454273
ENFUYEZ,146.7998500749625
ENVOLAT,65.28935532233884
EQUIPEZ,132.41829085457272
EXCISAI,107.28410794602699
ENDEVER,93.25187406296851
EXOBASE,102.13193403298351
ECLORAI,48.80734632683658
ENCEINS,63.38005997001499
ETIQUES,56.672413793103445
ENGOBAT,83.92803598200899
ESPADAS,181.38755622188904
ENFANTA,158.84107946026987
ENLACES,36.70464767616192
ESCORTA,46.79985007496252
ESBAUDI,94.89205397301349
ENTOLER,36.84782608695652
EBRUTAS,50.99400299850075
ETEIGNE,57.61169415292354
EXPOSAI,84.23163418290855
ENFANTE,98.13418290854572
ECHEENT,90.94452773613193
ENTOLAT,72.60119940029985
EVZONES,90.2368815592204
ENERVAS,46.69415292353823
ENJOLEE,84.86131934032983
EMPIRAS,48.672413793103445
EPUCANT,55.117691154422786
EMURENT,47.775862068965516
EMPILAT,63.30434782608695
EGAYENT,112.81334332833583
EXPULSA,103.39730134932533
ECIMEES,48.310344827586206
EMBATUS,79.5232383808096
EPACTES,44.75712143928036
EXHORTA,109.37106446776612
ENFUIRA,53.1071964017991
ECHARNA,94.45352323838081
ENLACEZ,65.70014992503748
ERGOTEZ,85.54647676161919
EMARGEA,99.57946026986507
ENONCES,64.0712143928036
EPONYME,116.7256371814093
EPROUVE,75.98650674662669
EPINGLA,78.96551724137932
ETUDIER,49.810344827586206
EXPEDIE,140.45577211394303
ENCRIEZ,44.22263868065967
EBOUTES,65.8343328335832
EGRENAI,57.907796101949025
EMPORTA,71.20689655172414
EPOUSAI,58.934032983508246
EVACUAT,98.79085457271364
EXHIBER,113.64392803598201
ENLAIDI,99.34257871064467
EOCENES,50.32608695652174
ECUMEUR,111.43253373313344
EMPOTER,55.90554722638681
ETALAIT,119.4055472263868
ECOEURE,57.476011994002995
ELIDAIT,126.7128935532234
EOLIENS,50.64017991004498
ENGAMAI,90.87181409295353
ENCIREE,32.0119940029985
ELAVEES,73.84257871064467
ENGAMAT,92.99625187406296
EMBOUAI,98.2368815592204
ETOUPAT,92.59370314842579
EGAREES,61.310344827586206
EPICIEZ,127.84932533733134
EBOUIEZ,103.63568215892055
EPINANT,76.65967016491754
ENJOUES,63.95577211394303
ENLEVES,61.36731634182909
ENSUQUE,113.51799100449774
ELIDEES,66.19415292353823
EFFRAIE,104.94827586206897
ERUCTAI,43.48575712143928
EBURNEE,60.04422788605697
ECUMONS,68.87931034482759
ENGEOLE,87.16491754122939
EXCEPTA,98.65742128935533
EPONGEZ,112.89055472263868
ECRIIEZ,85.74662668665667
ECOSSEE,82.44527736131934
ETIOLAI,75.38905547226386
EXCAVEZ,152.22113943028486
EMBLEME,207.7263868065967
ENGLOBE,105.32458770614693
ETIRIEZ,74.37331334332833
ENVINES,70.47901049475263
EXPRIMA,90.2031484257871
ENTACHE,60.61544227886057
ENSACHA,96.90029985007496
ENLACAS,53.94902548725637
ELIDANT,65.52548725637182
EMBUEES,86.07946026986507
ETHYLES,102.84482758620689
ENSACHE,60.9992503748126
ELAGUES,58.58620689655172
ESTIVAT,91.63343328335831
ENDIGUA,80.96326836581709
EXILANT,62.634182908545725
ESSENCE,87.7856071964018
ELONGER,62.77211394302849
ETAMAGE,102.26986506746627
ECOSSAI,83.69490254872564
EJECTEZ,154.77211394302847
ENNUYAS,92.56446776611695
ENFOUIS,70.1184407796102
ECLOSES,86.88530734632684
ECRETES,41.8935532233883
ELUVIAL,135.0832083958021
ETIOLAT,72.01649175412294
ENGAVES,68.38905547226386
EUDISTE,56.30884557721139
ELINGUA,65.81184407796101
EDUQUAS,206.191904047976
EPANNAI,103.87406296851574
ETHNIES,46.14992503748126
ECAILLE,72.91979010494752
EPIGYNE,102.63868065967017
EBATTES,88.09220389805097
EOLITHE,69.84182908545728
ETAGIEZ,76.8575712143928
ECLAIRE,39.94827586206897
ENVOLES,57.04347826086956
ECROUAT,43.13643178410795
ENGRAIS,43.29385307346327
ETOUPAS,50.39055472263868
EGUEULA,149.52023988005996
ENGOUAT,58.27061469265367
EMINCAI,77.63493253373314
EPIERRA,85.87481259370315
ENARQUE,53.07646176911544
ECRIVES,45.13568215892054
EXPLORE,88.58095952023989
EMECHES,103.96626686656671
EMANERA,78.53898050974513
ENVOYES,89.3688155922039
EVOQUAI,138.79535232383807
ELIMONS,60.67166416791604
EPLOYAI,110.73463268365818
EDITERA,67.27961019490255
EBRASEZ,86.22263868065967
EXSUDER,85.19340329835083
EPALAIT,87.51724137931035
ENVOYER,89.31709145427287
EMBATRA,116.22863568215892
ECOPENT,66.4512743628186
ETIOLAS,39.47526236881559
ENVOYAS,94.23163418290855
EVAPORA,119.19490254872564
EXALTER,55.02098950524738
EXPIRAS,59.766866566716644
EVEQUES,130.3425787106447
EBRUTEZ,85.19865067466267
ENGAGEA,137.79235382308846
ENCORNA,75.6056971514243
EMECHER,113.67091454272864
ELEGANT,82.0352323838081
ECRETAT,71.35382308845577
EDUQUAI,224.5974512743628
ENTOLAS,37.59895052473763
ENVIDEZ,111.71889055472263
EMOUDRE,79.7616191904048
ECAFFAS,178.7608695652174
ECLOPAS,66.11394302848576
EVASENT,64.64617691154423
ENLEVAT,67.64617691154423
EBATTIS,86.9647676161919
ENGAINE,78.10944527736132
ENCAGES,47.10944527736132
ENTAQUA,99.4640179910045
ECHELON,124.22938530734633
ETAMPAT,166.90404797601198
ETESIEN,41.48275862068966
EDENTER,61.39655172413793
EPAULAI,84.38680659670165
EMBUONS,103.50899550224888
EFFARER,194.33508245877061
ENGAVAI,112.4512743628186
ENLIIEZ,86.43628185907046
ECURERA,88.8928035982009
ETALEES,46.43628185907046
EMPENEZ,124.32008995502248
EPISSAT,80.21889055472263
ETRIQUE,56.865067466266865
ELEVAIS,80.97751124437781
ECROUER,76.77361319340329
EBLOUIR,99.97376311844079
EMANONS,76.34482758620689
ENCAVEE,69.38830584707647
EXPIERA,79.58245877061469
EXTERNA,58.44752623688156
EPATENT,93.90329835082458
EBOUAIT,77.39955022488756
EMPLOIS,94.90704647676162
EBARBAT,146.2511244377811
ECHIDNE,87.68290854572713
ESCHEES,137.21064467766118
EXCIPER,67.0014992503748
ETAYENT,130.17016491754123
ECORNES,33.680659670164914
EBATTIT,180.52848575712144
EXECRAT,69.42428785607197
ECLAIRA,65.96851574212893
ESPEREE,93.31259370314842
EVOLUER,72.31559220389805
EMPAREZ,96.28635682158921
EMPAUME,120.87106446776612
EMBRELA,96.82233883058471
ENLACEE,52.20614692653673
EGARERA,178.81859070464768
EBOULEZ,138.6536731634183
EPANNER,65.42353823088456
EVOLUEE,86.68290854572713
ETAGEAS,91.15742128935533
ECORNEZ,59.19115442278861
ENTUBEZ,76.17316341829086
EJECTER,88.83883058470765
ENGOUES,50.814092953523236
ENCULES,34.87256371814093
ENGOMMA,153.12443778110944
ENDUITS,53.873313343328334
EXCITES,52.87481259370315
ECRIAIS,59.96101949025487
EPIATES,40.664167916041976
ENVOLER,57.80809595202399
ESZETTS,184.5937031484258
EVENTES,57.91829085457271
EXCORIE,58.587706146926536
EGLEFIN,128.77736131934034
ETRECIE,39.99400299850075
EFFILEZ,198.10344827586206
ERAYAIT,95.92203898050974
ECHAULE,86.90254872563717
ECRASER,64.05622188905548
ESBIGNE,63.0952023988006
EXHIBEE,140.7968515742129
ESPACAI,78.71589205397301
ETONNAS,60.161169415292356
EGUEULE,166.31859070464768
ENJAMBE,114.39955022488756
ENDUREE,52.91904047976012
ECALURE,44.75712143928036
EXCAVER,89.15817091454272
ERAYAIS,87.07421289355322
EDITONS,68.06371814092954
ETHYNES,84.73313343328336
EMANAIT,66.62668665667167
ENVOYAT,102.34182908545728
EXAUCER,58.60119940029985
EMBALLA,277.8185907046477
ECROUEZ,72.12293853073463
EPAULES,48.574212893553224
ELEVEUR,103.7271364317841
EVAPORE,73.09220389805097
ESTOMAC,57.85082458770615
EROSIVE,57.1191904047976
ENDEMIE,73.53898050974513
ENFUMAT,65.55697151424287
ENNOYES,104.37331334332833
ESSUYEE,126.92578710644678
ETRIQUA,63.57721139430285
EXERGIE,97.02773613193403
ECLOPER,60.96026986506747
ESPERES,90.45427286356822
ETAYERA,121.20089955022489
EPONGES,63.416791604197904
ESSAYAI,171.76011994003
EXPIEES,76.71889055472263
ETALAGE,92.37331334332833
ERODIEZ,89.39355322338831
EMMENEE,179.73613193403298
ENONCEZ,113.06296851574213
EVITEES,58.58920539730135
EPOUSES,92.85907046476761
EXCITAT,99.92728635682158
EBARBEZ,153.0937031484258
ETOILAT,71.99400299850075
EGARENT,59.27211394302849
ECHEVIN,126.2368815592204
EPANDIS,63.25937031484258
ECUREES,42.545727136431786
ETATISE,58.305097451274364
ENROBAS,47.25712143928036
EPROUVA,91.40704647676162
ETALENT,84.59670164917542
ENTABLA,90.97451274362818
EVIDURE,79.2256371814093
ENJUIVA,95.64692653673164
EXTIRPE,60.74062968515742
ERUCTER,67.4287856071964
ELUVION,114.29910044977511
EPICIER,72.54497751124438
EVASION,64.75337331334333
EMANAIS,57.60119940029985
EMOTTAI,91.4400299850075
ENCAVAI,80.27961019490255
ETUDIAS,54.61244377811094
EMPIREE,59.97976011994003
ELEVAGE,144.4032983508246
ETOFFER,110.85457271364318
ETOFFAI,129.14092953523237
EPHORIE,71.64617691154423
EMPALAT,103.30584707646177
EMPENER,70.42728635682158
ENQUISE,55.26461769115442
ENROLAS,34.104947526236884
EGRAPPE,129.34407796101948
ELUDAIT,82.10044977511244
ENCODEE,69.54347826086956
EPARVIN,60.95652173913044
ECHERRA,151.49550224887557
EGALITE,55.330584707646175
EMBOITE,76.15667166416792
ELIXIRS,117.65367316341829
ECURAIT,40.46326836581709
ENLISES,51.08095952023988
ETIRENT,61.954272863568214
EXQUISE,106.49400299850075
ETABLES,56.126686656671666
ERGOTAS,50.72788605697151
ENDENTA,114.55322338830585
EFFANES,102.98650674662669
ENUCLEA,40.488755622188904
EMOTTES,77.83208395802099
ENSABLA,86.58770614692654
EMACIEE,54.41304347826087
EVIDANT,89.9640179910045
ECALENT,52.38380809595203
EXIGEAT,91.96926536731634
ESPADON,94.17691154422789
ENCRERA,71.48950524737631
EXCISEE,61.48575712143928
ECUYERE,93.83208395802099
ECIMANT,45.78710644677661
EPRENNE,86.09820089955022
ECHINER,52.365067466266865
EVADONS,89.85082458770614
EVITAGE,79.54272863568215
ELIMINA,82.08020989505248
ENFERRE,109.11244377811094
ECHINEE,65.25187406296851
ENFILEZ,86.13493253373314
EPEURAI,52.58695652173913
EFFORTS,139.98650674662667
EGALAIT,101.29010494752623
EQUARRI,117.49625187406296
ECROUIR,93.19415292353823
EXAWATT,330.4302848575712
EDICTER,50.489505247376314
ETABLIR,55.796851574212894
EBOSSER,100.46851574212893
EMECHAI,110.11394302848576
EXBIBIT,327.99700149925036
ENGRAVA,120.40329835082458
ENTREVU,61.839580209895054
EVASIFS,153.84182908545728
ENTENDE,118.13568215892055
EPICAIS,93.69715142428785
EVOLUEZ,130.3433283358321
EQUIPAT,83.9415292353823
EMBRUNS,72.39880059970015
EGERMAT,76.06746626686656
EXCIPEE,84.43703148425787
EPELLES,117.69265367316342
ESSAYAT,166.5937031484258
EFFROIS,132.6064467766117
EPIMERE,73.7256371814093
ECRIREZ,86.80134932533733
EMINCEE,48.76086956521739
ETABLAT,178.43478260869566
ENRAIES,25.255622188905548
ENROBAI,50.8448275862069
ENCAVES,49.21364317841079
EVALUER,61.330584707646175
EMPORTS,72.7968515742129
ENCARTA,51.49625187406297
ENFERMA,79.6184407796102
EGRENEZ,113.3103448275862
ELIDIEZ,168.3343328335832
ENTOLAI,42.715892053973015
ETABLER,56.43553223388306
EPOUTIE,49.026986506746624
ETETEES,124.07796101949026
ECRIRAI,99.76611694152923
ENSUITE,30.032983508245877
EPERDES,77.82008995502248
ERBIUMS,82.06371814092954
EFFILEE,134.43853073463268
EMPATEE,74.93553223388305
EPITRES,38.91454272863568
EGORGEZ,165.57271364317842
ECHAUME,95.51424287856072
EBOUEES,72.84332833583208
EVASONS,101.7728635682159
ESTRANS,55.1551724137931
EXPIONS,84.68065967016491
ERAYENT,71.56671664167916
EPANNEE,88.52098950524737
EMMURAI,83.27586206896552
EXONDAI,98.08170914542728
EGRISAS,75.37706146926537
EFFAREZ,178.6536731634183
EXHIBEZ,199.41304347826087
ESSAYEZ,184.90704647676162
ECREMER,108.69640179910046
ENFUMES,56.980509745127435
ECUMERA,65.87706146926537
EVOQUAT,125.66041979010495
EROSIFS,134.00524737631184
EXCEDEE,212.9025487256372
ERIGERA,109.82383808095952
ENCULER,36.425787106446776
EVASAIS,144.27661169415293
ENVASEE,58.24662668665667
ELUSSES,140.64767616191904
ENSTERA,40.14092953523238
EJECTES,85.25862068965517
EXCITAS,55.0712143928036
ENCOLLA,102.23913043478261
EBOUONS,155.37481259370315
EPILLET,90.01049475262369
EMERISA,51.19340329835082
EQUIDES,94.0119940029985
EPALAIS,82.64842578710645
EXCIPAS,75.23088455772114
EFFACAT,205.8568215892054
EMBATRE,68.43328335832084
ECUMANT,53.32833583208396
ESCRIME,41.89805097451274
ENVOUTE,66.5359820089955
EMPALAI,109.29460269865068
ETRIPEE,42.895052473763116
ENCEINT,71.97001499250375
EPLOREE,60.72788605697151
ERUCTAT,72.07421289355322
ENGLUES,46.95727136431784
ECLOPEZ,107.22113943028486
ETRIPAI,68.5472263868066
ETAMINE,37.05097451274363
ERODERA,134.4775112443778
ENFILAS,51.02923538230885
ETHERES,62.41304347826087
ENVOYEE,110.27586206896552
EXCEDAI,117.94377811094452
EBOUTAI,72.51049475262369
ETAGEES,61.80209895052474
ETERNEL,44.57496251874063
EXILEES,65.67466266866566
ENCLORA,52.326836581709145
EXCAVAS,137.32458770614693
EPANCHA,139.65817091454272
ECOULEZ,93.44677661169415
EPERDIT,81.12518740629685
ELUDANT,76.81634182908546
ELEGIRA,76.17241379310344
EMMOTTA,182.4175412293853
ESSIEUX,124.48650674662669
EXPLOIT,111.55772113943029
EPILAIS,103.46851574212893
EROMENE,58.664167916041976
ERAYONS,62.91304347826087
ENNUYEZ,157.6551724137931
EGRISEE,50.36206896551724
ETALANT,113.65967016491754
ENTRAIS,28.620689655172413
EXCUSER,60.20089955022489
ECOTYPE,99.51799100449774
EMPOTEE,69.46176911544228
ENNOYAS,109.82083958020989
ECLATES,41.11994002998501
EPIEREZ,83.87931034482759
EDITEES,60.827586206896555
ECIMERA,55.416791604197904
EGOSOME,145.6536731634183
ETAGERA,104.20089955022489
ETIOLEE,41.74887556221889
ECLATAT,123.31409295352324
ESSAYER,105.31109445277362
ENGONCE,117.76761619190405
EXPRIME,80.74887556221888
ENRENER,115.62968515742129
ESCHONS,169.54422788605697
EBOURRA,147.67091454272864
EMONDAI,77.00599700149925
ENJOUAS,68.77136431784108
EPARGNE,57.429535232383806
ETONNEZ,101.02773613193403
ERAFLAT,105.06221889055472
ENLIGNE,90.28860569715143
ECORANT,41.68215892053973
ECHELEZ,171.10044977511245
ELIMEES,53.344077961019494
EMBOSSE,146.02698650674662
ENTRAVE,45.839580209895054
EVASIVE,94.49550224887557
EMPOTEZ,96.60644677661169
EPEULEE,115.67391304347827
EMACIAI,125.64017991004498
ENCAVAS,72.3095952023988
ENFUMAS,60.27211394302849
EMIEREZ,82.18815592203899
EMIGREE,69.00824587706147
EMPILEZ,102.54947526236882
ELEVENT,93.57271364317842
ENIVRAI,69.37181409295353
ENIVREE,45.82008995502249
ECORNAI,38.026986506746624
EVERTUE,70.71139430284857
EMPIETE,73.07796101949026
EDENTAI,68.50974512743628
EBLOUIT,99.04647676161919
ECOCIDE,123.27061469265367
EGOINER,46.72713643178411
ENCLOUA,63.3095952023988
ESSUYAS,225.8095952023988
ECORNER,63.874062968515744
ENCADRA,84.84932533733134
EMARGEZ,104.3913043478261
ENCULAS,37.09445277361319
EGORGEE,124.58995502248875
EXCISEZ,92.13943028485757
EMPENAI,69.9047976011994
EPURERA,99.52998500749625
EPHEBES,128.64467766116942
ENDOSSE,96.45577211394303
EPURIEZ,63.44902548725637
ETRIERS,58.08620689655172
ENVOYAI,100.90779610194903
EPELONS,66.40104947526237
EQUERRE,155.91379310344828
EXCEPTE,106.74887556221888
EXSUDAT,91.73013493253373
ETOUPES,49.46626686656672
ECOSSES,141.26911544227886
ENVIDAT,72.85907046476761
EXPIAIT,136.48650674662667
EMBARRA,207.53148425787106
EUSSENT,82.20914542728636
EBENIER,54.52023988005997
ESSOREZ,104.904047976012
ECHAMPI,126.34707646176912
EPEURER,99.78335832083958
ECROULA,67.27811094452774
ENNEMIS,74.20839580209895
ECRIERA,71.52698650674662
ENCIREZ,42.8328335832084
ECRETER,78.16791604197901
ENJUIVE,86.61394302848576
ECRASES,62.26611694152923
EMBASES,123.54197901049476
EMPLIES,61.41004497751124
ETERNUE,43.75112443778111
EBARBAS,128.1769115442279
EMAILLE,83.29085457271364
EMISSES,130.59895052473763
ENVIANT,91.61019490254873
EXACTES,55.70539730134932
ENLEVAI,69.1431784107946
ENTERAL,40.03373313343328
ECARTER,58.84032983508246
EMMERDA,162.51499250374812
ENDIGUE,72.7503748125937
ECARTEE,42.10119940029985
ENFONCE,135.01274362818592
ESPACES,87.71964017991004
ENCODAT,63.805097451274364
EXCUSEE,72.5359820089955
EBRASAS,125.93928035982009
EGERMEE,153.37556221889056
EMOTIVE,68.47301349325338
ECULEES,52.069715142428784
EXERCAS,63.161169415292356
ENFLAIS,61.61019490254873
EMOTIFS,89.86581709145428
ENNOIES,53.793103448275865
ETAMURE,42.26461769115442
EGOUTTA,118.54797601199401
ETAGERE,69.68065967016491
ELEVEES,126.68215892053973
EMPUSES,103.71139430284857
ELUIONS,53.22263868065967
ENFLENT,137.8230884557721
ENIELLA,75.20914542728636
EXECRAI,71.55172413793103
EXPURGE,103.25862068965517
ENTAMAI,60.481259370314845
EXIGEAI,161.5112443778111
EROSION,94.20464767616193
EXSUDEZ,153.62143928035982
ETOFFAS,116.06071964017991
EMPLOYA,163.01799100449776
